-- ============================================================================
-- 文件作用：PostgreSQL 数据库初始化脚本
-- 包含：创建策略表、产品表、话术库表、执行计划表，插入初始产品数据和策略数据，所有字段均有中文注释
-- 产品表依据通信行业真实分类设计：个人套餐、语音包、语音超套、流量包、流量超套、
-- 短彩信、数字化权益（含移动云盘、咪咕系列等）、家庭宽带、移动高清、装修机、
-- 智能组网、安防、其他硬件、集团业务
-- ============================================================================
-- ============================================================================
-- PostgreSQL 数据库初始化脚本
-- 作用：删除并重建策略表、产品表、话术库表、执行计划表
-- 所有字段均有中文注释
-- ============================================================================
-- 第一步：删除现有表（按外键依赖倒序删除）
-- ============================================================================

DROP TABLE IF EXISTS scripts CASCADE;
DROP TABLE IF EXISTS execution_plans CASCADE;
DROP TABLE IF EXISTS strategies CASCADE;
DROP TABLE IF EXISTS products CASCADE;

-- ============================================================================
-- 第二步：创建产品表（基础表，无外键依赖）
-- ============================================================================

CREATE TABLE products (
    id VARCHAR(50) PRIMARY KEY,                     -- 产品ID
    name VARCHAR(500),                              -- 产品名称
    category VARCHAR(200),                          -- 一级分类：个人套餐/语音包/流量包/数字化权益/家庭宽带/硬件/集团业务等
    sub_category VARCHAR(200),                      -- 二级分类：如咪咕视频、移动云盘、智能组网等
    price VARCHAR(50),                              -- 售价（元）
    original_price VARCHAR(50),                     -- 原价（元）
    discount_supported VARCHAR(10) DEFAULT 'TRUE',  -- 是否支持优惠
    description TEXT,                               -- 产品描述
    target_user_type VARCHAR(200),                  -- 目标用户类型：高流量/低流量/新用户/老用户/家庭/企业
    package_size VARCHAR(200),                      -- 套餐包大小（如：5GB、100分钟、200条）
    valid_period VARCHAR(200),                      -- 有效期（如：当月有效、7天、长期）
    applicable_scope VARCHAR(500),                  -- 适用范围（如：全国、省内、定向APP）
    is_active VARCHAR(10) DEFAULT 'TRUE',           -- 是否上架
    created_at TIMESTAMPTZ DEFAULT NOW()            -- 创建时间
);

-- ============================================================================
-- 第三步：创建策略表（依赖products表的product_ids字段）
-- ============================================================================

CREATE TABLE strategies (
    id VARCHAR(50) PRIMARY KEY,                     -- 策略ID
    name VARCHAR(500),                              -- 策略名称
    category VARCHAR(200),                          -- 策略类别：挽留/交叉销售/升级/激活
    description TEXT,                               -- 策略详细描述
    product_ids VARCHAR(500),                       -- 关联的产品ID列表，逗号分隔
    conditions TEXT,                                -- 适用条件（如 ARPU>100）
    channel_preference VARCHAR(200),                -- 推荐渠道（短信/APP推送/邮件等）
    discount_ratio VARCHAR(50),                     -- 优惠折扣比例（0~1）
    avg_conversion_rate VARCHAR(50) DEFAULT '0',    -- 历史平均转化率（0~1）
    avg_roi VARCHAR(50) DEFAULT '0',                -- 历史平均ROI（投资回报率）
    avg_click_rate VARCHAR(50) DEFAULT '0',         -- 历史平均点击率/接通率（0~1）
    sample_count VARCHAR(50) DEFAULT '0',           -- 样本数量（用于统计置信度）
    is_active VARCHAR(10) DEFAULT 'TRUE',           -- 是否启用
    created_at TIMESTAMPTZ DEFAULT NOW(),           -- 创建时间
    updated_at TIMESTAMPTZ                          -- 更新时间
);

-- ============================================================================
-- 第四步：创建执行计划表（依赖strategies表）
-- ============================================================================

CREATE TABLE execution_plans (
    id VARCHAR(50) PRIMARY KEY,                     -- 计划ID
    strategy_id VARCHAR(50),                        -- 关联策略ID
    audience_segment VARCHAR(500),                  -- 客群分群描述
    channel VARCHAR(200),                           -- 推荐渠道（APP/短信/外呼等）
    wave_count VARCHAR(50) DEFAULT '1',             -- 波次数量
    wave_interval_hours VARCHAR(50),                -- 波次间隔（小时）
    send_time_preference VARCHAR(200),              -- 时刻偏好（如：晚间、上午、个性化）
    actual_conversion_rate VARCHAR(50),             -- 实际转化率
    actual_roi VARCHAR(50),                         -- 实际ROI
    usage_count VARCHAR(50) DEFAULT '0',            -- 使用次数
    created_at TIMESTAMPTZ DEFAULT NOW()            -- 创建时间
);

-- ============================================================================
-- 第五步：创建话术库表（依赖products和strategies表）
-- ============================================================================

CREATE TABLE scripts (
    id VARCHAR(50) PRIMARY KEY,                     -- 话术ID
    content TEXT NOT NULL,                          -- 话术内容
    scenario VARCHAR(500),                          -- 适用场景（如流量超套挽留）
    product_id VARCHAR(50),                         -- 关联产品ID
    strategy_id VARCHAR(50),                        -- 关联策略ID
    user_segment VARCHAR(200),                      -- 适用用户分群
    channel VARCHAR(200),                           -- 推荐渠道
    compliance_status VARCHAR(50) DEFAULT 'approved', -- 合规状态
    usage_count VARCHAR(50) DEFAULT '0',            -- 使用次数
    avg_ctr VARCHAR(50) DEFAULT '0',                -- 历史平均点击率
    created_at TIMESTAMPTZ DEFAULT NOW(),           -- 创建时间
    updated_at TIMESTAMPTZ                          -- 更新时间
);

-- ============================================================================
-- 第六步：插入产品数据（依据通信行业真实分类）
-- ============================================================================

-- 个人套餐
INSERT INTO products (id, name, category, sub_category, price, original_price, discount_supported, description, target_user_type, package_size, valid_period, applicable_scope, is_active, created_at) VALUES
('1', '畅享套餐88元', '个人套餐', '主流套餐', '88.0', '108.0', 'TRUE', '包含20GB流量+500分钟通话', '中流量用户', '20GB+500分钟', '长期', '全国', 'TRUE', NOW()),
('2', '畅享套餐128元', '个人套餐', '主流套餐', '128.0', '158.0', 'TRUE', '包含40GB流量+800分钟通话', '高流量用户', '40GB+800分钟', '长期', '全国', 'TRUE', NOW()),
('3', '畅享套餐188元', '个人套餐', '主流套餐', '188.0', '228.0', 'TRUE', '包含60GB流量+1200分钟通话', '高流量用户', '60GB+1200分钟', '长期', '全国', 'TRUE', NOW()),
('4', '青春卡38元', '个人套餐', '青春套餐', '38.0', '58.0', 'TRUE', '包含10GB流量+200分钟通话', '学生/年轻用户', '10GB+200分钟', '长期', '全国', 'TRUE', NOW()),
('5', '银发卡58元', '个人套餐', '银发套餐', '58.0', '78.0', 'TRUE', '包含15GB流量+300分钟通话+防诈骗服务', '老年用户', '15GB+300分钟', '长期', '全国', 'TRUE', NOW())  ON CONFLICT DO NOTHING;

-- 语音包
INSERT INTO products (id, name, category, sub_category, price, original_price, discount_supported, description, target_user_type, package_size, valid_period, applicable_scope, is_active, created_at) VALUES
('6', '50分钟语音包', '语音包', '基础语音包', '5.0', '10.0', 'TRUE', '额外50分钟国内通话', '低语音用户', '50分钟', '当月有效', '全国', 'TRUE', NOW()),
('7', '100分钟语音包', '语音包', '标准语音包', '10.0', '15.0', 'TRUE', '额外100分钟国内通话', '中语音用户', '100分钟', '当月有效', '全国', 'TRUE', NOW()),
('8', '300分钟语音包', '语音包', '大语音包', '20.0', '30.0', 'TRUE', '额外300分钟国内通话', '高语音用户', '300分钟', '当月有效', '全国', 'TRUE', NOW()),
('9', '500分钟语音包', '语音包', '超大语音包', '30.0', '45.0', 'TRUE', '额外500分钟国内通话', '高语音用户', '500分钟', '当月有效', '全国', 'TRUE', NOW()),
('10', '1000分钟语音包', '语音包', '极致语音包', '50.0', '70.0', 'TRUE', '额外1000分钟国内通话', '超高语音用户', '1000分钟', '当月有效', '全国', 'TRUE', NOW())  ON CONFLICT DO NOTHING;

-- 流量包
INSERT INTO products (id, name, category, sub_category, price, original_price, discount_supported, description, target_user_type, package_size, valid_period, applicable_scope, is_active, created_at) VALUES
('11', '1GB流量日包', '流量包', '日包', '3.0', '5.0', 'TRUE', '1GB国内流量，24小时有效', '临时流量需求', '1GB', '24小时', '全国', 'TRUE', NOW()),
('12', '3GB流量日包', '流量包', '日包', '8.0', '12.0', 'TRUE', '3GB国内流量，24小时有效', '临时流量需求', '3GB', '24小时', '全国', 'TRUE', NOW()),
('13', '5GB流量周包', '流量包', '周包', '15.0', '20.0', 'TRUE', '5GB国内流量，7天有效', '短期流量需求', '5GB', '7天', '全国', 'TRUE', NOW()),
('14', '10GB流量月包', '流量包', '月包', '25.0', '35.0', 'TRUE', '10GB国内流量，30天有效', '中流量用户', '10GB', '30天', '全国', 'TRUE', NOW()),
('15', '20GB流量月包', '流量包', '月包', '40.0', '55.0', 'TRUE', '20GB国内流量，30天有效', '高流量用户', '20GB', '30天', '全国', 'TRUE', NOW()),
('16', '30GB流量月包', '流量包', '月包', '55.0', '75.0', 'TRUE', '30GB国内流量，30天有效', '高流量用户', '30GB', '30天', '全国', 'TRUE', NOW()),
('17', '50GB流量月包', '流量包', '月包', '80.0', '110.0', 'TRUE', '50GB国内流量，30天有效', '超高流量用户', '50GB', '30天', '全国', 'TRUE', NOW()),
('18', '100GB流量月包', '流量包', '月包', '120.0', '160.0', 'TRUE', '100GB国内流量，30天有效', '极致流量用户', '100GB', '30天', '全国', 'TRUE', NOW()),
('19', '视频定向流量包10GB', '流量包', '定向流量包', '15.0', '20.0', 'TRUE', '10GB定向流量，支持主流视频APP', '视频爱好者', '10GB', '30天', '定向APP', 'TRUE', NOW()),
('20', '游戏定向流量包10GB', '流量包', '定向流量包', '15.0', '20.0', 'TRUE', '10GB定向流量，支持主流游戏', '游戏玩家', '10GB', '30天', '定向APP', 'TRUE', NOW())  ON CONFLICT DO NOTHING;

-- 语音超套
INSERT INTO products (id, name, category, sub_category, price, original_price, discount_supported, description, target_user_type, package_size, valid_period, applicable_scope, is_active, created_at) VALUES
('21', '语音超套1元/分钟', '语音超套', '按分钟计费', '0.0', '0.0', 'FALSE', '超出套餐后按1元/分钟计费', '所有用户', '按分钟', '长期', '全国', 'TRUE', NOW()),
('22', '语音超套包50分钟', '语音超套', '超套包', '10.0', '15.0', 'TRUE', '超套后购买50分钟优惠包', '超套用户', '50分钟', '当月有效', '全国', 'TRUE', NOW()),
('23', '语音超套包100分钟', '语音超套', '超套包', '18.0', '25.0', 'TRUE', '超套后购买100分钟优惠包', '超套用户', '100分钟', '当月有效', '全国', 'TRUE', NOW())  ON CONFLICT DO NOTHING;

-- 流量超套
INSERT INTO products (id, name, category, sub_category, price, original_price, discount_supported, description, target_user_type, package_size, valid_period, applicable_scope, is_active, created_at) VALUES
('24', '流量超套0.29元/MB', '流量超套', '按流量计费', '0.0', '0.0', 'FALSE', '超出套餐后按0.29元/MB计费', '所有用户', '按MB', '长期', '全国', 'TRUE', NOW()),
('25', '流量超套日租包3元/GB', '流量超套', '日租包', '3.0', '5.0', 'TRUE', '超套后按3元/GB日租', '超套用户', '1GB/天', '24小时', '全国', 'TRUE', NOW()),
('26', '流量超套包5GB', '流量超套', '超套包', '15.0', '20.0', 'TRUE', '超套后购买5GB优惠包', '超套用户', '5GB', '当月有效', '全国', 'TRUE', NOW()),
('27', '流量超套包10GB', '流量超套', '超套包', '25.0', '35.0', 'TRUE', '超套后购买10GB优惠包', '超套用户', '10GB', '当月有效', '全国', 'TRUE', NOW())  ON CONFLICT DO NOTHING;

-- 短彩信
INSERT INTO products (id, name, category, sub_category, price, original_price, discount_supported, description, target_user_type, package_size, valid_period, applicable_scope, is_active, created_at) VALUES
('28', '100条短信包', '短彩信', '短信包', '5.0', '8.0', 'TRUE', '100条国内短信', '短信用户', '100条', '当月有效', '全国', 'TRUE', NOW()),
('29', '300条短信包', '短彩信', '短信包', '12.0', '18.0', 'TRUE', '300条国内短信', '短信用户', '300条', '当月有效', '全国', 'TRUE', NOW()),
('30', '500条短信包', '短彩信', '短信包', '18.0', '25.0', 'TRUE', '500条国内短信', '高频短信用户', '500条', '当月有效', '全国', 'TRUE', NOW()),
('31', '100条彩信包', '短彩信', '彩信包', '10.0', '15.0', 'TRUE', '100条国内彩信', '彩信用户', '100条', '当月有效', '全国', 'TRUE', NOW())  ON CONFLICT DO NOTHING;

-- ============================================================================
-- 第七步：插入策略数据
-- ============================================================================


-- ========== 插入真实通信行业产品数据 ==========
-- 1. 个人套餐（C+N 融合套餐）
-- 基于真实产品ID修正的通信行业运营策略
INSERT INTO strategies (id,name, category, description, product_ids, conditions, channel_preference, discount_ratio, avg_conversion_rate, avg_roi, avg_click_rate, sample_count, is_active) VALUES
('901001', '6个月轻合约流量包','电信小合约', '推出6个月轻合约流量包，月费21元享5GB国内通用流量', '600000342953', '流量需求用户', '短信', '0.3', '0.38', '2.4', '0.58', '25000', 'TRUE'),
('901002', '3个月消费券合约', '电信小合约', '3个月预存120元享120元消费券合约', '600000395204', '新用户或活跃用户', '短信', '0.33', '0.42', '2.6', '0.62', '20000', 'TRUE'),
('901003', '12个月消费券合约', '电信小合约', '12个月预存120元享120元消费券合约', '600000395189', '稳定用户', '短信', '0.08', '0.35', '2.3', '0.55', '22000', 'TRUE'),
('901004', '咪咕视频6个月合约', '电信小合约', '咪咕视频黄金会员6个月优享活动', '600000322190', '视频用户', 'APP推送', '0.5', '0.45', '2.8', '0.65', '18000', 'TRUE'),
('901005', '校园随心选36个月', '电信小合约', '校园随心选校园优惠活动36个月', '600000365260', '学生用户', '校园渠道', '0.34', '0.5', '3.0', '0.7', '16000', 'TRUE'),
('901006', '任我选生活版12个月', '电信小合约', '任我选生活版活动12个月', '600000328976', '生活服务需求用户', 'APP推送', '0.33', '0.38', '2.5', '0.58', '20000', 'TRUE'),
('901007', '短剧精品年包', '电信小合约', '短剧精品年包12个月', '600000407284', '娱乐用户', 'APP推送', '0', '0.42', '2.6', '0.62', '15000', 'TRUE'),
('901008', '校园黄金会员48个月', '电信小合约', '秋季开学校园黄金会员升级版48个月', '600000403724', '学生用户', '校园渠道', '1', '0.48', '3.2', '0.72', '14000', 'TRUE'),
('901009', '校园彩铃2元包', '电信小合约', '校园彩铃包月2元优惠购活动', '600000325849', '学生用户', '校园渠道', '0.67', '0.4', '2.7', '0.6', '12000', 'TRUE'),
('901010', '随心看趣领Pro年包', '电信小合约', '随心看趣领Pro流量翻倍活动12个月', '600000354037', '视频用户', 'APP推送', '0', '0.45', '2.8', '0.65', '18000', 'TRUE'),
('901011', '爱家光网千兆返费', '千兆宽带', '爱家光网40元月包返费活动599档位', '600000404656', '高端家庭用户', '营业厅', '0.4', '0.35', '3.2', '0.55', '12000', 'TRUE'),
('901012', 'FTTR千兆光网趸交', '千兆宽带', '大连拉新爱家光网趸交999元FTTR套餐', '600000400261', '新装宽带用户', '营业厅', '0.1', '0.32', '3.0', '0.5', '10000', 'TRUE'),
('901013', '爱家娱乐音箱提速', '千兆宽带', '爱家娱乐音箱福袋24.9元含500M宽带提速', '600000381662', '娱乐需求用户', '营业厅', '0.2', '0.38', '2.8', '0.58', '14000', 'TRUE'),
('901014', '云电脑基础版', '千兆宽带', '2024云电脑活动基础版10元/月', '600000409903', '办公用户', 'APP推送', '0', '0.35', '2.6', '0.55', '12000', 'TRUE'),
('901015', '300M月包融合', '千兆宽带', '300M月包融合活动25元/月', '600000381534', '中端家庭用户', '电话', '0', '0.32', '2.5', '0.5', '16000', 'TRUE'),
('901016', '300M企带专属', '千兆宽带', '300M企带套餐专属合约活动', '600000351020', '企业用户', '电话', '1', '0.4', '2.8', '0.6', '8000', 'TRUE'),
('901017', '流量补充包120GB', '千兆宽带', '流量补充包120GB辽宁流量36个月', '600000403055', '高流量需求用户', '短信', '1', '0.42', '2.9', '0.62', '15000', 'TRUE'),
('901018', '承诺消费70元享40G', '千兆宽带', '承诺消费70元享40G辽宁流量24个月', '600000411940', '中高价值用户', '短信', '0.43', '0.38', '2.7', '0.58', '18000', 'TRUE'),
('901019', '承诺消费43元享5GB', '千兆宽带', '承诺消费43元享5GB国内套外通用流量', '600000355154', '基础流量需求用户', '短信', '0.53', '0.35', '2.4', '0.55', '20000', 'TRUE'),
('901020', '鞍山50GB分区流量', '千兆宽带', '鞍山50GB分区流量优惠活动存量用户', '600000365275', '鞍山地区用户', '短信', '1', '0.45', '2.6', '0.65', '12000', 'TRUE'),
('901021', '30元5GB流量月包', '流量包办理', '流量月包30元5GB7折6个月轻合约', '600000342953', '流量不足用户', 'APP推送', '0.3', '0.48', '2.5', '0.68', '22000', 'TRUE'),
('901022', '30元50G流量畅用包', '流量包办理', '30元50G流量畅用包前两月免返费', '600000398270', '高流量需求用户', '短信', '1', '0.42', '2.6', '0.62', '18000', 'TRUE'),
('901023', '40元流量优享包', '流量包办理', '40元流量优享包20元优惠关怀活动', '600000359982', '关怀目标用户', '短信', '0.5', '0.38', '2.4', '0.58', '20000', 'TRUE'),
('901024', '大连乐享流量年包', '流量包办理', '约惠滨城乐享流量240元年包', '600000407536', '大连地区用户', '短信', '0.17', '0.45', '2.8', '0.65', '15000', 'TRUE'),
('901025', '大连客户回馈流量', '流量包办理', '大连客户回馈5G国内流量3个月', '600000350848', '大连存量用户', '短信', '1', '0.5', '2.3', '0.7', '12000', 'TRUE'),
('901026', '10GB流量关怀', '流量包办理', '10GB流量关怀活动3个月', '600000397196', '低活跃用户', '短信', '1', '0.48', '2.2', '0.68', '18000', 'TRUE'),
('901027', '鞍山流量特惠购', '流量包办理', '鞍山2024流量特惠购趸交四折活动', '600000392977', '鞍山地区用户', '短信', '0.6', '0.42', '2.7', '0.62', '14000', 'TRUE'),
('901028', '承诺享40GB辽宁流量', '流量包办理', '承诺消费享40GB辽宁特惠流量年包', '600000398541', '辽宁地区用户', '短信', '0.17', '0.4', '2.5', '0.6', '16000', 'TRUE'),
('901029', '咪咕视频定向流量', '流量包办理', '咪咕视频黄金会员含30GB定向流量', '600000322190', '视频用户', 'APP推送', '0', '0.45', '2.6', '0.65', '20000', 'TRUE'),
('901030', '月末流量包', '流量包办理', '咪咕视频融合月末包含10GB通用流量', '600000322823', '月末流量不足用户', 'APP推送', '0', '0.42', '2.5', '0.62', '18000', 'TRUE'),
('901031', '全家享套餐特惠购', '单C升融', '全家享套餐特惠购当月享5折优惠', '600000328955', '单手机用户', '电话', '0.5', '0.48', '3.2', '0.68', '16000', 'TRUE'),
('901032', '全家享合约239档位', '单C升融', '全家享合约239档位2024版', '600000377946', '中高端用户', '电话', '0.29', '0.45', '3.0', '0.65', '14000', 'TRUE'),
('901033', '全家享合约599档位', '单C升融', '全家享合约599档位2024版', '600000377952', '高端用户', '电话', '0.3', '0.42', '3.3', '0.62', '12000', 'TRUE'),
('901034', '全家享优惠购plus', '单C升融', '全家享优惠购plus版升级159减40', '600000396655', '159档位用户', '电话', '0.25', '0.48', '3.1', '0.68', '15000', 'TRUE'),
('901035', '全家享优惠购升级', '单C升融', '全家享优惠购升级159减20接续', '600000379063', '159档位用户', '电话', '0.13', '0.45', '2.9', '0.65', '16000', 'TRUE'),
('901036', '159元全家享优惠', '单C升融', '159元档位全家享套餐优惠活动二', '600000362671', '单手机用户', '电话', '0.2', '0.42', '2.8', '0.62', '18000', 'TRUE'),
('901037', '129元全家享充值', '单C升融', '129元档位全家享套餐优惠活动充值30元', '600000364990', '单手机用户', '电话', '0', '0.4', '2.7', '0.6', '20000', 'TRUE'),
('901038', '5G全家享129优惠', '单C升融', '5G全家享套餐129优惠40元', '600000304541', '5G用户', '短信', '0.31', '0.45', '2.9', '0.65', '18000', 'TRUE'),
('901039', '法院59元套餐', '单C升融', '法院59元套餐活动含全家享资源', '600000414854', '特定行业用户', '电话', '0.54', '0.5', '3.0', '0.7', '8000', 'TRUE'),
('901040', '旺铺套餐299档位', '单C升融', '旺铺套餐合约299档位回馈', '600000376827', '企业用户', '电话', '0.33', '0.42', '3.1', '0.62', '10000', 'TRUE'),
('901041', '全家享599档位保有', '高价值客户保有', '全家享合约599档位2024版高价值客户专享', '600000377952', 'ARPU>500', '电话', '0.3', '0.52', '3.5', '0.72', '8000', 'TRUE'),
('901042', '旺铺499档位保有', '高价值客户保有', '旺铺套餐合约499档位回馈高价值客户', '600000376824', '企业高价值客户', '电话', '0.24', '0.48', '3.3', '0.68', '6000', 'TRUE'),
('901043', '优惠购机4000元档', '高价值客户保有', '优惠购机套餐购机直降4000元36个月', '600000416115', '高端用户', '营业厅', '1', '0.45', '3.6', '0.65', '5000', 'TRUE'),
('901044', '优惠购机4000元云存', '高价值客户保有', '优惠购机套餐购机直降4000元2000元云存', '600000415579', '高端用户', '营业厅', '0.5', '0.42', '3.4', '0.62', '6000', 'TRUE'),
('901045', '优惠购机1500元档', '高价值客户保有', '优惠购机套餐购机直降1500元36个月', '600000416131', '中高端用户', '营业厅', '1', '0.48', '3.2', '0.68', '8000', 'TRUE'),
('901046', '159元享1400元和包券', '高价值客户保有', '159元享1400元和包券活动36个月', '600000409380', '高价值用户', '短信', '0.88', '0.5', '3.3', '0.7', '10000', 'TRUE'),
('901047', '119元享800元和包券', '高价值客户保有', '119元档位享800元和包券预存800元', '600000408114', '中高价值用户', '短信', '0.67', '0.45', '3.0', '0.65', '12000', 'TRUE'),
('901048', '129元购泛终端直降', '高价值客户保有', '129元档位购泛终端直降800元预存800元', '600000406946', '中高价值用户', '短信', '0.62', '0.42', '2.9', '0.62', '14000', 'TRUE'),
('901049', '99元享600元和包券', '高价值客户保有', '99元档位享600元和包券预存300元', '600000408159', '中端用户', '短信', '0.61', '0.4', '2.8', '0.6', '16000', 'TRUE'),
('901050', '69元购泛终端直降', '高价值客户保有', '69元档位购泛终端直降600元预存300元', '600000406860', '基础用户', '短信', '0.87', '0.38', '2.6', '0.58', '18000', 'TRUE'),
('901051', '校园随心选36个月', '学生客户运营', '随心选校园优惠活动36个月9.9元/月', '600000365260', '在校学生', '校园渠道', '0.34', '0.55', '3.2', '0.75', '15000', 'TRUE'),
('901052', '校园权益包plus版', '学生客户运营', '校园权益包plus版活动30元/月', '600000358074', '在校学生', '校园渠道', '0', '0.52', '3.0', '0.72', '12000', 'TRUE'),
('901053', '校园黄金会员48个月', '学生客户运营', '秋季开学校园黄金会员升级版48个月', '600000403724', '新生', '校园渠道', '1', '0.58', '3.4', '0.78', '10000', 'TRUE'),
('901054', '校园彩铃2元包', '学生客户运营', '校园彩铃包月2元优惠购活动', '600000325849', '在校学生', '校园渠道', '0.67', '0.5', '2.8', '0.7', '14000', 'TRUE'),
('901055', '校园迎新预存活动', '学生客户运营', '2022年校园迎新预存50元享240元话费', '600000324519', '新生', '校园渠道', '0.79', '0.55', '3.1', '0.75', '12000', 'TRUE'),
('901056', '79元套餐预存优惠', '学生客户运营', '79元套餐预存优惠36个月预存1600元', '600000365424', '高消费学生', '校园渠道', '1', '0.48', '3.0', '0.68', '8000', 'TRUE'),
('901057', '39元档位预存优惠', '学生客户运营', '39元档位预存优惠24个月预存550元', '600000373815', '基础消费学生', '校园渠道', '1', '0.45', '2.7', '0.65', '10000', 'TRUE'),
('901058', '任我选生活版', '学生客户运营', '任我选生活版活动15元/月含生活权益', '600000328976', '在校学生', 'APP推送', '0.33', '0.48', '2.8', '0.68', '16000', 'TRUE'),
('901059', '短剧精品年包', '学生客户运营', '短剧精品年包10元/月含多种娱乐权益', '600000407284', '娱乐需求学生', 'APP推送', '0', '0.52', '2.9', '0.72', '14000', 'TRUE'),
('901060', '随心看趣领Pro', '学生客户运营', '随心看趣领Pro流量翻倍活动29.9元/月', '600000354037', '视频需求学生', 'APP推送', '0', '0.55', '3.1', '0.75', '12000', 'TRUE'),
('901061', '燃气泄漏探测服务', '银发客户运营', '燃气泄漏探测服务优惠活动10元/月', '600000319289', '老年家庭用户', '线下', '0', '0.45', '2.6', '0.65', '10000', 'TRUE'),
('901062', '休闲娱乐福袋', '银发客户运营', '休闲娱乐福袋7元月包含健康养老服务', '600000404613', '老年用户', '线下', '0.29', '0.42', '2.5', '0.62', '12000', 'TRUE'),
('901063', '移动爱家美食烹饪', '银发客户运营', '移动爱家美食烹饪福袋标准版860档', '600000417336', '高端老年用户', '营业厅', '0.3', '0.38', '2.8', '0.58', '8000', 'TRUE'),
('901064', '移动爱家家用电器', '银发客户运营', '移动爱家家用电器福袋优惠版600档', '600000414772', '中端老年用户', '营业厅', '0.3', '0.4', '2.7', '0.6', '10000', 'TRUE'),
('901065', '移动爱家居家办公', '银发客户运营', '移动爱家居家办公福袋标准版240档', '600000417344', '基础老年用户', '营业厅', '0.25', '0.38', '2.5', '0.58', '12000', 'TRUE'),
('901066', '健康养老服务包', '银发客户运营', '健康讲堂基础版、健康档案、健康管理计划', '600000417336,600000414772,600000417344', '老年用户', '线下', '0', '0.42', '2.6', '0.62', '15000', 'TRUE'),
('901067', '守护宝服务', '银发客户运营', '超级SIM守护宝服务含位置安全守护', '600000404613', '老年用户家属', '线下', '0', '0.4', '2.4', '0.6', '12000', 'TRUE'),
('901068', '咪咕视频钻石会员', '银发客户运营', '咪咕视频钻石会员适合老年用户观看', '600000417336,600000414772,600000417344', '老年视频用户', '线下', '0', '0.38', '2.5', '0.58', '14000', 'TRUE'),
('901069', '云电脑服务', '银发客户运营', '云电脑基础版服务适合老年用户远程办公', '600000417336,600000414772,600000417344', '科技接受度高老年用户', '线下', '0', '0.35', '2.4', '0.55', '10000', 'TRUE'),
('901070', '话费福利活动', '银发客户运营', '乡友专属0.01元话费福利', '600000385615', '农村老年用户', '短信', '1', '0.5', '2.2', '0.7', '16000', 'TRUE'),
('901071', '爱家光网千兆返费', '全屋宽带', '爱家光网40元月包返费活动599档位含FTTR', '600000404656', '大户型高端用户', '营业厅', '0.4', '0.45', '3.4', '0.65', '8000', 'TRUE'),
('901072', 'FTTR千兆光网趸交', '全屋宽带', '大连拉新爱家光网趸交999元FTTR一主一从', '600000400261', '新装大户型用户', '营业厅', '0.1', '0.42', '3.2', '0.62', '6000', 'TRUE'),
('901073', '爱家娱乐音箱提速', '全屋宽带', '爱家娱乐音箱福袋24.9元含500M宽带提速', '600000381662', '娱乐需求家庭', '营业厅', '0.2', '0.4', '2.9', '0.6', '10000', 'TRUE'),
('901074', '300M月包融合', '全屋宽带', '300M月包融合活动25元/月长期有效', '600000381534', '中小户型家庭', '电话', '0', '0.38', '2.6', '0.58', '12000', 'TRUE'),
('901075', '300M企带专属', '全屋宽带', '300M企带套餐专属合约活动企业宽带', '600000351020', '小微企业', '电话', '1', '0.45', '2.8', '0.65', '5000', 'TRUE'),
('901076', '云电脑基础版', '全屋宽带', '2024云电脑活动基础版10元/月', '600000409903', '居家办公家庭', 'APP推送', '0', '0.42', '2.7', '0.62', '8000', 'TRUE'),
('901077', 'IoT商城服务包', '全屋宽带', 'IoT商城25元活动服务包A智能家居', '600000394900', '智能家居用户', '营业厅', '0', '0.35', '2.5', '0.55', '10000', 'TRUE'),
('901078', '休闲娱乐福袋', '全屋宽带', '休闲娱乐福袋7元月包含云宽带标准版', '600000404613', '基础家庭用户', '营业厅', '0.29', '0.38', '2.4', '0.58', '12000', 'TRUE'),
('901079', '教育电竞加速', '全屋宽带', '云宽带标准版服务含教育加速、电竞加速', '600000404613', '有学生家庭', '营业厅', '0', '0.4', '2.6', '0.6', '10000', 'TRUE'),
('901080', '宽带绿色上网', '全屋宽带', '宽带绿色上网服务家长控制功能', '600000404656', '有儿童家庭', '营业厅', '0', '0.38', '2.5', '0.58', '12000', 'TRUE'),
('901081', 'IoT商城服务包', '智能家居', 'IoT商城25元活动服务包A智能硬件', '600000394900', '智能家居入门用户', '营业厅', '0', '0.42', '2.6', '0.62', '8000', 'TRUE'),
('901082', '移动爱家美食烹饪', '智能家居', '移动爱家美食烹饪福袋含智能电饭煲', '600000417276', '厨房智能需求用户', '营业厅', '0.3', '0.38', '2.8', '0.58', '6000', 'TRUE'),
('901083', '移动爱家家用电器', '智能家居', '移动爱家家用电器福袋含智能硬件', '600000414772', '家电智能需求用户', '营业厅', '0.3', '0.4', '2.7', '0.6', '8000', 'TRUE'),
('901084', '移动爱家居家办公', '智能家居', '移动爱家居家办公福袋含智能插座', '600000417344', '办公智能需求用户', '营业厅', '0.25', '0.38', '2.6', '0.58', '10000', 'TRUE'),
('901085', '休闲娱乐福袋', '智能家居', '休闲娱乐福袋含休闲娱乐硬件优惠券', '600000404613', '娱乐智能需求用户', '营业厅', '0.29', '0.35', '2.5', '0.55', '12000', 'TRUE'),
('901086', '守护宝服务', '智能家居', '超级SIM守护宝服务智能提醒位置安全', '600000404613', '家庭安全需求用户', '线下', '0', '0.4', '2.4', '0.6', '10000', 'TRUE'),
('901087', '云电脑服务', '智能家居', '云电脑服务GPU娱乐型适合游戏娱乐', '600000417276,600000417336,600000414772,600000417344', '游戏娱乐用户', '营业厅', '0', '0.38', '2.7', '0.58', '8000', 'TRUE'),
('901088', '健康养老服务', '智能家居', '健康养老服务智能健康监测', '600000417276,600000417336,600000414772,600000417344', '健康关注用户', '线下', '0', '0.42', '2.6', '0.62', '12000', 'TRUE'),
('901089', '咪咕视频服务', '智能家居', '咪咕视频服务智能电视内容', '600000417276,600000417336,600000414772,600000417344', '视频娱乐用户', '营业厅', '0', '0.45', '2.8', '0.65', '14000', 'TRUE'),
('901090', '5G金币硬件兑换', '智能家居', '5G金币兑换智能硬件购机优惠券', '600000417276,600000417336,600000414772,600000417344', '硬件购买用户', '营业厅', '0', '0.4', '2.7', '0.6', '10000', 'TRUE'),
('901091', '话费福利维系', '维系', '乡友专属0.01元话费福利维系低活跃用户', '600000385615', '低活跃用户', '短信', '1', '0.55', '2.3', '0.75', '18000', 'TRUE'),
('901092', '25元话费维系', '维系', '25元话费维系中等价值用户', '600000408760', '中等价值用户', '短信', '0', '0.5', '2.4', '0.7', '15000', 'TRUE'),
('901093', '30元话费维系', '维系', '30元话费维系高价值用户', '600000395286', '高价值用户', '短信', '0', '0.48', '2.5', '0.68', '12000', 'TRUE'),
('901094', '80元话费维系', '维系', '80元话费维系超高价值用户', '600000395336', '超高价值用户', '短信', '0', '0.45', '2.6', '0.65', '10000', 'TRUE'),
('901095', '4元话费维系', '维系', '4元话费维系基础用户', '600000395314', '基础用户', '短信', '0', '0.52', '2.2', '0.72', '20000', 'TRUE'),
('901096', '10GB流量关怀', '维系', '10GB流量关怀活动维系流量不足用户', '600000397196', '流量不足用户', '短信', '1', '0.5', '2.3', '0.7', '18000', 'TRUE'),
('901097', '大连客户回馈', '维系', '大连客户回馈5G国内流量维系区域用户', '600000350848', '大连区域用户', '短信', '1', '0.52', '2.4', '0.72', '12000', 'TRUE'),
('901098', '鞍山钢铁集团优惠', '维系', '鞍山钢铁集团有限公司套餐优惠活动', '600000389374', '企业员工用户', '短信', '0.72', '0.48', '2.5', '0.68', '8000', 'TRUE'),
('901099', 'VOLTE语音体验', '维系', '120元VOLTE语音体验年包含1200分钟', '600000406392', '通话需求用户', '短信', '0', '0.45', '2.4', '0.65', '10000', 'TRUE'),
('901100', '500分钟语音优惠', '维系', '500分钟国内语音优惠活动24个月', '600000384492', '高通话需求用户', '短信', '0', '0.48', '2.5', '0.68', '12000', 'TRUE'),
('901101', '全家享套餐特惠购', '防流失', '全家享套餐特惠购5折优惠防流失', '600000328955', '流失风险用户', '电话', '0.5', '0.55', '3.4', '0.75', '12000', 'TRUE'),
('901102', '咪咕足球通会员', '防流失', '咪咕足球通会员月卡积分版防流失', '600000406536', '体育爱好流失风险用户', '短信', '1', '0.52', '2.8', '0.72', '8000', 'TRUE'),
('901103', '校园黄金会员', '防流失', '校园黄金会员升级版48个月防流失', '600000403724', '学生流失风险用户', '校园渠道', '1', '0.58', '3.2', '0.78', '10000', 'TRUE'),
('901104', '任我选生活版', '防流失', '任我选生活版活动防流失', '600000328976', '生活服务流失风险用户', '短信', '0.33', '0.5', '2.7', '0.7', '14000', 'TRUE'),
('901105', '短剧精品年包', '防流失', '短剧精品年包防流失', '600000407284', '娱乐流失风险用户', '短信', '0', '0.52', '2.8', '0.72', '12000', 'TRUE'),
('901106', '随心看趣领Pro', '防流失', '随心看趣领Pro流量翻倍防流失', '600000354037', '视频流失风险用户', '短信', '0', '0.55', '3.0', '0.75', '10000', 'TRUE'),
('901107', '30元任我用语音包', '防流失', '30元任我用语音包优惠5000分钟防流失', '600000400860', '高通话流失风险用户', '短信', '0', '0.5', '2.6', '0.7', '12000', 'TRUE'),
('901108', '流量补充包120GB', '防流失', '流量补充包120GB辽宁流量防流失', '600000403055', '高流量流失风险用户', '短信', '1', '0.52', '2.9', '0.72', '10000', 'TRUE'),
('901109', '承诺消费70元享40G', '防流失', '承诺消费70元享40G辽宁流量防流失', '600000411940', '中高价值流失风险用户', '短信', '0.43', '0.48', '2.8', '0.68', '14000', 'TRUE'),
('901110', '承诺消费43元享5GB', '防流失', '承诺消费43元享5GB国内流量防流失', '600000355154', '基础流失风险用户', '短信', '0.53', '0.45', '2.5', '0.65', '16000', 'TRUE'),
('901111', '全家享优惠购plus', '单宽升融合', '全家享优惠购plus版升级159减40单宽升融', '600000396655', '单宽带用户', '电话', '0.25', '0.52', '3.3', '0.72', '10000', 'TRUE'),
('901112', '全家享优惠购升级', '单宽升融合', '全家享优惠购升级159减20单宽升融', '600000379063', '单宽带用户', '电话', '0.13', '0.5', '3.1', '0.7', '12000', 'TRUE'),
('901113', '159元全家享优惠', '单宽升融合', '159元档位全家享套餐优惠活动二单宽升融', '600000362671', '单宽带用户', '电话', '0.2', '0.48', '3.0', '0.68', '14000', 'TRUE'),
('901114', '129元全家享充值', '单宽升融合', '129元档位全家享套餐优惠活动充值30元', '600000364990', '单宽带用户', '电话', '0', '0.45', '2.9', '0.65', '16000', 'TRUE'),
('901115', '5G全家享129优惠', '单宽升融合', '5G全家享套餐129优惠40元单宽升融', '600000304541', '单宽带5G用户', '短信', '0.31', '0.5', '3.0', '0.7', '14000', 'TRUE'),
('901116', '爱家光网千兆返费', '单宽升融合', '爱家光网40元月包返费活动599档位单宽升融', '600000404656', '高端单宽带用户', '营业厅', '0.4', '0.48', '3.4', '0.68', '8000', 'TRUE'),
('901117', 'FTTR千兆光网趸交', '单宽升融合', '大连拉新爱家光网趸交999元FTTR单宽升融', '600000400261', '新装单宽带用户', '营业厅', '0.1', '0.45', '3.2', '0.65', '6000', 'TRUE'),
('901118', '300M月包融合', '单宽升融合', '300M月包融合活动25元/月单宽升融', '600000381534', '中小户型单宽带用户', '电话', '0', '0.42', '2.7', '0.62', '12000', 'TRUE'),
('901119', '旺铺套餐299档位', '单宽升融合', '旺铺套餐合约299档位回馈单宽升融', '600000376827', '企业单宽带用户', '电话', '0.33', '0.48', '3.2', '0.68', '8000', 'TRUE'),
('901120', '旺铺套餐499档位', '单宽升融合', '旺铺套餐合约499档位回馈单宽升融', '600000376824', '高端企业单宽带用户', '电话', '0.24', '0.45', '3.3', '0.65', '6000', 'TRUE'),
('901121', '全家享套餐特惠购', '促融合', '全家享套餐特惠购5折优惠促融合', '600000328955', '潜在融合用户', '多渠道', '0.5', '0.58', '3.5', '0.78', '12000', 'TRUE'),
('901122', '全家享合约239档位', '促融合', '全家享合约239档位2024版促融合', '600000377946', '中高端潜在用户', '电话', '0.29', '0.55', '3.3', '0.75', '10000', 'TRUE'),
('901123', '全家享合约599档位', '促融合', '全家享合约599档位2024版促融合', '600000377952', '高端潜在用户', '电话', '0.3', '0.52', '3.6', '0.72', '8000', 'TRUE'),
('901124', '全家享优惠购plus', '促融合', '全家享优惠购plus版升级159减40促融合', '600000396655', '159档位潜在用户', '电话', '0.25', '0.58', '3.4', '0.78', '10000', 'TRUE'),
('901125', '全家享优惠购升级', '促融合', '全家享优惠购升级159减20促融合', '600000379063', '159档位潜在用户', '电话', '0.13', '0.55', '3.2', '0.75', '12000', 'TRUE'),
('901126', '59元档位购泛终端', '促融合', '59元档位购泛终端直降600元促融合', '600000407179', '低价位潜在用户', '短信', '0.34', '0.5', '3.0', '0.7', '14000', 'TRUE'),
('901127', '219元档位购机直降', '促融合', '219元档位购机直降1000元促融合', '600000403679', '中价位潜在用户', '短信', '0.46', '0.52', '3.1', '0.72', '12000', 'TRUE'),
('901128', '339元档位购机直降', '促融合', '339元档位购机直降1000元促融合', '600000403676', '中高价位潜在用户', '短信', '0.18', '0.48', '3.2', '0.68', '10000', 'TRUE'),
('901129', '优惠购机99元全家享', '促融合', '优惠购机99元全家享免预存购机直降1000元', '600000357662', '购机需求潜在用户', '营业厅', '1', '0.45', '3.3', '0.65', '8000', 'TRUE'),
('901130', '优惠购机199元全家享', '促融合', '优惠购机199元全家享月优惠60元促融合', '600000349137', '中端购机需求用户', '营业厅', '0.3', '0.5', '3.1', '0.7', '10000', 'TRUE'),
('901131', '沈阳中高端客户千兆提速', '千兆宽带', '沈阳中高端客户高清千兆提速活动10元/月', '600000416250', '沈阳中高端用户', '电话', '0', '0.45', '3.2', '0.65', '8000', 'TRUE'),
('901132', '爱家光网30元月包', '千兆宽带', '爱家光网30元月包含FTTR设备和千兆提速', '600000394548', '新装宽带用户', '营业厅', '0', '0.42', '3.0', '0.62', '6000', 'TRUE'),
('901133', '999元爱家光网融合', '千兆宽带', '999元爱家光网融合活动含两年千兆提速', '600000405893', '高端家庭用户', '营业厅', '0.1', '0.38', '3.4', '0.58', '5000', 'TRUE'),
('901134', '爱家光网1399元趸交', '千兆宽带', '爱家光网融合趸交1399元含千兆宽带服务', '600000394197', '高端新装用户', '营业厅', '0.07', '0.35', '3.3', '0.55', '4000', 'TRUE'),
('901135', '309元WIFI6千兆融合', '千兆宽带', '309趸交WIFI6活动含千兆融合版服务', '600000357421', '中小户型用户', '营业厅', '0', '0.4', '2.8', '0.6', '8000', 'TRUE'),
('901136', '鞍山高校300M宽带', '千兆宽带', '鞍山高校300M宽带普通合约T48', '600000404283', '高校学生用户', '校园渠道', '1', '0.5', '2.5', '0.7', '12000', 'TRUE'),
('901137', '300M宽带专属合约', '千兆宽带', '300M宽带套餐专属合约活动0元/月', '600000275165', '全家享79元套餐用户', '电话', '1', '0.45', '2.7', '0.65', '10000', 'TRUE'),
('901138', '旺铺礼包500M商客', '千兆宽带', '旺铺礼包商客三年500M宽带服务', '600000391173', '小微企业用户', '电话', '0', '0.42', '2.9', '0.62', '6000', 'TRUE'),
('901139', '云电脑千兆提速融合', '千兆宽带', '2024年云电脑与千兆提速融合活动', '600000414421', '办公娱乐用户', '营业厅', '0', '0.38', '3.1', '0.58', '5000', 'TRUE'),
('901140', '宽带提速赠减免券', '千兆宽带', '宽带提速赠减免券活动10元500M档', '600000394685', '存量宽带用户', '短信', '0', '0.4', '2.6', '0.6', '12000', 'TRUE'),
('901141', '30元100G流量组合包', '流量包办理', '30元100G流量组合包含30GB国内+70GB辽宁流量', '600000397511', '高流量需求用户', '短信', '0', '0.52', '2.8', '0.72', '15000', 'TRUE'),
('901142', '盘锦15元50G流量包', '流量包办理', '盘锦15元50G流量组合包新版', '600000385891', '盘锦地区用户', '短信', '0', '0.48', '2.6', '0.68', '12000', 'TRUE'),
('901143', '流量钜惠包优惠B', '流量包办理', '流量钜惠包优惠B前3月500GB后3月10GB', '600000369631', '超高流量需求用户', '短信', '0', '0.45', '2.9', '0.65', '10000', 'TRUE'),
('901144', '套外流量共享包', '流量包办理', '套外流量共享包优惠10G支持亲情网共享', '600000382338', '家庭用户', '短信', '0', '0.42', '2.5', '0.62', '14000', 'TRUE'),
('901145', '50元流量优享包', '流量包办理', '50元流量优享包25元优惠关怀活动', '600000359983', '关怀目标用户', '短信', '0.5', '0.4', '2.4', '0.6', '16000', 'TRUE'),
('901146', '20元30G家园流量包', '流量包办理', '20元30G家园流量包活动存量用户专享', '600000279741', '乡镇用户', '短信', '0', '0.45', '2.3', '0.65', '18000', 'TRUE'),
('901147', '承诺消费38元享5GB', '流量包办理', '承诺消费38元享5GB国内套外通用流量', '600000355148', '基础流量需求用户', '短信', '0', '0.42', '2.2', '0.62', '20000', 'TRUE'),
('901148', '承诺消费139元享5GB', '流量包办理', '承诺消费139元享5GB国内套外通用流量', '600000361145', '中高端用户', '短信', '0', '0.38', '2.5', '0.58', '15000', 'TRUE'),
('901149', '70元任我用流量包', '流量包办理', '流量嗨翻天70元20G任我用流量包优惠', '600000269506', '高流量用户', '短信', '0.14', '0.45', '2.6', '0.65', '12000', 'TRUE'),
('901150', '鞍山5GB家园流量', '流量包办理', '2024丹东5GB家园流量活动东港专属', '600000385309', '东港地区用户', '短信', '1', '0.5', '2.4', '0.7', '8000', 'TRUE'),
('901151', '全家享159合约优惠70', '单C升融', '全家享159元合约优惠70元接续活动', '600000389866', '单手机用户', '电话', '0.44', '0.55', '3.4', '0.75', '12000', 'TRUE'),
('901152', '全家享79合约优惠40', '单C升融', '全家享79元合约优惠40元接续B', '600000391523', '低价位单手机用户', '电话', '0.51', '0.52', '3.2', '0.72', '14000', 'TRUE'),
('901153', '全家享优惠购升级79', '单C升融', '全家享优惠购升级79减30接续', '600000379062', '79元档位用户', '电话', '0.38', '0.5', '3.1', '0.7', '16000', 'TRUE'),
('901154', '鞍山网格员融合套餐', '单C升融', '鞍山市网格员融合套餐优惠活动99元档位', '600000314973', '特定职业用户', '电话', '0.56', '0.48', '3.0', '0.68', '6000', 'TRUE'),
('901155', '集团客户全家享优惠', '单C升融', '集团客户全家享套餐专属优惠活动优惠90元', '600000324761', '集团客户', '电话', '1', '0.52', '3.3', '0.72', '8000', 'TRUE'),
('901156', '集团客户全家享70元', '单C升融', '集团客户全家享套餐专属优惠活动优惠70元', '600000324752', '集团客户', '电话', '1', '0.5', '3.2', '0.7', '10000', 'TRUE'),
('901157', '集团客户全家享60元', '单C升融', '集团客户全家享套餐专属优惠活动优惠60元', '600000324764', '集团客户', '电话', '1', '0.48', '3.1', '0.68', '12000', 'TRUE'),
('901158', '集团客户全家享50元', '单C升融', '集团客户全家享套餐专属优惠活动优惠50元', '600000324767', '集团客户', '电话', '1', '0.45', '3.0', '0.65', '14000', 'TRUE'),
('901159', '抚顺石化全家享7折', '单C升融', '2023年抚顺石化集团99元全家享打7折', '600000374943', '抚顺石化员工', '电话', '0.3', '0.5', '3.2', '0.7', '5000', 'TRUE'),
('901160', '丹东新入网79元5折', '单C升融', '2022年丹东新入网办理79元全家享5折优惠', '600000325705', '丹东新用户', '电话', '0.5', '0.55', '3.0', '0.75', '8000', 'TRUE'),
('901161', '159元购泛终端直降', '高价值客户保有', '159元档位购泛终端直降1000元预存1000元', '600000406970', '高价值用户', '营业厅', '0.63', '0.58', '3.6', '0.78', '6000', 'TRUE'),
('901162', '159元享1000元和包券', '高价值客户保有', '159元档位享1000元和包券预存500元', '600000408219', '高价值用户', '短信', '0.63', '0.55', '3.5', '0.75', '8000', 'TRUE'),
('901163', '79元享600元和包券', '高价值客户保有', '79元档位享600元和包券预存600元', '600000408106', '中高价值用户', '短信', '0.76', '0.52', '3.3', '0.72', '10000', 'TRUE'),
('901164', '优惠购机99元1500元', '高价值客户保有', '优惠购机99元档位购机直降1500元免预存', '600000413023', '高价值新入网用户', '营业厅', '1', '0.5', '3.4', '0.7', '5000', 'TRUE'),
('901165', '优惠购机79元800元', '高价值客户保有', '优惠购机79元档位购机直降800元预存400元', '600000403610', '中高价值用户', '营业厅', '1', '0.48', '3.2', '0.68', '8000', 'TRUE'),
('901166', '铁岭优惠购机1300元', '高价值客户保有', '铁岭优惠购机金币79元飞享预存1300元直降', '600000400665', '铁岭高价值用户', '营业厅', '1', '0.45', '3.1', '0.65', '6000', 'TRUE'),
('901167', '全家享159档位回馈', '高价值客户保有', '全家享合约159档位回馈套餐费优惠40元/月', '600000371917', '全家享159用户', '电话', '0.25', '0.52', '3.3', '0.72', '10000', 'TRUE'),
('901168', '5G套餐198元7折购', '高价值客户保有', '5G套餐198元7折购活动含流量通话优惠', '600000281397', '高价值5G用户', '短信', '0.3', '0.48', '3.2', '0.68', '12000', 'TRUE'),
('901169', '5G套餐198元7折续', '高价值客户保有', '5G套餐198元7折购续延含30GB套外流量', '600000275307', '高价值5G用户', '短信', '0.3', '0.45', '3.1', '0.65', '14000', 'TRUE'),
('901170', '套餐低消138元档位', '高价值客户保有', '套餐低消138元档位活动含流量通话翻倍', '600000241918', '高价值用户', '短信', '0', '0.42', '3.0', '0.62', '16000', 'TRUE'),
('901171', '话费返还控流失', '控流失', '存量享240元话费24个月返还控流失', '600000384731', '流失风险用户', '短信', '0', '0.55', '2.8', '0.75', '15000', 'TRUE'),
('901172', '新入网话费返还', '控流失', '新入网享60元话费12个月返还控流失', '600000384728', '新入网流失风险用户', '短信', '0', '0.52', '2.6', '0.72', '18000', 'TRUE'),
('901173', '承诺消费享流量', '控流失', '承诺消费享流量优惠活动168元档位', '600000375099', '高价值流失风险用户', '短信', '0', '0.48', '3.0', '0.68', '12000', 'TRUE'),
('901174', '承诺消费119元享好礼', '控流失', '承诺消费119元享好礼含200分钟+10GB流量', '600000380417', '中高价值流失风险用户', '短信', '0', '0.45', '2.8', '0.65', '14000', 'TRUE'),
('901175', '10GB辽宁流量关怀', '控流失', '10GB辽宁流量关怀活动控流失', '600000366330', '辽宁地区流失风险用户', '短信', '1', '0.5', '2.5', '0.7', '16000', 'TRUE'),
('901176', '15GB辽宁流量关怀', '控流失', '15GB辽宁流量关怀活动控流失', '600000366329', '辽宁地区高流失风险用户', '短信', '1', '0.52', '2.6', '0.72', '14000', 'TRUE'),
('901177', '5G关怀服务', '控流失', '5G关怀服务优享延续含5GB国内通用流量', '600000313688', '5G流失风险用户', '短信', '1', '0.48', '2.4', '0.68', '18000', 'TRUE'),
('901178', '营口新入网30G流量', '控流失', '营口新入网享30G辽宁流量活动12个月', '600000381733', '营口新入网用户', '短信', '0', '0.5', '2.7', '0.7', '12000', 'TRUE'),
('901179', '抚顺全家享100G', '控流失', '2023年抚顺集团客户100G区域流量', '600000378523', '抚顺集团客户', '短信', '1', '0.45', '2.8', '0.65', '8000', 'TRUE'),
('901180', '丹东50GB流量优惠', '控流失', '2023年丹东50GB流量优惠活动12个月', '600000372269', '丹东地区用户', '短信', '1', '0.48', '2.6', '0.68', '10000', 'TRUE'),
('901181', '锦州客户专属话费', '维系', '锦州客户专属话费活动20元每月返还', '600000368065', '锦州地区用户', '短信', '0', '0.52', '2.6', '0.72', '12000', 'TRUE'),
('901182', '抚顺校园迎新话费', '维系', '2024年抚顺校园迎新赠送480元话费活动', '600000403074', '抚顺校园用户', '校园渠道', '0', '0.55', '2.8', '0.75', '10000', 'TRUE'),
('901183', '校园迎新100元话费', '维系', '2023年校园迎新领100元话费活动立即到账', '600000363720', '校园新用户', '校园渠道', '0', '0.58', '2.5', '0.78', '15000', 'TRUE'),
('901184', '沈阳高校迎新话费', '维系', '2024年沈阳高校迎新享50元话费活动立即到账', '600000401731', '沈阳高校用户', '校园渠道', '0', '0.55', '2.4', '0.75', '12000', 'TRUE'),
('901185', '铁岭新入网语音', '维系', '铁岭客户新入网300分钟语音优惠', '600000389960', '铁岭新入网用户', '短信', '0', '0.5', '2.5', '0.7', '10000', 'TRUE'),
('901186', '铁岭新入网200分钟', '维系', '铁岭客户新入网200分钟语音优惠', '600000389968', '铁岭新入网用户', '短信', '0', '0.48', '2.4', '0.68', '12000', 'TRUE'),
('901187', '开原财政局保有', '维系', '铁岭公司2021年开原财政局集团成员保有58元', '600000304829', '特定集团客户', '短信', '0.17', '0.52', '2.7', '0.72', '5000', 'TRUE'),
('901188', '铁岭预存200元', '维系', '铁岭预存200元享400元40个月返还', '600000384872', '铁岭用户', '短信', '1', '0.45', '2.6', '0.65', '8000', 'TRUE'),
('901189', '油田通信减免', '维系', '2019油田通信公司号码减免10元套餐费', '600000258471', '特定行业用户', '短信', '0.26', '0.42', '2.3', '0.62', '6000', 'TRUE'),
('901190', '办旺铺礼包优惠', '维系', '2024年办旺铺礼包享优惠赠送360元话费', '600000389120', '企业用户', '短信', '0', '0.48', '2.8', '0.68', '8000', 'TRUE'),
('901191', '爱家礼包WiFi尊享', '全屋宽带', '爱家礼包全家WiFi尊享版1199趸交优惠活动', '600000390921', '高端大户型用户', '营业厅', '0', '0.42', '3.4', '0.62', '5000', 'TRUE'),
('901192', '全家WIFI一主一从', '全屋宽带', '全家WIFI一主一从799元融合活动丹东', '600000394219', '丹东地区用户', '营业厅', '0', '0.45', '3.2', '0.65', '6000', 'TRUE'),
('901193', '千兆宽带电竞加速', '全屋宽带', '千兆宽带电竞加速服务3元/月优惠', '600000365308', '电竞游戏用户', 'APP推送', '1', '0.48', '2.8', '0.68', '10000', 'TRUE'),
('901194', '安防统付减免', '全屋宽带', '铁岭分公司安防统付减免一年活动', '600000315840', '铁岭安防用户', '线下', '1', '0.45', '2.6', '0.65', '8000', 'TRUE'),
('901195', '家庭权益包AI摄像头', '全屋宽带', '家庭权益包AI摄像头含7天云存储+AI功能', '600000413231', '家庭安防需求用户', '营业厅', '0', '0.42', '3.0', '0.62', '6000', 'TRUE'),
('901196', 'IoT商城服务包B', '全屋宽带', 'IoT商城25元活动服务包B智能家居硬件', '600000394905', '智能家居入门用户', '营业厅', '0', '0.4', '2.7', '0.6', '8000', 'TRUE'),
('901197', '智慧校园民大专属', '全屋宽带', '智慧校园通用民大专属2含100M校园宽带', '600000405010', '民族大学用户', '校园渠道', '0', '0.5', '2.8', '0.7', '5000', 'TRUE'),
('901198', '家庭业务装机费', '全屋宽带', '200元家庭业务装机费服务抵扣安装费', '600000409415', '新装家庭用户', '营业厅', '0', '0.45', '2.5', '0.65', '8000', 'TRUE'),
('901199', '移动高清影视包', '全屋宽带', '移动高清影视包会员含25GB国内通用流量', '600000323910', '视频娱乐用户', 'APP推送', '1', '0.48', '2.9', '0.68', '12000', 'TRUE'),
('901200', '大洼区域随心聊', '全屋宽带', '大洼区域随心聊5元优惠购5000分钟通话', '600000293513', '大洼地区用户', '短信', '0.75', '0.52', '2.4', '0.72', '8000', 'TRUE'),
('901201', '爱家娱乐音箱福袋', '智能家居', '爱家娱乐音箱福袋24.9元含5GB流量+咪咕会员', '600000381660', '娱乐需求用户', '营业厅', '0', '0.45', '2.8', '0.65', '10000', 'TRUE'),
('901202', '休闲娱乐福袋', '智能家居', '休闲娱乐福袋7元月包含健康养老服务', '600000404613', '老年用户', '线下', '0.29', '0.42', '2.5', '0.62', '12000', 'TRUE'),
('901203', '移动爱家美食烹饪', '智能家居', '移动爱家美食烹饪福袋标准版含智能电饭煲', '600000417336', '厨房智能需求用户', '营业厅', '0.3', '0.38', '2.8', '0.58', '8000', 'TRUE'),
('901204', '移动爱家家用电器', '智能家居', '移动爱家家用电器福袋优惠版含智能硬件', '600000414772', '家电智能需求用户', '营业厅', '0.3', '0.4', '2.7', '0.6', '10000', 'TRUE'),
('901205', '移动爱家居家办公', '智能家居', '移动爱家居家办公福袋标准版含智能插座', '600000417344', '办公智能需求用户', '营业厅', '0.25', '0.38', '2.6', '0.58', '12000', 'TRUE'),
('901206', '守护宝服务', '智能家居', '超级SIM守护宝服务含位置安全守护', '600000404613', '家庭安全需求用户', '线下', '0', '0.4', '2.4', '0.6', '10000', 'TRUE'),
('901207', '云电脑服务', '智能家居', '云电脑基础版服务适合远程办公娱乐', '600000409903', '居家办公用户', 'APP推送', '0', '0.42', '2.7', '0.62', '8000', 'TRUE'),
('901208', '健康养老服务包', '智能家居', '健康讲堂基础版、健康档案、健康管理计划', '600000417336,600000414772,600000417344', '老年用户', '线下', '0', '0.45', '2.6', '0.65', '15000', 'TRUE'),
('901209', '咪咕视频钻石会员', '智能家居', '咪咕视频钻石会员适合家庭观看', '600000417336,600000414772,600000417344', '视频娱乐用户', '线下', '0', '0.48', '2.8', '0.68', '14000', 'TRUE'),
('901210', '5G金币硬件兑换', '智能家居', '5G金币兑换智能硬件购机优惠券', '600000417276,600000417336,600000414772,600000417344', '硬件购买用户', '营业厅', '0', '0.45', '2.7', '0.65', '10000', 'TRUE'),
('901211', '全家享新春版129元', '单宽升融合', '全家享新春版129元档活动含超市券餐饮券', '600000343213', '单宽带用户', '电话', '0', '0.52', '3.2', '0.72', '10000', 'TRUE'),
('901212', '抚顺全家享优惠购', '单宽升融合', '2024年抚顺全家享优惠购活动100G流量', '600000382619', '抚顺单宽带用户', '电话', '1', '0.48', '3.0', '0.68', '8000', 'TRUE'),
('901213', '抚顺全家享50G', '单宽升融合', '2024年抚顺全家享优惠购活动50G流量', '600000382620', '抚顺单宽带用户', '电话', '1', '0.45', '2.8', '0.65', '10000', 'TRUE'),
('901214', '抚顺集团客户99元', '单宽升融合', '2023年抚顺集团客户价值保有129元全家享返10', '600000378520', '抚顺集团单宽带用户', '电话', '0.08', '0.5', '2.9', '0.7', '6000', 'TRUE'),
('901215', '抚顺集团接续99元', '单宽升融合', '2024年抚顺集团客户接续活动99元返60', '600000390177', '抚顺集团单宽带用户', '电话', '0.61', '0.48', '2.8', '0.68', '8000', 'TRUE'),
('901216', '国家税务总局抚顺', '单宽升融合', '2024年国家税务总局抚顺市税务局39元飞享', '600000382285', '特定单位用户', '电话', '0', '0.52', '2.7', '0.72', '5000', 'TRUE'),
('901217', '京邦达供应链科技', '单宽升融合', '2023年辽宁京邦达供应链科技有限公司套餐优惠', '600000372693', '特定企业用户', '电话', '0', '0.55', '2.8', '0.75', '4000', 'TRUE'),
('901218', '锦州阳光能源50元', '单宽升融合', '2024年二季度锦州阳光能源50元员工优惠套餐', '600000390052', '锦州企业用户', '电话', '0', '0.5', '2.6', '0.7', '6000', 'TRUE'),
('901219', '吉祥号码预存7056元', '单宽升融合', '吉祥号码预存7056元每月返还588元话费', '600000360224', '高端单宽带用户', '营业厅', '0', '0.45', '3.2', '0.65', '3000', 'TRUE'),
('901220', '新入网5G全家享2折', '单宽升融合', '新入网办理5G全家享套餐129元享2折优惠', '600000374810', '新入网单宽带用户', '电话', '0.8', '0.58', '3.0', '0.78', '8000', 'TRUE'),
('901221', '优惠购机89元接续', '促融合', '优惠购机套餐优惠89元档位129减40接续', '600000416038', '潜在融合用户', '电话', '0.45', '0.55', '3.3', '0.75', '12000', 'TRUE'),
('901222', '新入网全家享99元', '促融合', '新入网全家享专享优惠99元接续含120GB流量', '600000414238', '新入网用户', '电话', '0', '0.58', '3.1', '0.78', '15000', 'TRUE'),
('901223', '5G智享套餐128元', '促融合', '5G智享套餐128元近7折优惠价格订购', '600000293261', '5G潜在用户', '短信', '0.3', '0.52', '3.0', '0.72', '18000', 'TRUE'),
('901224', '飞享39元优惠10元', '促融合', '飞享39元优惠10元接续实收29元/月', '600000313814', '低价位潜在用户', '短信', '0.26', '0.5', '2.8', '0.7', '20000', 'TRUE'),
('901225', '5G全家享129优惠', '促融合', '5G全家享套餐129元优惠10元接续实收119元', '600000313794', '中端潜在用户', '短信', '0.08', '0.52', '2.9', '0.72', '16000', 'TRUE'),
('901226', '团圆礼包半年卡', '促融合', '团圆礼包半年卡88元含288元年货包权益', '600000343319', '家庭用户', 'APP推送', '0', '0.48', '2.7', '0.68', '12000', 'TRUE'),
('901227', '视频娱乐包', '促融合', '视频娱乐包10元/月含咪咕视频钻石会员', '600000349717', '视频需求用户', 'APP推送', '0', '0.5', '2.8', '0.7', '14000', 'TRUE'),
('901228', '和校园优惠活动', '促融合', '10元和校园优惠活动含3G国内通用流量', '600000309183', '校园用户', '校园渠道', '1', '0.55', '2.6', '0.75', '16000', 'TRUE'),
('901229', '动感地带副卡学生证', '促融合', '沈阳动感地带副卡电子学生证最低消费10元', '600000402178', '学生用户', '校园渠道', '0', '0.52', '2.5', '0.72', '12000', 'TRUE'),
('901230', '秋季开学50GB流量', '促融合', '2024秋季开学营销享50GB校园分区流量', '600000403832', '新生用户', '校园渠道', '1', '0.58', '2.9', '0.78', '15000', 'TRUE'),
('901231', '40元流量乐玩包', '价值提升', '40元流量乐玩包接续含80G通用+50G定向流量', '600000382063', '流量需求用户', '短信', '0', '0.52', '2.8', '0.72', '15000', 'TRUE'),
('901232', '30G国内套外流量', '价值提升', '30G国内套外流量12个月需套餐内用尽后使用', '600000319860', '高流量用户', '短信', '0', '0.5', '2.6', '0.7', '18000', 'TRUE'),
('901233', '30G热门APP定向', '价值提升', '30G热门APP定向流量12个月含第三方热门APP', '600000319858', 'APP使用用户', '短信', '0', '0.48', '2.5', '0.68', '20000', 'TRUE'),
('901234', '20G国内套外流量', '价值提升', '20G国内套外流量12个月需套餐内用尽后使用', '600000319859', '中流量用户', '短信', '0', '0.45', '2.4', '0.65', '22000', 'TRUE'),
('901235', '5G国内套外流量', '价值提升', '5G国内套外流量12个月需套餐内用尽后使用', '600000319862', '5G用户', '短信', '0', '0.48', '2.7', '0.68', '18000', 'TRUE'),
('901236', '1000分钟国内主叫', '价值提升', '1000分钟国内主叫国内网内通话时长12个月', '600000298470', '高通话用户', '短信', '1', '0.5', '2.8', '0.7', '15000', 'TRUE'),
('901237', '丹东10GB流量优惠', '价值提升', '2023年丹东10GB流量优惠活动12个月', '600000372272', '丹东用户', '短信', '1', '0.45', '2.3', '0.65', '12000', 'TRUE'),
('901238', '丹东5元30GB分区', '价值提升', '2024丹东5元30GB分区流量优惠活动接续', '600000397573', '丹东用户', '短信', '0', '0.48', '2.5', '0.68', '10000', 'TRUE'),
('901239', '鞍山乐享流量10G', '价值提升', '鞍山2024年乐享流量活动36个月10G版', '600000402729', '鞍山用户', '短信', '1', '0.5', '2.4', '0.7', '12000', 'TRUE'),
('901240', '鞍山乐享流量20G', '价值提升', '鞍山2024年乐享流量活动36个月20G版', '600000402733', '鞍山高流量用户', '短信', '1', '0.52', '2.5', '0.72', '10000', 'TRUE'),
('901241', '优惠购机4000元云存', '终端运营', '优惠购机套餐购机直降4000元含4000元云存36个月', '600000416115', '高端用户', '营业厅', '1', '0.6', '3.8', '0.8', '5000', 'TRUE'),
('901242', '优惠购机2000元云存', '终端运营', '优惠购机套餐购机直降4000元含2000元云存36个月', '600000415579', '高端用户', '营业厅', '0.5', '0.58', '3.6', '0.78', '6000', 'TRUE'),
('901243', '大连特定客群59档位', '终端运营', '大连特定客群59档位预存500元直降950元36个月', '600000371264', '大连地区用户', '营业厅', '1', '0.55', '3.4', '0.75', '8000', 'TRUE'),
('901244', '大连特定客群129档位', '终端运营', '大连特定客群129档位预存1200元直降2300元36个月', '600000371392', '大连高价值用户', '营业厅', '1', '0.52', '3.5', '0.72', '6000', 'TRUE'),
('901245', '铁岭新入网38元启航卡', '终端运营', '铁岭优惠购机新入网38元启航卡享降预存200元购机直降400元', '600000400633', '铁岭新入网用户', '营业厅', '1', '0.5', '3.2', '0.7', '10000', 'TRUE'),
('901246', '抚顺武警纪委159元档位', '终端运营', '2023年抚顺武警纪委及发改委159元套餐档位购机直降1910元免预存', '600000361731', '特定单位用户', '营业厅', '1', '0.48', '3.3', '0.68', '5000', 'TRUE'),
('901247', '优惠购机129元全家享', '终端运营', '优惠购机129元全家享预存500元购机直降900元24个月', '600000350165', '中高端用户', '营业厅', '1', '0.52', '3.1', '0.72', '12000', 'TRUE'),
('901248', '优惠购机399元全家享', '终端运营', '优惠购机399元全家享月优惠120元12个月', '600000349107', '高端用户', '营业厅', '0.3', '0.55', '3.4', '0.75', '8000', 'TRUE'),
('901249', '新入网99元档位', '终端运营', '优惠购机新入网99元档位套餐购机直降1000元1000元云存24个月', '600000416685', '新入网高端用户', '营业厅', '1', '0.5', '3.2', '0.7', '10000', 'TRUE'),
('901250', '优惠购机加赠200元', '终端运营', '优惠购机加赠200元5G金币活动', '600000416228', '购机用户', '营业厅', '0', '0.48', '2.8', '0.68', '15000', 'TRUE'),
('901251', '校园权益包plus版', '校园运营', '校园权益包plus版活动30元/月含惠校园权益、随心选会员权益', '600000358074', '在校学生', '校园渠道', '0', '0.65', '3.2', '0.85', '15000', 'TRUE'),
('901252', '秋季开学校园黄金会员', '校园运营', '2024年秋季开学校园黄金会员升级版48个月活动', '600000403724', '新生', '校园渠道', '0', '0.7', '3.4', '0.9', '12000', 'TRUE'),
('901253', '校园秋季迎新200G流量', '校园运营', '校园秋季迎新专属0元200G校园分区流量包48个月活动', '600000328874', '新入网学生', '校园渠道', '0', '0.68', '3.0', '0.88', '18000', 'TRUE'),
('901254', '10元和校园优惠活动', '校园运营', '10元和校园优惠活动含3G国内通用流量12个月', '600000309185', '在校学生', '校园渠道', '1', '0.62', '2.8', '0.82', '20000', 'TRUE'),
('901255', '春季开学芒果卡', '校园运营', '2024春季开学办理芒果卡享20G全国流量活动48个月', '600000384377', '新生', '校园渠道', '0', '0.65', '2.9', '0.85', '16000', 'TRUE'),
('901256', '校园黄金会员36个月', '校园运营', '校园黄金会员升级版36个月10元/月含生活消费券', '600000401220', '在校学生', '校园渠道', '0', '0.6', '3.1', '0.8', '14000', 'TRUE'),
('901257', '互动学生卡营销活动', '校园运营', '互动学生卡营销活动校园8含安全定位、亲情通话等功能', '600000330701', '中小学生', '校园渠道', '1', '0.58', '2.7', '0.78', '10000', 'TRUE'),
('901258', '享智能家居互动学生卡', '校园运营', '享智能家居互动学生卡15元包营销活动含家校生活功能', '600000319834', '中小学生', '校园渠道', '0.5', '0.55', '2.6', '0.75', '12000', 'TRUE'),
('901259', '2023年毕业生翱翔礼包', '校园运营', '2023年毕业生翱翔礼包活动58档位享100GB辽宁流量12个月', '600000359996', '应届毕业生', '校园渠道', '0', '0.62', '2.8', '0.82', '8000', 'TRUE'),
('901260', '2023年秋季迎新优惠', '校园运营', '2023年秋季迎新专属套餐费优惠30元24个月活动', '600000363680', '新生', '校园渠道', '0', '0.65', '3.0', '0.85', '15000', 'TRUE'),
('901261', '40元40G流量超值购', '流量包办理', '流量超值购40元40G立即生效12个月', '600000367409', '高流量需求用户', '短信', '0', '0.58', '2.9', '0.78', '18000', 'TRUE'),
('901262', '随心看会员加5GB流量', '流量包办理', '随心看会员加5GB流量活动25.9元/月含视频会员任选', '600000355224', '视频娱乐用户', 'APP推送', '0', '0.6', '3.0', '0.8', '15000', 'TRUE'),
('901263', '50元家园流量包', '流量包办理', '50元家园流量包2023版含100GB区域通用流量12个月', '600000352802', '乡镇用户', '短信', '0', '0.55', '2.7', '0.75', '20000', 'TRUE'),
('901264', '20元40G流量任我享', '流量包办理', '流量任我享20元40G国内流量12个月', '600000267421', '流量需求用户', '短信', '0', '0.52', '2.6', '0.72', '22000', 'TRUE'),
('901265', '承诺消费53元享5GB', '流量包办理', '承诺消费53元享5GB国内套外通用流量基础版12个月', '600000355149', '基础流量需求用户', '短信', '0', '0.5', '2.5', '0.7', '25000', 'TRUE'),
('901266', '关爱B优惠5G套外流量', '流量包办理', '关爱B优惠5G套外流量每月5GB国内流量12个月', '600000287298', '5G用户', '短信', '0', '0.52', '2.6', '0.72', '20000', 'TRUE'),
('901267', 'bilibili30G定向流量', '流量包办理', '在网保有活动bilibili30G定向流量包24个月', '600000319112', 'bilibili用户', '短信', '0', '0.55', '2.7', '0.75', '15000', 'TRUE'),
('901268', '快手30G定向流量', '流量包办理', '在网保有活动快手30G定向流量包24个月', '600000319115', '快手用户', '短信', '0', '0.52', '2.6', '0.72', '18000', 'TRUE'),
('901269', '全球通加享包20G', '流量包办理', '全球通加享包20G国内流量0元/月12个月', '600000389317', '全球通用户', '短信', '0', '0.48', '2.5', '0.68', '12000', 'TRUE'),
('901270', '15元20G省内流量', '流量包办理', '15元20G省内流量12个月需在辽宁分区内使用', '600000389318', '省内用户', '短信', '0', '0.5', '2.4', '0.7', '20000', 'TRUE'),
('901271', '全家享优惠购plus版399', '单C升融', '全家享优惠购plus版升级399减60含370GB辽宁流量', '600000396618', '高端单手机用户', '电话', '0.15', '0.62', '3.6', '0.82', '10000', 'TRUE'),
('901272', '全家享129元合约优惠60', '单C升融', '全家享129元合约优惠60元接续B24个月', '600000391574', '中端单手机用户', '电话', '0.46', '0.6', '3.4', '0.8', '12000', 'TRUE'),
('901273', '优惠购机199元档位', '单C升融', '优惠购机套餐优惠199元档位239减40接续含70GB辽宁流量', '600000416041', '中高端单手机用户', '电话', '0.17', '0.58', '3.3', '0.78', '14000', 'TRUE'),
('901274', '全家享3折购', '单C升融', '全家享3折购当月生效12个月享受套餐费3折优惠', '600000368177', '价格敏感单手机用户', '电话', '0.7', '0.55', '3.2', '0.75', '16000', 'TRUE'),
('901275', '5G旺铺套餐50元优惠', '单C升融', '5G旺铺套餐50元优惠活动含移动高清和智能硬件', '600000308850', '企业单手机用户', '电话', '0.31', '0.52', '3.1', '0.72', '8000', 'TRUE'),
('901276', '5G全家享159元7折', '单C升融', '5G全家享套餐159元新入网享7折优惠活动12个月', '600000410041', '新入网单手机用户', '电话', '0.3', '0.6', '3.2', '0.8', '15000', 'TRUE'),
('901277', '5G全家享199元6折', '单C升融', '5G全家享套餐199元新入网享6折优惠活动12个月', '600000410034', '新入网高端单手机用户', '电话', '0.4', '0.58', '3.3', '0.78', '12000', 'TRUE'),
('901278', '5G全家享129元6折', '单C升融', '5G全家享套餐129元新入网享6折优惠活动12个月', '600000410014', '新入网中端单手机用户', '电话', '0.46', '0.62', '3.1', '0.82', '18000', 'TRUE'),
('901279', '5G全家享79元5折', '单C升融', '5G全家享套餐79元新入网享5折优惠活动12个月', '600000410035', '新入网低价位单手机用户', '电话', '0.5', '0.65', '3.0', '0.85', '20000', 'TRUE'),
('901280', '全家享享优惠升级239返40', '单C升融', '全家享享优惠升级239返40赠送40元话费24个月', '600000383448', '239档位单手机用户', '电话', '0', '0.55', '3.2', '0.75', '14000', 'TRUE'),
('901281', '爱家光网与千兆提速融合', '单宽深融', '爱家光网与千兆提速融合月包40元含1000M宽带提速36个月', '600000396776', '单宽带用户', '营业厅', '0', '0.58', '3.5', '0.78', '8000', 'TRUE'),
('901282', '全家享500M二宽权益', '单宽深融', '全家享500M二宽权益活动99-159元全家享套餐客户享500M二宽0元/月', '600000360332', '中小户型单宽带用户', '营业厅', '0', '0.55', '3.2', '0.75', '10000', 'TRUE'),
('901283', '1000M全家享二宽优惠', '单宽深融', '1000M全家享二宽优惠活动199元及以上全家享套餐客户享1000M二宽0元/月', '600000344428', '大户型单宽带用户', '营业厅', '0', '0.52', '3.4', '0.72', '6000', 'TRUE'),
('901284', '承诺消费129元1000M', '单宽深融', '承诺消费129元1000M宽带提速流量融合活动含10GB套外流量', '600000373536', '高价值单宽带用户', '电话', '0', '0.5', '3.3', '0.7', '12000', 'TRUE'),
('901285', '大连拉新爱家光网999', '单宽深融', '大连拉新爱家光网趸交999专属优惠活动299档位返话3600元', '600000400273', '大连新装单宽带用户', '营业厅', '0', '0.48', '3.2', '0.68', '5000', 'TRUE'),
('901286', '爱家光网30元月包', '单宽深融', '爱家光网30元月包含FTTR设备和千兆提速', '600000394548', '新装单宽带用户', '营业厅', '0', '0.52', '3.1', '0.72', '8000', 'TRUE'),
('901287', '999元爱家光网融合', '单宽深融', '999元爱家光网融合活动含两年千兆提速', '600000405893', '高端单宽带用户', '营业厅', '0.1', '0.48', '3.3', '0.68', '4000', 'TRUE'),
('901288', '爱家光网1399元趸交', '单宽深融', '爱家光网融合趸交1399元含千兆宽带服务', '600000394197', '高端新装单宽带用户', '营业厅', '0.07', '0.45', '3.2', '0.65', '3000', 'TRUE'),
('901289', '309元WIFI6千兆融合', '单宽深融', '309趸交WIFI6活动含千兆融合版服务', '600000357421', '中小户型单宽带用户', '营业厅', '0', '0.5', '2.9', '0.7', '8000', 'TRUE'),
('901290', '鞍山高校300M宽带', '单宽深融', '鞍山高校300M宽带普通合约T48', '600000404283', '高校单宽带用户', '校园渠道', '1', '0.55', '2.7', '0.75', '6000', 'TRUE'),
('901291', '全家享合约599档位接续', '高价值客户保有', '全家享合约599档位接续承诺每月套餐费消费不低于599元', '600000370830', 'ARPU>500用户', '电话', '0.3', '0.65', '3.8', '0.85', '6000', 'TRUE'),
('901292', '旺铺套餐合约499档位', '高价值客户保有', '旺铺套餐合约499档位回馈承诺套餐月租消费不低于499元', '600000376824', '企业高价值客户', '电话', '0.24', '0.62', '3.6', '0.82', '5000', 'TRUE'),
('901293', '158元5G智享套餐5折', '高价值客户保有', '158元5G智享套餐5折购实收79元12个月', '600000281460', '高价值5G用户', '短信', '0.5', '0.6', '3.4', '0.8', '8000', 'TRUE'),
('901294', '新入网399元档位', '高价值客户保有', '新入网399元档位享2000元和包券预存2000元36个月', '600000408012', '高端新入网用户', '短信', '0', '0.58', '3.5', '0.78', '6000', 'TRUE'),
('901295', '优惠购机299元全家享', '高价值客户保有', '优惠购机299元全家享免预存购机直降2200元36个月', '600000374333', '高端用户', '营业厅', '1', '0.55', '3.7', '0.75', '5000', 'TRUE'),
('901296', '优惠购机299元全家享1400', '高价值客户保有', '优惠购机299元全家享预存700元购机直降1400元24个月', '600000374105', '高端用户', '营业厅', '1', '0.52', '3.5', '0.72', '8000', 'TRUE'),
('901297', '家庭云电脑月包活动', '高价值客户保有', '2024年家庭云电脑月包活动金币PAD版含PAD一台高配GPU云电脑', '600000412814', '高端家庭用户', '营业厅', '0', '0.5', '3.6', '0.7', '4000', 'TRUE'),
('901298', '移动爱家健康守护480档', '高价值客户保有', '移动爱家健康守护福袋标准版480档含健康养老服务咪咕视频钻石会员', '600000414712', '高端老年用户', '营业厅', '0', '0.48', '3.3', '0.68', '6000', 'TRUE'),
('901299', '移动爱家教育伴学740档', '高价值客户保有', '移动爱家教育伴学福袋标准版740档含健康养老服务咪咕视频钻石会员', '600000414708', '高端家庭用户', '营业厅', '0', '0.5', '3.4', '0.7', '5000', 'TRUE'),
('901300', '移动爱家出行游玩1000档', '高价值客户保有', '移动爱家出行游玩福袋优惠版1000档含健康养老服务咪咕视频钻石会员', '600000414764', '高端用户', '营业厅', '0', '0.52', '3.5', '0.72', '4000', 'TRUE'),
('901301', '入网享40话费优惠', '控流失', '入网享40话费优惠活动新入网并承诺在网12个月首月140元次月起40元', '600000393951', '新入网流失风险用户', '短信', '0', '0.6', '2.8', '0.8', '20000', 'TRUE'),
('901302', '入网享10优惠活动B', '控流失', '入网享10优惠活动B首月90元次月起10元12个月', '600000410160', '新入网基础用户', '短信', '0', '0.58', '2.6', '0.78', '22000', 'TRUE'),
('901303', '存量享240元话费', '控流失', '存量享240元话费24个月返还控流失', '600000384731', '存量流失风险用户', '短信', '0', '0.55', '2.7', '0.75', '18000', 'TRUE'),
('901304', '新入网享60元话费', '控流失', '新入网享60元话费12个月返还控流失', '600000384728', '新入网流失风险用户', '短信', '0', '0.58', '2.6', '0.78', '20000', 'TRUE'),
('901305', '承诺消费享流量168元', '控流失', '承诺消费享流量优惠活动168元档位', '600000375099', '高价值流失风险用户', '短信', '0', '0.52', '3.0', '0.72', '15000', 'TRUE'),
('901306', '承诺消费119元享好礼', '控流失', '承诺消费119元享好礼含200分钟+10GB流量', '600000380417', '中高价值流失风险用户', '短信', '0', '0.5', '2.8', '0.7', '18000', 'TRUE'),
('901307', '10GB辽宁流量关怀', '控流失', '10GB辽宁流量关怀活动控流失', '600000366330', '辽宁地区流失风险用户', '短信', '1', '0.55', '2.6', '0.75', '20000', 'TRUE'),
('901308', '15GB辽宁流量关怀', '控流失', '15GB辽宁流量关怀活动控流失', '600000366329', '辽宁地区高流失风险用户', '短信', '1', '0.58', '2.7', '0.78', '18000', 'TRUE'),
('901309', '5G关怀服务优享', '控流失', '5G关怀服务优享延续含5GB国内通用流量', '600000313688', '5G流失风险用户', '短信', '1', '0.52', '2.5', '0.72', '22000', 'TRUE'),
('901310', '营口新入网30G流量', '控流失', '营口新入网享30G辽宁流量活动12个月', '600000381733', '营口新入网用户', '短信', '0', '0.55', '2.8', '0.75', '15000', 'TRUE'),
('901311', '乡友专属0.68元话费', '携转拦截', '乡友专属0.68元话费福利一次性充值到账', '600000385631', '携转风险用户', '短信', '1', '0.65', '2.4', '0.85', '25000', 'TRUE'),
('901312', '辽友会专属3元话费券', '携转拦截', '辽友会专属3元话费券立即到账有效期24小时', '600000319485', '携转风险用户', '短信', '1', '0.68', '2.3', '0.88', '30000', 'TRUE'),
('901313', '80元话费', '携转拦截', '80元话费立即到账有效期24小时', '600000395336', '高价值携转风险用户', '短信', '1', '0.62', '2.5', '0.82', '20000', 'TRUE'),
('901314', '100元话费', '携转拦截', '100元话费立即到账有效期24小时', '600000395294', '高价值携转风险用户', '短信', '1', '0.6', '2.6', '0.8', '18000', 'TRUE'),
('901315', '110元话费', '携转拦截', '110元话费立即到账有效期24小时', '600000395240', '超高价值携转风险用户', '短信', '1', '0.58', '2.7', '0.78', '15000', 'TRUE'),
('901316', '铁岭客户50元月费优惠', '携转拦截', '铁岭客户50元月费优惠共24个月', '600000378644', '铁岭携转风险用户', '短信', '1', '0.55', '2.8', '0.75', '12000', 'TRUE'),
('901317', '铁岭客户70元月费优惠', '携转拦截', '铁岭客户70元月费优惠共24个月', '600000378671', '铁岭高价值携转风险用户', '短信', '1', '0.52', '2.9', '0.72', '10000', 'TRUE'),
('901318', '抚顺20GB本地流量特惠', '携转拦截', '抚顺20GB本地流量特惠活动1元/月24个月', '600000416961', '抚顺携转风险用户', '短信', '1', '0.58', '2.6', '0.78', '15000', 'TRUE'),
('901319', '抚顺10GB本地流量特惠', '携转拦截', '抚顺10GB本地流量特惠活动1元/月24个月', '600000416963', '抚顺基础携转风险用户', '短信', '1', '0.6', '2.5', '0.8', '18000', 'TRUE'),
('901320', '鞍山乐享流量10G', '携转拦截', '鞍山2024年乐享流量活动36个月10G版', '600000402729', '鞍山携转风险用户', '短信', '1', '0.55', '2.4', '0.75', '20000', 'TRUE'),
('901321', '任我选生活小包活动', '促融合', '任我选生活小包活动5元/月含本地生活类权益和定向流量', '600000354099', '潜在融合用户', 'APP推送', '0', '0.62', '2.8', '0.82', '20000', 'TRUE'),
('901322', '团圆礼包半年卡', '促融合', '团圆礼包半年卡88元含288元年货包权益', '600000343319', '家庭用户', 'APP推送', '0', '0.58', '2.9', '0.78', '15000', 'TRUE'),
('901323', '视频娱乐包', '促融合', '视频娱乐包10元/月含咪咕视频钻石会员', '600000349717', '视频需求用户', 'APP推送', '0', '0.6', '3.0', '0.8', '18000', 'TRUE'),
('901324', '动感地带副卡学生证', '促融合', '沈阳动感地带副卡电子学生证最低消费10元', '600000402178', '学生用户', '校园渠道', '0', '0.65', '2.7', '0.85', '12000', 'TRUE'),
('901325', '秋季开学50GB流量', '促融合', '2024秋季开学营销享50GB校园分区流量', '600000403832', '新生用户', '校园渠道', '1', '0.7', '3.1', '0.9', '15000', 'TRUE'),
('901326', '抚顺全家享优惠购', '促融合', '2024年抚顺全家享优惠购活动100G流量', '600000382619', '抚顺用户', '电话', '1', '0.58', '3.0', '0.78', '10000', 'TRUE'),
('901327', '抚顺全家享50G', '促融合', '2024年抚顺全家享优惠购活动50G流量', '600000382620', '抚顺用户', '电话', '1', '0.55', '2.8', '0.75', '12000', 'TRUE'),
('901328', '抚顺集团客户99元', '促融合', '2023年抚顺集团客户价值保有129元全家享返10', '600000378520', '抚顺集团用户', '电话', '0.1', '0.6', '2.9', '0.8', '8000', 'TRUE'),
('901329', '抚顺集团接续99元', '促融合', '2024年抚顺集团客户接续活动99元返60', '600000390177', '抚顺集团用户', '电话', '0.61', '0.58', '2.8', '0.78', '10000', 'TRUE'),
('901330', '国家税务总局抚顺', '促融合', '2024年国家税务总局抚顺市税务局39元飞享', '600000382285', '特定单位用户', '电话', '0', '0.62', '2.7', '0.82', '6000', 'TRUE'),
('901331', '40元流量乐玩包', '流量提升', '40元流量乐玩包接续含80G通用+50G定向流量', '600000382063', '高流量需求用户', '短信', '0', '0.62', '3.0', '0.82', '18000', 'TRUE'),
('901332', '30G国内套外流量', '流量提升', '30G国内套外流量12个月需套餐内用尽后使用', '600000319860', '高流量用户', '短信', '0', '0.6', '2.8', '0.8', '20000', 'TRUE'),
('901333', '30G热门APP定向', '流量提升', '30G热门APP定向流量12个月含第三方热门APP', '600000319858', 'APP使用用户', '短信', '0', '0.58', '2.7', '0.78', '22000', 'TRUE'),
('901334', '20G国内套外流量', '流量提升', '20G国内套外流量12个月需套餐内用尽后使用', '600000319859', '中流量用户', '短信', '0', '0.55', '2.6', '0.75', '25000', 'TRUE'),
('901335', '5G国内套外流量', '流量提升', '5G国内套外流量12个月需套餐内用尽后使用', '600000319862', '5G用户', '短信', '0', '0.58', '2.9', '0.78', '20000', 'TRUE'),
('901336', '丹东10GB流量优惠', '流量提升', '2023年丹东10GB流量优惠活动12个月', '600000372272', '丹东用户', '短信', '1', '0.55', '2.5', '0.75', '15000', 'TRUE'),
('901337', '丹东5元30GB分区', '流量提升', '2024丹东5元30GB分区流量优惠活动接续', '600000397573', '丹东用户', '短信', '0', '0.58', '2.7', '0.78', '12000', 'TRUE'),
('901338', '鞍山乐享流量20G', '流量提升', '鞍山2024年乐享流量活动36个月20G版', '600000402733', '鞍山高流量用户', '短信', '1', '0.6', '2.6', '0.8', '10000', 'TRUE'),
('901339', '抚顺100G区域流量', '流量提升', '2023年抚顺供电公司赠100G区域流量活动', '600000367270', '抚顺特定用户', '短信', '1', '0.52', '2.8', '0.72', '8000', 'TRUE'),
('901340', '抚顺30G全国流量', '流量提升', '2023年抚顺市政府行业及重要异网集团赠送30G全国流量活动', '600000375861', '抚顺特定用户', '短信', '1', '0.55', '2.7', '0.75', '10000', 'TRUE'),
('901341', '5G智享套餐128元7折', '套餐升档', '5G智享套餐128元近7折优惠价格订购', '600000293261', '中端用户', '短信', '0.3', '0.58', '3.1', '0.78', '18000', 'TRUE'),
('901342', '5G全家享129元优惠10元', '套餐升档', '5G全家享套餐129元优惠10元接续实收119元', '600000313794', '中端用户', '短信', '0.08', '0.6', '3.0', '0.8', '20000', 'TRUE'),
('901343', '飞享39元优惠10元', '套餐升档', '飞享39元优惠10元接续实收29元/月', '600000313814', '低价位用户', '短信', '0.26', '0.55', '2.8', '0.75', '22000', 'TRUE'),
('901344', '全家享优惠购升级79减30', '套餐升档', '全家享优惠购升级79减30接续', '600000379062', '79元档位用户', '电话', '0.38', '0.58', '3.2', '0.78', '16000', 'TRUE'),
('901345', '全家享79合约优惠40', '套餐升档', '全家享79元合约优惠40元接续B', '600000391523', '低价位用户', '电话', '0.51', '0.55', '3.0', '0.75', '18000', 'TRUE'),
('901346', '全家享129元合约优惠60', '套餐升档', '全家享129元合约优惠60元接续B24个月', '600000391574', '中端用户', '电话', '0.46', '0.6', '3.3', '0.8', '15000', 'TRUE'),
('901347', '全家享159合约优惠70', '套餐升档', '全家享159元合约优惠70元接续活动', '600000389866', '中高端用户', '电话', '0.44', '0.62', '3.4', '0.82', '12000', 'TRUE'),
('901348', '全家享199合约优惠80', '套餐升档', '全家享199元合约优惠80元接续活动', '600000389867', '高端用户', '电话', '0.4', '0.6', '3.5', '0.8', '10000', 'TRUE'),
('901349', '全家享239合约优惠90', '套餐升档', '全家享239元合约优惠90元接续活动', '600000389868', '高端用户', '电话', '0.38', '0.58', '3.6', '0.78', '8000', 'TRUE'),
('901350', '全家享299合约优惠100', '套餐升档', '全家享299元合约优惠100元接续活动', '600000389869', '高端用户', '电话', '0.33', '0.55', '3.7', '0.75', '6000', 'TRUE'),
('901351', '1000分钟国内主叫', '语音包办理', '1000分钟国内主叫国内网内通话时长12个月', '600000298470', '高通话需求用户', '短信', '1', '0.52', '2.8', '0.72', '15000', 'TRUE'),
('901352', 'VOLTE语音体验年包', '语音包办理', '120元VOLTE语音体验年包含1200分钟', '600000406392', '通话需求用户', '短信', '0', '0.5', '2.7', '0.7', '12000', 'TRUE'),
('901353', '500分钟语音优惠', '语音包办理', '500分钟国内语音优惠活动24个月', '600000384492', '高通话需求用户', '短信', '0', '0.52', '2.6', '0.72', '14000', 'TRUE'),
('901354', '30元任我用语音包', '语音包办理', '30元任我用语音包优惠5000分钟', '600000400860', '超高通话需求用户', '短信', '0', '0.55', '2.9', '0.75', '10000', 'TRUE'),
('901355', '铁岭新入网300分钟', '语音包办理', '铁岭客户新入网300分钟语音优惠', '600000389960', '铁岭新入网用户', '短信', '0', '0.5', '2.5', '0.7', '12000', 'TRUE'),
('901356', '铁岭新入网200分钟', '语音包办理', '铁岭客户新入网200分钟语音优惠', '600000389968', '铁岭新入网用户', '短信', '0', '0.48', '2.4', '0.68', '14000', 'TRUE'),
('901357', '大洼区域随心聊', '语音包办理', '大洼区域随心聊5元优惠购5000分钟通话', '600000293513', '大洼地区用户', '短信', '0.75', '0.55', '2.6', '0.75', '8000', 'TRUE'),
('901358', '承诺消费119元享好礼', '语音包办理', '承诺消费119元享好礼含200分钟+10GB流量', '600000380417', '中高价值用户', '短信', '0', '0.52', '2.8', '0.72', '16000', 'TRUE'),
('901359', '1200分钟国内主叫', '语音包办理', '1200分钟国内主叫国内网内通话时长12个月', '600000298471', '高通话需求用户', '短信', '1', '0.5', '2.7', '0.7', '18000', 'TRUE'),
('901360', '600分钟国内主叫', '语音包办理', '600分钟国内主叫国内网内通话时长12个月', '600000298472', '中通话需求用户', '短信', '1', '0.48', '2.6', '0.68', '20000', 'TRUE'),
('901361', 'bilibili30G定向流量', '定向流量', '在网保有活动bilibili30G定向流量包24个月', '600000319112', 'bilibili用户', '短信', '0', '0.58', '2.7', '0.78', '12000', 'TRUE'),
('901362', '快手30G定向流量', '定向流量', '在网保有活动快手30G定向流量包24个月', '600000319115', '快手用户', '短信', '0', '0.55', '2.6', '0.75', '14000', 'TRUE'),
('901363', '咪咕视频30GB定向流量', '定向流量', '咪咕视频黄金会员含30GB定向流量', '600000322190', '视频用户', 'APP推送', '0', '0.6', '2.9', '0.8', '16000', 'TRUE'),
('901364', '随心看会员加5GB流量', '定向流量', '随心看会员加5GB流量活动25.9元/月含视频会员任选', '600000355224', '视频娱乐用户', 'APP推送', '0', '0.62', '3.0', '0.82', '15000', 'TRUE'),
('901365', '月末流量包', '定向流量', '咪咕视频融合月末包含10GB通用流量', '600000322823', '月末流量不足用户', 'APP推送', '0', '0.55', '2.5', '0.75', '18000', 'TRUE'),
('901366', '30G热门APP定向', '定向流量', '30G热门APP定向流量12个月含第三方热门APP', '600000319858', 'APP使用用户', '短信', '0', '0.52', '2.6', '0.72', '20000', 'TRUE'),
('901367', '任我选生活版', '定向流量', '任我选生活版活动15元/月含生活权益', '600000328976', '生活服务用户', 'APP推送', '0.33', '0.58', '2.8', '0.78', '16000', 'TRUE'),
('901368', '短剧精品年包', '定向流量', '短剧精品年包10元/月含多种娱乐权益', '600000407284', '娱乐需求用户', 'APP推送', '0', '0.6', '2.9', '0.8', '14000', 'TRUE'),
('901369', '随心看趣领Pro', '定向流量', '随心看趣领Pro流量翻倍活动29.9元/月', '600000354037', '视频需求用户', 'APP推送', '0', '0.62', '3.0', '0.82', '12000', 'TRUE'),
('901370', '咪咕足球通会员', '定向流量', '咪咕足球通会员月卡积分版含定向流量', '600000406536', '体育爱好用户', '短信', '1', '0.55', '2.7', '0.75', '10000', 'TRUE'),
('901371', '鞍山50GB分区流量', '区域流量', '鞍山50GB分区流量优惠活动存量用户', '600000365275', '鞍山地区用户', '短信', '1', '0.58', '2.8', '0.78', '12000', 'TRUE'),
('901372', '丹东50GB流量优惠', '区域流量', '2023年丹东50GB流量优惠活动12个月', '600000372269', '丹东地区用户', '短信', '1', '0.55', '2.6', '0.75', '10000', 'TRUE'),
('901373', '丹东10GB流量优惠', '区域流量', '2023年丹东10GB流量优惠活动12个月', '600000372272', '丹东地区用户', '短信', '1', '0.52', '2.5', '0.72', '12000', 'TRUE'),
('901374', '丹东5元30GB分区', '区域流量', '2024丹东5元30GB分区流量优惠活动接续', '600000397573', '丹东地区用户', '短信', '0', '0.58', '2.7', '0.78', '8000', 'TRUE'),
('901375', '抚顺100G区域流量', '区域流量', '2023年抚顺供电公司赠100G区域流量活动', '600000367270', '抚顺特定用户', '短信', '1', '0.5', '2.8', '0.7', '6000', 'TRUE'),
('901376', '抚顺30G全国流量', '区域流量', '2023年抚顺市政府行业及重要异网集团赠送30G全国流量活动', '600000375861', '抚顺特定用户', '短信', '1', '0.52', '2.7', '0.72', '8000', 'TRUE'),
('901377', '抚顺10GB本地流量特惠', '区域流量', '抚顺10GB本地流量特惠活动1元/月24个月', '600000416963', '抚顺地区用户', '短信', '1', '0.6', '2.6', '0.8', '10000', 'TRUE'),
('901378', '抚顺20GB本地流量特惠', '区域流量', '抚顺20GB本地流量特惠活动1元/月24个月', '600000416961', '抚顺地区用户', '短信', '1', '0.58', '2.7', '0.78', '12000', 'TRUE'),
('901379', '鞍山乐享流量10G', '区域流量', '鞍山2024年乐享流量活动36个月10G版', '600000402729', '鞍山地区用户', '短信', '1', '0.55', '2.5', '0.75', '14000', 'TRUE'),
('901380', '鞍山乐享流量20G', '区域流量', '鞍山2024年乐享流量活动36个月20G版', '600000402733', '鞍山高流量用户', '短信', '1', '0.58', '2.6', '0.78', '12000', 'TRUE'),
('901381', '存量享240元话费', '话费返还', '存量享240元话费24个月返还', '600000384731', '存量用户', '短信', '0', '0.58', '2.8', '0.78', '20000', 'TRUE'),
('901382', '新入网享60元话费', '话费返还', '新入网享60元话费12个月返还', '600000384728', '新入网用户', '短信', '0', '0.6', '2.7', '0.8', '22000', 'TRUE'),
('901383', '入网享40话费优惠', '话费返还', '入网享40话费优惠活动新入网并承诺在网12个月首月140元次月起40元', '600000393951', '新入网用户', '短信', '0', '0.62', '2.9', '0.82', '18000', 'TRUE'),
('901384', '入网享10优惠活动B', '话费返还', '入网享10优惠活动B首月90元次月起10元12个月', '600000410160', '新入网基础用户', '短信', '0', '0.58', '2.6', '0.78', '25000', 'TRUE'),
('901385', '锦州客户专属话费', '话费返还', '锦州客户专属话费活动20元每月返还', '600000368065', '锦州地区用户', '短信', '0', '0.55', '2.7', '0.75', '15000', 'TRUE'),
('901386', '铁岭预存200元', '话费返还', '铁岭预存200元享400元40个月返还', '600000384872', '铁岭用户', '短信', '1', '0.52', '2.6', '0.72', '12000', 'TRUE'),
('901387', '铁岭客户50元月费优惠', '话费返还', '铁岭客户50元月费优惠共24个月', '600000378644', '铁岭用户', '短信', '1', '0.5', '2.8', '0.7', '10000', 'TRUE'),
('901388', '铁岭客户70元月费优惠', '话费返还', '铁岭客户70元月费优惠共24个月', '600000378671', '铁岭高价值用户', '短信', '1', '0.48', '2.9', '0.68', '8000', 'TRUE'),
('901389', '油田通信减免', '话费返还', '2019油田通信公司号码减免10元套餐费', '600000258471', '特定行业用户', '短信', '0.26', '0.45', '2.3', '0.65', '6000', 'TRUE'),
('901390', '开原财政局保有', '话费返还', '铁岭公司2021年开原财政局集团成员保有58元', '600000304829', '特定集团客户', '短信', '0.17', '0.52', '2.7', '0.72', '5000', 'TRUE'),
('901391', '校园随心选36个月', '校园专属', '随心选校园优惠活动36个月9.9元/月', '600000365260', '在校学生', '校园渠道', '0.34', '0.65', '3.2', '0.85', '18000', 'TRUE'),
('901392', '校园权益包plus版', '校园专属', '校园权益包plus版活动30元/月含惠校园权益、随心选会员权益', '600000358074', '在校学生', '校园渠道', '0', '0.68', '3.3', '0.88', '15000', 'TRUE'),
('901393', '校园黄金会员48个月', '校园专属', '秋季开学校园黄金会员升级版48个月', '600000403724', '新生', '校园渠道', '1', '0.7', '3.5', '0.9', '12000', 'TRUE'),
('901394', '校园彩铃2元包', '校园专属', '校园彩铃包月2元优惠购活动', '600000325849', '在校学生', '校园渠道', '0.67', '0.6', '2.8', '0.8', '14000', 'TRUE'),
('901395', '校园迎新预存活动', '校园专属', '2022年校园迎新预存50元享240元话费', '600000324519', '新生', '校园渠道', '0.79', '0.65', '3.1', '0.85', '16000', 'TRUE'),
('901396', '79元套餐预存优惠', '校园专属', '79元套餐预存优惠36个月预存1600元', '600000365424', '高消费学生', '校园渠道', '1', '0.58', '3.2', '0.78', '10000', 'TRUE'),
('901397', '39元档位预存优惠', '校园专属', '39元档位预存优惠24个月预存550元', '600000373815', '基础消费学生', '校园渠道', '1', '0.55', '2.9', '0.75', '12000', 'TRUE'),
('901398', '抚顺校园迎新话费', '校园专属', '2024年抚顺校园迎新赠送480元话费活动', '600000403074', '抚顺校园用户', '校园渠道', '0', '0.62', '3.0', '0.82', '8000', 'TRUE'),
('901399', '校园迎新100元话费', '校园专属', '2023年校园迎新领100元话费活动立即到账', '600000363720', '校园新用户', '校园渠道', '0', '0.65', '2.8', '0.85', '15000', 'TRUE'),
('901400', '沈阳高校迎新话费', '校园专属', '2024年沈阳高校迎新享50元话费活动立即到账', '600000401731', '沈阳高校用户', '校园渠道', '0', '0.6', '2.7', '0.8', '12000', 'TRUE'),
('901401', '鞍山钢铁集团优惠', '企业客户', '鞍山钢铁集团有限公司套餐优惠活动', '600000389374', '企业员工用户', '短信', '0.72', '0.55', '3.0', '0.75', '10000', 'TRUE'),
('901402', '抚顺石化全家享7折', '企业客户', '2023年抚顺石化集团99元全家享打7折', '600000374943', '抚顺石化员工', '电话', '0.3', '0.58', '3.2', '0.78', '8000', 'TRUE'),
('901403', '集团客户全家享优惠90', '企业客户', '集团客户全家享套餐专属优惠活动优惠90元', '600000324761', '集团客户', '电话', '1', '0.6', '3.3', '0.8', '12000', 'TRUE'),
('901404', '集团客户全家享70元', '企业客户', '集团客户全家享套餐专属优惠活动优惠70元', '600000324752', '集团客户', '电话', '1', '0.58', '3.2', '0.78', '14000', 'TRUE'),
('901405', '集团客户全家享60元', '企业客户', '集团客户全家享套餐专属优惠活动优惠60元', '600000324764', '集团客户', '电话', '1', '0.55', '3.1', '0.75', '16000', 'TRUE'),
('901406', '集团客户全家享50元', '企业客户', '集团客户全家享套餐专属优惠活动优惠50元', '600000324767', '集团客户', '电话', '1', '0.52', '3.0', '0.72', '18000', 'TRUE'),
('901407', '京邦达供应链科技', '企业客户', '2023年辽宁京邦达供应链科技有限公司套餐优惠', '600000372693', '特定企业用户', '电话', '0', '0.58', '2.9', '0.78', '6000', 'TRUE'),
('901408', '锦州阳光能源50元', '企业客户', '2024年二季度锦州阳光能源50元员工优惠套餐', '600000390052', '锦州企业用户', '电话', '0', '0.55', '2.8', '0.75', '8000', 'TRUE'),
('901409', '国家税务总局抚顺', '企业客户', '2024年国家税务总局抚顺市税务局39元飞享', '600000382285', '特定单位用户', '电话', '0', '0.6', '2.7', '0.8', '5000', 'TRUE'),
('901410', '鞍山网格员融合套餐', '企业客户', '鞍山市网格员融合套餐优惠活动99元档位', '600000314973', '特定职业用户', '电话', '0.56', '0.52', '3.0', '0.72', '6000', 'TRUE'),
('901411', '燃气泄漏探测服务', '老年用户', '燃气泄漏探测服务优惠活动10元/月', '600000319289', '老年家庭用户', '线下', '0', '0.5', '2.6', '0.7', '12000', 'TRUE'),
('901412', '休闲娱乐福袋', '老年用户', '休闲娱乐福袋7元月包含健康养老服务', '600000404613', '老年用户', '线下', '0.29', '0.48', '2.5', '0.68', '15000', 'TRUE'),
('901413', '移动爱家美食烹饪', '老年用户', '移动爱家美食烹饪福袋标准版860档', '600000417336', '高端老年用户', '营业厅', '0.3', '0.45', '2.8', '0.65', '8000', 'TRUE'),
('901414', '移动爱家家用电器', '老年用户', '移动爱家家用电器福袋优惠版600档', '600000414772', '中端老年用户', '营业厅', '0.3', '0.48', '2.7', '0.68', '10000', 'TRUE'),
('901415', '移动爱家居家办公', '老年用户', '移动爱家居家办公福袋标准版240档', '600000417344', '基础老年用户', '营业厅', '0.25', '0.45', '2.5', '0.65', '12000', 'TRUE'),
('901416', '健康养老服务包', '老年用户', '健康讲堂基础版、健康档案、健康管理计划', '600000417336,600000414772,600000417344', '老年用户', '线下', '0', '0.5', '2.6', '0.7', '15000', 'TRUE'),
('901417', '守护宝服务', '老年用户', '超级SIM守护宝服务含位置安全守护', '600000404613', '老年用户家属', '线下', '0', '0.48', '2.4', '0.68', '12000', 'TRUE'),
('901418', '咪咕视频钻石会员', '老年用户', '咪咕视频钻石会员适合老年用户观看', '600000417336,600000414772,600000417344', '老年视频用户', '线下', '0', '0.45', '2.5', '0.65', '14000', 'TRUE'),
('901419', '云电脑服务', '老年用户', '云电脑基础版服务适合老年用户远程办公', '600000417336,600000414772,600000417344', '科技接受度高老年用户', '线下', '0', '0.42', '2.4', '0.62', '10000', 'TRUE'),
('901420', '话费福利活动', '老年用户', '乡友专属0.01元话费福利', '600000385615', '农村老年用户', '短信', '1', '0.55', '2.3', '0.75', '16000', 'TRUE'),
('901421', '新入网5G全家享2折', '新用户入网', '新入网办理5G全家享套餐129元享2折优惠', '600000374810', '新入网用户', '电话', '0.8', '0.65', '3.2', '0.85', '15000', 'TRUE'),
('901422', '新入网全家享99元', '新用户入网', '新入网全家享专享优惠99元接续含120GB流量', '600000414238', '新入网用户', '电话', '0', '0.68', '3.1', '0.88', '18000', 'TRUE'),
('901423', '优惠购机新入网99元', '新用户入网', '优惠购机新入网99元档位套餐购机直降1000元1000元云存24个月', '600000416685', '新入网高端用户', '营业厅', '1', '0.6', '3.3', '0.8', '12000', 'TRUE'),
('901424', '铁岭新入网38元启航卡', '新用户入网', '铁岭优惠购机新入网38元启航卡享降预存200元购机直降400元', '600000400633', '铁岭新入网用户', '营业厅', '1', '0.55', '3.0', '0.75', '10000', 'TRUE'),
('901425', '入网享40话费优惠', '新用户入网', '入网享40话费优惠活动新入网并承诺在网12个月首月140元次月起40元', '600000393951', '新入网用户', '短信', '0', '0.62', '2.9', '0.82', '20000', 'TRUE'),
('901426', '入网享10优惠活动B', '新用户入网', '入网享10优惠活动B首月90元次月起10元12个月', '600000410160', '新入网基础用户', '短信', '0', '0.6', '2.7', '0.8', '22000', 'TRUE'),
('901427', '新入网享60元话费', '新用户入网', '新入网享60元话费12个月返还', '600000384728', '新入网用户', '短信', '0', '0.62', '2.8', '0.82', '25000', 'TRUE'),
('901428', '丹东新入网79元5折', '新用户入网', '2022年丹东新入网办理79元全家享5折优惠', '600000325705', '丹东新用户', '电话', '0.5', '0.65', '3.0', '0.85', '8000', 'TRUE'),
('901429', '营口新入网30G流量', '新用户入网', '营口新入网享30G辽宁流量活动12个月', '600000381733', '营口新入网用户', '短信', '0', '0.58', '2.8', '0.78', '12000', 'TRUE'),
('901430', '铁岭新入网语音优惠', '新用户入网', '铁岭客户新入网300分钟语音优惠', '600000389960', '铁岭新入网用户', '短信', '0', '0.55', '2.6', '0.75', '10000', 'TRUE'),
('901431', '咪咕视频黄金会员', '会员权益', '咪咕视频黄金会员6个月优享活动', '600000322190', '视频用户', 'APP推送', '0.5', '0.6', '2.9', '0.8', '18000', 'TRUE'),
('901432', '咪咕视频钻石会员', '会员权益', '咪咕视频钻石会员适合家庭观看', '600000417336,600000414772,600000417344', '视频娱乐用户', '线下', '0', '0.62', '3.0', '0.82', '16000', 'TRUE'),
('901433', '咪咕足球通会员', '会员权益', '咪咕足球通会员月卡积分版', '600000406536', '体育爱好用户', '短信', '1', '0.55', '2.7', '0.75', '12000', 'TRUE'),
('901434', '任我选生活版', '会员权益', '任我选生活版活动15元/月含生活权益', '600000328976', '生活服务用户', 'APP推送', '0.33', '0.58', '2.8', '0.78', '15000', 'TRUE'),
('901435', '短剧精品年包', '会员权益', '短剧精品年包10元/月含多种娱乐权益', '600000407284', '娱乐需求用户', 'APP推送', '0', '0.6', '2.9', '0.8', '14000', 'TRUE'),
('901436', '随心看趣领Pro', '会员权益', '随心看趣领Pro流量翻倍活动29.9元/月', '600000354037', '视频需求用户', 'APP推送', '0', '0.62', '3.0', '0.82', '12000', 'TRUE'),
('901437', '校园黄金会员', '会员权益', '校园黄金会员升级版48个月', '600000403724', '学生用户', '校园渠道', '1', '0.65', '3.1', '0.85', '10000', 'TRUE'),
('901438', '校园权益包plus版', '会员权益', '校园权益包plus版活动30元/月含惠校园权益', '600000358074', '在校学生', '校园渠道', '0', '0.68', '3.2', '0.88', '12000', 'TRUE'),
('901439', '视频娱乐包', '会员权益', '视频娱乐包10元/月含咪咕视频钻石会员', '600000349717', '视频需求用户', 'APP推送', '0', '0.6', '2.9', '0.8', '16000', 'TRUE'),
('901440', '移动高清影视包', '会员权益', '移动高清影视包会员含25GB国内通用流量', '600000323910', '视频娱乐用户', 'APP推送', '1', '0.58', '2.8', '0.78', '18000', 'TRUE'),
('901441', '辽友会专属3元话费券', '优惠券', '辽友会专属3元话费券立即到账有效期24小时', '600000319485', '携转风险用户', '短信', '1', '0.7', '2.5', '0.9', '30000', 'TRUE'),
('901442', '乡友专属0.68元话费', '优惠券', '乡友专属0.68元话费福利一次性充值到账', '600000385631', '携转风险用户', '短信', '1', '0.68', '2.4', '0.88', '25000', 'TRUE'),
('901443', '乡友专属0.01元话费', '优惠券', '乡友专属0.01元话费福利一次性充值到账', '600000385615', '农村用户', '短信', '1', '0.65', '2.3', '0.85', '28000', 'TRUE'),
('901444', '团圆礼包半年卡', '优惠券', '团圆礼包半年卡88元含288元年货包权益', '600000343319', '家庭用户', 'APP推送', '0', '0.58', '2.9', '0.78', '15000', 'TRUE'),
('901445', '任我选生活小包', '优惠券', '任我选生活小包活动5元/月含本地生活类权益', '600000354099', '潜在融合用户', 'APP推送', '0', '0.6', '2.8', '0.8', '20000', 'TRUE'),
('901446', '159元享1400元和包券', '优惠券', '159元享1400元和包券活动36个月', '600000409380', '高价值用户', '短信', '0.88', '0.62', '3.4', '0.82', '12000', 'TRUE'),
('901447', '119元享800元和包券', '优惠券', '119元档位享800元和包券预存800元', '600000408114', '中高价值用户', '短信', '0.67', '0.58', '3.2', '0.78', '14000', 'TRUE'),
('901448', '99元享600元和包券', '优惠券', '99元档位享600元和包券预存300元', '600000408159', '中端用户', '短信', '0.61', '0.55', '3.0', '0.75', '16000', 'TRUE'),
('901449', '79元享600元和包券', '优惠券', '79元档位享600元和包券预存600元', '600000408106', '中高价值用户', '短信', '0.76', '0.52', '2.9', '0.72', '18000', 'TRUE'),
('901450', '新入网399元档位', '优惠券', '新入网399元档位享2000元和包券预存2000元36个月', '600000408012', '高端新入网用户', '短信', '0', '0.58', '3.5', '0.78', '8000', 'TRUE')
  ON CONFLICT DO NOTHING;


----------------产品信息---------------
-- 插入产品数据到products表

-- 个人套餐类产品
INSERT INTO products (id, name, category, sub_category, price, original_price, discount_supported, description, target_user_type, package_size, valid_period, applicable_scope, is_active) VALUES
(600000379062, '全家享79元套餐优惠30元', '个人套餐', '融合套餐', 49, 79, TRUE, '全家享79元套餐每月优惠30元，合约期36个月，含基础通话和流量', '中低端用户', '基础套餐', '36个月', '全国', TRUE),
(600000391574, '全家享129元套餐优惠60元', '个人套餐', '融合套餐', 69, 129, TRUE, '全家享129元套餐每月优惠60元，合约期24个月', '中端用户', '基础套餐', '24个月', '全国', TRUE),
(600000389866, '全家享159元套餐优惠70元', '个人套餐', '融合套餐', 89, 159, TRUE, '全家享159元套餐每月优惠70元，合约期24个月', '中高端用户', '基础套餐', '24个月', '全国', TRUE),
(600000389867, '全家享199元套餐优惠80元', '个人套餐', '融合套餐', 119, 199, TRUE, '全家享199元套餐每月优惠80元，合约期24个月', '高端用户', '基础套餐', '24个月', '全国', TRUE),
(600000293261, '5G智享128元套餐7折', '个人套餐', '5G套餐', 90, 128, TRUE, '5G智享128元套餐7折优惠，含5G网络服务', '5G用户', '基础套餐', '长期', '全国', TRUE),
(600000313794, '5G全家享129元优惠10元', '个人套餐', '5G套餐', 119, 129, TRUE, '5G全家享129元套餐优惠10元', '5G用户', '基础套餐', '长期', '全国', TRUE),
(600000313814, '飞享39元优惠10元', '个人套餐', '基础套餐', 29, 39, TRUE, '飞享39元套餐优惠10元，适合基础通信需求用户', '低价位用户', '基础套餐', '长期', '全国', TRUE),
(600000385276, '套餐费减免10元', '个人套餐', '套餐优惠', 0, 10, TRUE, '存量客户套餐费每月减免10元，有效期12个月', '存量用户', '套餐优惠', '12个月', '全国', TRUE),
(600000363681, '秋季迎新套餐费优惠20元', '个人套餐', '新用户优惠', 0, 20, TRUE, '秋季迎新专属套餐费优惠20元，优惠期12个月', '新入网用户', '套餐优惠', '12个月', '全国', TRUE),
(600000373018, '铂金会员优惠5元', '个人套餐', '会员优惠', 0, 5, TRUE, '铂金会员每月优惠5元费用，合约期4个月', '会员用户', '会员优惠', '4个月', '全国', TRUE),
(600000397511, '30元100G流量组合包', '流量包', '大流量包', 30, 30, TRUE, '30元100G流量组合包含30GB国内+70GB区域流量', '高流量需求用户', '100GB', '12个月', '国内+区域', TRUE),
(600000385891, '15元50G流量包', '流量包', '中流量包', 15, 15, TRUE, '15元50G流量组合包', '中流量需求用户', '50GB', '长期', '区域', TRUE),
(600000369631, '流量钜惠包优惠B', '流量包', '超大流量包', 200, 200, TRUE, '前3月500GB后3月10GB，超高流量需求用户专享', '超高流量需求用户', '500GB/10GB', '6个月', '区域', TRUE),
(600000382338, '套外流量共享包10G', '流量包', '共享流量包', 15, 15, TRUE, '15元/月10GB通用流量，支持亲情网成员间共享', '家庭用户', '10GB', '12个月', '省内', TRUE),
(600000359983, '50元流量优享包', '流量包', '大流量包', 25, 50, TRUE, '50元流量优享包25元优惠关怀活动', '关怀目标用户', '大流量包', '长期', '全国', TRUE),
(600000279741, '20元30G家园流量包', '流量包', '区域流量包', 20, 20, TRUE, '20元30G家园流量包活动存量用户专享', '乡镇用户', '30GB', '长期', '家园区域', TRUE),
(600000355148, '承诺消费38元享5GB', '流量包', '套外流量包', 0, 0, TRUE, '承诺消费38元享5GB国内套外通用流量', '基础流量需求用户', '5GB', '12个月', '全国', TRUE),
(600000361145, '承诺消费139元享5GB', '流量包', '套外流量包', 0, 0, TRUE, '承诺消费139元享5GB国内套外通用流量', '中高端用户', '5GB', '12个月', '全国', TRUE),
(600000382063, '40元流量乐玩包', '流量包', '大流量包', 40, 40, TRUE, '40元流量乐玩包含80G通用+50G定向流量', '流量需求用户', '130GB', '长期', '全国+定向', TRUE),
(600000319860, '30G国内套外流量', '流量包', '套外流量包', 0, 0, TRUE, '30G国内套外流量12个月需套餐内用尽后使用', '高流量用户', '30GB', '12个月', '全国', TRUE),
(600000298470, '1000分钟国内主叫', '语音包', '大语音包', 0, 0, TRUE, '1000分钟国内主叫国内网内通话时长', '高通话需求用户', '1000分钟', '12个月', '全国', TRUE),
(600000400860, '30元任我用语音包', '语音包', '超大语音包', 30, 30, TRUE, '30元任我用语音包优惠5000分钟', '超高通话需求用户', '5000分钟', '长期', '全国', TRUE),
(600000384492, '500分钟语音优惠', '语音包', '中语音包', 0, 0, TRUE, '500分钟国内语音优惠活动', '高通话需求用户', '500分钟', '24个月', '全国', TRUE),
(600000406392, 'VOLTE语音体验年包', '语音包', '语音年包', 120, 120, TRUE, '120元VOLTE语音体验年包含1200分钟', '通话需求用户', '1200分钟', '12个月', '全国', TRUE),
(600000389960, '铁岭新入网300分钟', '语音包', '区域语音包', 0, 0, TRUE, '铁岭客户新入网300分钟语音优惠', '铁岭新入网用户', '300分钟', '长期', '铁岭地区', TRUE),
(600000389968, '铁岭新入网200分钟', '语音包', '区域语音包', 0, 0, TRUE, '铁岭客户新入网200分钟语音优惠', '铁岭新入网用户', '200分钟', '长期', '铁岭地区', TRUE),
(600000293513, '大洼区域随心聊', '语音包', '区域语音包', 5, 20, TRUE, '大洼区域随心聊5元优惠购5000分钟通话', '大洼地区用户', '5000分钟', '长期', '大洼地区', TRUE),
(600000380417, '承诺消费119元享好礼', '语音包', '语音流量包', 0, 0, TRUE, '承诺消费119元享好礼含200分钟+10GB流量', '中高价值用户', '200分钟+10GB', '长期', '全国', TRUE),
(600000298471, '1200分钟国内主叫', '语音包', '大语音包', 0, 0, TRUE, '1200分钟国内主叫国内网内通话时长', '高通话需求用户', '1200分钟', '12个月', '全国', TRUE),
(600000298472, '600分钟国内主叫', '语音包', '中语音包', 0, 0, TRUE, '600分钟国内主叫国内网内通话时长', '中通话需求用户', '600分钟', '12个月', '全国', TRUE),
(600000416250, '千兆宽带提速10元', '家庭宽带', '千兆宽带', 10, 10, TRUE, '沈阳中高端客户高清千兆提速活动', '中高端宽带用户', '1000M', '长期', '沈阳地区', TRUE),
(600000394548, '爱家光网30元月包', '家庭宽带', 'FTTR宽带', 30, 30, TRUE, '爱家光网30元月包含FTTR设备和千兆提速', '新装宽带用户', '1000M', '长期', '全国', TRUE),
(600000405893, '999元爱家光网融合', '家庭宽带', '融合宽带', 999, 999, TRUE, '999元爱家光网融合活动含两年千兆提速', '高端家庭用户', '1000M', '24个月', '全国', TRUE),
(600000394197, '爱家光网1399元趸交', '家庭宽带', '融合宽带', 1399, 1399, TRUE, '爱家光网融合趸交1399元含千兆宽带服务', '高端新装用户', '1000M', '长期', '全国', TRUE),
(600000357421, '309元WIFI6千兆融合', '家庭宽带', 'WIFI6宽带', 309, 309, TRUE, '309趸交WIFI6活动含千兆融合版服务', '中小户型用户', '1000M', '长期', '全国', TRUE),
(600000404283, '鞍山高校300M宽带', '家庭宽带', '校园宽带', 0, 0, TRUE, '鞍山高校300M宽带普通合约', '高校学生用户', '300M', '48个月', '鞍山高校', TRUE),
(600000275165, '300M宽带专属合约', '家庭宽带', '基础宽带', 0, 0, TRUE, '300M宽带套餐专属合约活动0元/月', '全家享79元套餐用户', '300M', '长期', '全国', TRUE),
(600000391173, '旺铺礼包500M商客', '家庭宽带', '商客宽带', 0, 0, TRUE, '旺铺礼包商客三年500M宽带服务', '小微企业用户', '500M', '36个月', '全国', TRUE),
(600000414421, '云电脑千兆提速融合', '家庭宽带', '云电脑宽带', 0, 0, TRUE, '2024年云电脑与千兆提速融合活动', '办公娱乐用户', '1000M', '长期', '全国', TRUE),
(600000394685, '宽带提速赠减免券', '家庭宽带', '宽带优惠', 0, 0, TRUE, '宽带提速赠减免券活动10元500M档', '存量宽带用户', '500M', '长期', '全国', TRUE),(600000358074, '校园权益包plus版', '数字化权益', '校园权益', 30, 30, TRUE, '校园权益包plus版含惠校园权益、随心选会员权益', '在校学生', '综合权益', '长期', '校园', TRUE),
(600000349717, '视频娱乐包', '数字化权益', '视频权益', 10, 10, TRUE, '视频娱乐包10元/月含视频钻石会员', '视频需求用户', '视频会员', '长期', '全国', TRUE),
(600000309183, '和校园优惠活动', '数字化权益', '校园权益', 10, 10, TRUE, '10元和校园优惠活动含3G国内通用流量', '校园用户', '3GB+权益', '12个月', '全国', TRUE),
(600000402178, '动感地带副卡学生证', '数字化权益', '学生权益', 10, 10, TRUE, '沈阳动感地带副卡电子学生证最低消费10元', '学生用户', '学生权益', '长期', '沈阳地区', TRUE),
(600000403832, '秋季开学50GB流量', '数字化权益', '校园流量', 0, 0, TRUE, '2024秋季开学营销享50GB校园分区流量', '新生用户', '50GB', '长期', '校园分区', TRUE),
(600000354099, '任我选生活小包', '数字化权益', '生活权益', 5, 5, TRUE, '任我选生活小包活动5元/月含本地生活类权益', '潜在融合用户', '生活权益', '长期', '全国', TRUE),
(600000343319, '团圆礼包半年卡', '数字化权益', '节日权益', 88, 88, TRUE, '团圆礼包半年卡88元含288元年货包权益', '家庭用户', '综合权益', '6个月', '全国', TRUE),
(600000328976, '任我选生活版', '数字化权益', '生活权益', 15, 22.5, TRUE, '任我选生活版活动15元/月含生活权益', '生活服务用户', '生活权益', '长期', '全国', TRUE),
(600000407284, '短剧精品年包', '数字化权益', '娱乐权益', 10, 10, TRUE, '短剧精品年包10元/月含多种娱乐权益', '娱乐需求用户', '娱乐权益', '12个月', '全国', TRUE),
(600000354037, '随心看趣领Pro', '数字化权益', '视频权益', 29.9, 29.9, TRUE, '随心看趣领Pro流量翻倍活动', '视频需求用户', '视频权益', '长期', '全国', TRUE),
(600000416115, '优惠购机4000元云存', '硬件', '终端购机', 0, 4000, TRUE, '优惠购机套餐购机直降4000元含4000元云存36个月', '高端用户', '终端+云存', '36个月', '全国', TRUE),
(600000415579, '优惠购机2000元云存', '硬件', '终端购机', 0, 2000, TRUE, '优惠购机套餐购机直降4000元含2000元云存36个月', '高端用户', '终端+云存', '36个月', '全国', TRUE),
(600000371264, '大连特定客群59档位', '硬件', '终端购机', 500, 500, TRUE, '大连特定客群59档位预存500元直降950元36个月', '大连地区用户', '终端', '36个月', '大连地区', TRUE),
(600000371392, '大连特定客群129档位', '硬件', '终端购机', 1200, 1200, TRUE, '大连特定客群129档位预存1200元直降2300元36个月', '大连高价值用户', '终端', '36个月', '大连地区', TRUE),
(600000400633, '铁岭新入网38元启航卡', '硬件', '终端购机', 200, 200, TRUE, '铁岭优惠购机新入网38元启航卡享降预存200元购机直降400元', '铁岭新入网用户', '终端', '长期', '铁岭地区', TRUE),
(600000361731, '抚顺武警纪委159元档位', '硬件', '终端购机', 0, 0, TRUE, '抚顺特定单位159元套餐档位购机直降1910元免预存', '特定单位用户', '终端', '长期', '抚顺地区', TRUE),
(600000350165, '优惠购机129元全家享', '硬件', '终端购机', 500, 500, TRUE, '优惠购机129元全家享预存500元购机直降900元24个月', '中高端用户', '终端', '24个月', '全国', TRUE),
(600000349107, '优惠购机399元全家享', '硬件', '终端购机', 0, 0, TRUE, '优惠购机399元全家享月优惠120元12个月', '高端用户', '终端', '12个月', '全国', TRUE),
(600000416685, '新入网99元档位', '硬件', '终端购机', 0, 0, TRUE, '优惠购机新入网99元档位套餐购机直降1000元1000元云存24个月', '新入网高端用户', '终端+云存', '24个月', '全国', TRUE),
(600000416228, '优惠购机加赠200元', '硬件', '终端补贴', 0, 0, TRUE, '优惠购机加赠200元5G金币活动', '购机用户', '购机补贴', '长期', '全国', TRUE)
  ON CONFLICT DO NOTHING;

-- 集团业务类产品
INSERT INTO products (id, name, category, sub_category, price, original_price, discount_supported, description, target_user_type, package_size, valid_period, applicable_scope, is_active) VALUES
(600000389374, '鞍山钢铁集团优惠', '集团业务', '企业优惠', 0, 0, TRUE, '鞍山钢铁集团有限公司套餐优惠活动', '企业员工用户', '企业套餐', '长期', '鞍山地区', TRUE),
(600000374943, '抚顺石化全家享7折', '集团业务', '企业优惠', 0, 0, TRUE, '抚顺石化集团99元全家享打7折', '抚顺石化员工', '企业套餐', '长期', '抚顺地区', TRUE),
(600000324761, '集团客户全家享优惠90', '集团业务', '企业优惠', 0, 90, TRUE, '集团客户全家享套餐专属优惠活动优惠90元', '集团客户', '企业套餐', '长期', '全国', TRUE),
(600000324752, '集团客户全家享70元', '集团业务', '企业优惠', 0, 70, TRUE, '集团客户全家享套餐专属优惠活动优惠70元', '集团客户', '企业套餐', '长期', '全国', TRUE),
(600000324764, '集团客户全家享60元', '集团业务', '企业优惠', 0, 60, TRUE, '集团客户全家享套餐专属优惠活动优惠60元', '集团客户', '企业套餐', '长期', '全国', TRUE),
(600000324767, '集团客户全家享50元', '集团业务', '企业优惠', 0, 50, TRUE, '集团客户全家享套餐专属优惠活动优惠50元', '集团客户', '企业套餐', '长期', '全国', TRUE),
(600000372693, '京邦达供应链科技', '集团业务', '企业优惠', 0, 0, TRUE, '辽宁京邦达供应链科技有限公司套餐优惠', '特定企业用户', '企业套餐', '长期', '辽宁地区', TRUE),
(600000390052, '锦州阳光能源50元', '集团业务', '企业优惠', 0, 50, TRUE, '锦州阳光能源50元员工优惠套餐', '锦州企业用户', '企业套餐', '长期', '锦州地区', TRUE),
(600000382285, '国家税务总局抚顺', '集团业务', '政府优惠', 0, 0, TRUE, '国家税务总局抚顺市税务局39元飞享', '特定单位用户', '政府套餐', '长期', '抚顺地区', TRUE),
(600000314973, '鞍山网格员融合套餐', '集团业务', '职业优惠', 0, 0, TRUE, '鞍山市网格员融合套餐优惠活动99元档位', '特定职业用户', '职业套餐', '长期', '鞍山地区', TRUE)
  ON CONFLICT DO NOTHING;

-- 区域专属类产品
INSERT INTO products (id, name, category, sub_category, price, original_price, discount_supported, description, target_user_type, package_size, valid_period, applicable_scope, is_active) VALUES
(600000365275, '鞍山50GB分区流量', '区域专属', '区域流量', 0, 0, TRUE, '鞍山50GB分区流量优惠活动存量用户', '鞍山地区用户', '50GB', '长期', '鞍山地区', TRUE),
(600000372269, '丹东50GB流量优惠', '区域专属', '区域流量', 0, 0, TRUE, '2023年丹东50GB流量优惠活动', '丹东地区用户', '50GB', '12个月', '丹东地区', TRUE),
(600000372272, '丹东10GB流量优惠', '区域专属', '区域流量', 0, 0, TRUE, '2023年丹东10GB流量优惠活动', '丹东地区用户', '10GB', '12个月', '丹东地区', TRUE),
(600000397573, '丹东5元30GB分区', '区域专属', '区域流量', 5, 5, TRUE, '2024丹东5元30GB分区流量优惠活动接续', '丹东地区用户', '30GB', '长期', '丹东地区', TRUE),
(600000367270, '抚顺100G区域流量', '区域专属', '区域流量', 0, 0, TRUE, '2023年抚顺供电公司赠100G区域流量活动', '抚顺特定用户', '100GB', '长期', '抚顺地区', TRUE),
(600000375861, '抚顺30G全国流量', '区域专属', '区域流量', 0, 0, TRUE, '2023年抚顺市政府行业及重要异网集团赠送30G全国流量活动', '抚顺特定用户', '30GB', '长期', '全国', TRUE),
(600000416963, '抚顺10GB本地流量特惠', '区域专属', '区域流量', 1, 1, TRUE, '抚顺10GB本地流量特惠活动1元/月24个月', '抚顺地区用户', '10GB', '24个月', '抚顺地区', TRUE),
(600000416961, '抚顺20GB本地流量特惠', '区域专属', '区域流量', 1, 1, TRUE, '抚顺20GB本地流量特惠活动1元/月24个月', '抚顺地区用户', '20GB', '24个月', '抚顺地区', TRUE),
(600000402729, '鞍山乐享流量10G', '区域专属', '区域流量', 0, 0, TRUE, '鞍山2024年乐享流量活动36个月10G版', '鞍山地区用户', '10GB', '36个月', '鞍山地区', TRUE),
(600000402733, '鞍山乐享流量20G', '区域专属', '区域流量', 0, 0, TRUE, '鞍山2024年乐享流量活动36个月20G版', '鞍山高流量用户', '20GB', '36个月', '鞍山地区', TRUE)
  ON CONFLICT DO NOTHING;

-- 老年用户类产品
INSERT INTO products (id, name, category, sub_category, price, original_price, discount_supported, description, target_user_type, package_size, valid_period, applicable_scope, is_active) VALUES
(600000319289, '燃气泄漏探测服务', '老年用户', '安全服务', 10, 10, TRUE, '燃气泄漏探测服务优惠活动含两年燃气泄漏报警服务', '老年家庭用户', '安全服务', '24个月', '全国', TRUE),
(600000404613, '休闲娱乐福袋7元月包', '老年用户', '综合服务', 7, 7, TRUE, '休闲娱乐福袋含健康养老服务、守护宝服务、3GB区域通用流量', '老年用户', '综合服务', '24个月', '区域', TRUE),
(600000417336, '移动爱家美食烹饪福袋', '老年用户', '生活服务', 860, 860, TRUE, '移动爱家美食烹饪福袋标准版含健康养老服务、视频会员等', '高端老年用户', '生活服务', '24个月', '全国', TRUE),
(600000414772, '移动爱家家用电器福袋', '老年用户', '家电服务', 600, 600, TRUE, '移动爱家家用电器福袋优惠版含健康养老服务、视频会员等', '中端老年用户', '家电服务', '24个月', '全国', TRUE),
(600000417344, '移动爱家居家办公福袋', '老年用户', '办公服务', 240, 240, TRUE, '移动爱家居家办公福袋标准版含健康养老服务、视频会员等', '基础老年用户', '办公服务', '24个月', '全国', TRUE),
(600000385615, '乡友专属0.01元话费', '老年用户', '话费福利', 0, 0, TRUE, '乡友专属0.01元话费福利一次性充值到账', '农村老年用户', '话费福利', '立即', '全国', TRUE),
(600000417348, '移动爱家健康守护福袋480档', '老年用户', '健康服务', 480, 480, TRUE, '移动爱家健康守护福袋标准版含健康养老服务、视频会员等', '高端老年用户', '健康服务', '24个月', '全国', TRUE),
(600000414684, '移动爱家家用电器福袋600档', '老年用户', '家电服务', 600, 600, TRUE, '移动爱家家用电器福袋促销版含健康养老服务、视频会员等', '中端老年用户', '家电服务', '24个月', '全国', TRUE),
(600000414724, '移动爱家居家办公福袋240档', '老年用户', '办公服务', 240, 240, TRUE, '移动爱家居家办公福袋标准版含健康养老服务、视频会员等', '基础老年用户', '办公服务', '24个月', '全国', TRUE),
(600000417284, '移动爱家安全防护福袋480档', '老年用户', '安防服务', 480, 480, TRUE, '移动爱家安全防护福袋优惠版含安防服务、视频会员等', '安全需求老年用户', '安防服务', '24个月', '全国', TRUE)
  ON CONFLICT DO NOTHING;

-- 新增300个产品记录（第1-50个）
INSERT INTO products (id, name, category, sub_category, price, original_price, discount_supported, description, target_user_type, package_size, valid_period, applicable_scope, is_active) VALUES
(600000224475, '50元任我用优惠活动', '个人套餐', '大流量套餐', 50, 50, TRUE, '50元任我用优惠活动，合约期24个月，每月享受50元任我用优惠，到期自动续延12个月', '高流量需求用户', '大流量套餐', '24个月', '全国', TRUE),
(600000367416, '流量超值购30元30G', '流量包', '中流量包', 30, 30, TRUE, '30元30GB国内流量，办理次月生效，有效期12个月，流量不含港澳台，不支持共享及结转', '中流量需求用户', '30GB', '12个月', '国内', TRUE),
(600000316853, '5G关怀服务权益版', '数字化权益', '5G权益包', 0, 0, TRUE, '每月5GB国内通用流量、30GB抖音快手专属定向流量、黄金会员轻享版及视频彩铃，有效期6个月', '5G用户', '综合权益', '6个月', '全国+定向', TRUE),
(600000363577, '校园迎新20G辽宁流量包', '区域专属', '校园流量包', 0, 0, TRUE, '校园迎新专属0元20G辽宁流量包，每月可享20GB辽宁流量，不支持结转，支持共享，优惠期48个月', '在校学生', '20GB', '48个月', '辽宁地区', TRUE),
(600000370825, '全家享合约239档位接续', '个人套餐', '融合套餐', 169, 239, TRUE, '承诺每月套餐费消费不低于239元，可继续享受全家享合约活动中已选业务优惠，上限不超过70元/月，合约期24个月', '高端家庭用户', '融合套餐', '24个月', '全国', TRUE),
(600000264823, '福气双惠包升级版15元', '流量包', '语音流量包', 15, 15, TRUE, '15元/月包含10G国内流量、15G定向流量、500分钟国内主叫通话时长，优惠期12个月', '综合需求用户', '25GB+500分钟', '12个月', '全国+定向', TRUE),
(600000350117, '优惠购机159元全家享预存900元', '硬件', '终端购机', 900, 900, TRUE, '159元全家享预存900元购机直降1700元，预存话费首月25元，次月起35个月每月25元，合约期36个月', '中高端用户', '终端+话费', '36个月', '全国', TRUE),
(600000323312, '校园迎新预存100元话费', '话费优惠', '校园话费包', 100, 100, TRUE, '校园迎新预存100元话费活动，预存话费立即到账', '新生用户', '100元话费', '立即', '全国', TRUE),
(600000304545, '5G全家享129优惠20元', '个人套餐', '5G套餐', 109, 129, TRUE, '5G全家享套餐129元优惠20元，实收109元/月，含和彩云200G空间及视频钻石会员权益，合约期12个月', '5G用户', '基础套餐', '12个月', '全国', TRUE),
(600000241920, '套餐低消68元档位', '个人套餐', '基础套餐', 68, 68, TRUE, '套餐低消68元档位活动，包含200分钟国内主叫、500分钟网内通话、10G全国高速通用流量', '基础用户', '10GB+700分钟', '长期', '全国', TRUE),
(600000321021, '辽宁邮政资费优惠', '集团业务', '企业优惠', 0, 0, TRUE, '辽宁邮政资费优惠活动，含20G国内通用流量、2500分钟国内通话、500条短信，优惠期24个月', '企业用户', '20GB+2500分钟', '24个月', '全国', TRUE),
(600000339725, '乐享60G权益接续', '流量包', '大流量包', 0, 0, TRUE, '乐享60G权益接续，每月60GB国内通用流量，不含港澳台，不支持结转及共享，有效期12个月', '高流量用户', '60GB', '12个月', '国内', TRUE),
(600000391172, '旺铺礼包商客三年1000M', '家庭宽带', '商客宽带', 1988, 1988, TRUE, '旺铺礼包商客三年1000M，总收费1988元，含1000M宽带、支付助手、发券助手及四项服务四选四', '小微企业用户', '1000M宽带', '36个月', '全国', TRUE),
(600000370828, '全家享合约299档位接续', '个人套餐', '高端融合套餐', 209, 299, TRUE, '承诺每月套餐费消费不低于299元，可继续享受全家享合约活动中已选业务优惠，上限不超过90元/月，合约期24个月', '高端用户', '高端套餐', '24个月', '全国', TRUE),
(600000372639, '在网享福利50G辽宁通用流量', '区域专属', '区域流量包', 0, 0, TRUE, '在网享福利50G辽宁通用流量，每月50GB辽宁通用流量，可在辽宁区域内使用，不支持结转及共享，优惠期12个月', '辽宁用户', '50GB', '12个月', '辽宁地区', TRUE),
(600000395030, '120元语音包特惠购', '语音包', '大语音包', 120, 120, TRUE, '120元语音包特惠购，享受2000分钟国内主叫、1500分钟辽宁地区主叫、10GB辽宁地区通用流量，优惠期12个月', '高通话需求用户', '3500分钟+10GB', '12个月', '辽宁地区', TRUE),
(600000361147, '承诺消费199元享100分钟', '语音包', '语音优惠包', 0, 0, TRUE, '承诺消费199元享100分钟国内主叫通话时长，活动期12个月', '高端用户', '100分钟', '12个月', '全国', TRUE),
(600000349245, '优惠购机159元全家享月优惠50元', '硬件', '终端补贴', 0, 50, TRUE, '优惠购机159元全家享月优惠50元，前6个月需在指定卡槽使用且每月至少500MB流量，合约期24个月', '中高端用户', '50元补贴', '24个月', '全国', TRUE),
(600000407115, '239元档位购泛终端直降1000元', '硬件', '终端购机', 1000, 1000, TRUE, '239元档位购泛终端直降1000元，预存1000元，每月60元套餐优惠及120GB辽宁地区通用流量，合约期36个月', '高端用户', '终端+流量', '36个月', '辽宁地区', TRUE),
(600000395121, '家庭安防云存全天事件资源包', '数字化权益', '安防服务', 450, 450, TRUE, '家庭安防云存全天事件资源包，一次性收费450元，享30天全天云存储服务及15项AI能力，有效期36个月', '家庭用户', '安防服务', '36个月', '全国', TRUE),
(600000409902, '2024云电脑活动进阶版', '数字化权益', '云电脑服务', 15, 15, TRUE, '2024云电脑活动进阶版，提供4核CPU、8G内存、80G硬盘配置的云电脑服务，合约期24个月', '办公用户', '云电脑服务', '24个月', '全国', TRUE),
(600000396651, '全家享优惠购plus版升级199减20', '个人套餐', '融合套餐', 179, 199, TRUE, '全家享优惠购plus版升级199减20，每月20元套餐优惠，叠加60GB辽宁地区通用流量及100分钟国内主叫，合约期36个月', '中高端用户', '融合套餐', '36个月', '辽宁地区', TRUE),
(600000415242, '优惠购机套餐优惠159元档位', '硬件', '终端购机', 0, 40, TRUE, '优惠购机套餐优惠159元档位，199减40，每月40元套餐优惠，叠加30GB辽宁地区通用流量，合约期36个月', '中高端用户', '套餐优惠', '36个月', '辽宁地区', TRUE),
(600000405797, '移动优选PLUS会员99元优选年包', '数字化权益', '会员年包', 99, 99, TRUE, '移动优选PLUS会员99元优选年包，含以旧换新加价券、新机优惠券、碎屏险服务、贴膜优惠券等，有效期12个月', '高端用户', '综合权益', '12个月', '全国', TRUE),
(600000415241, '优惠购机套餐优惠359元档位', '硬件', '高端终端购机', 0, 40, TRUE, '优惠购机套餐优惠359元档位，399减40，每月40元套餐优惠，叠加450GB辽宁地区通用流量及700分钟国内主叫，合约期36个月', '高端用户', '高端套餐', '36个月', '辽宁地区', TRUE),
(600000407114, '129元档位购泛终端直降800元', '硬件', '终端购机', 800, 800, TRUE, '129元档位购泛终端直降800元，预存800元，每月30元套餐优惠及20GB辽宁地区通用流量，合约期36个月', '中端用户', '终端+流量', '36个月', '辽宁地区', TRUE),
(600000416669, '优惠购机新入网239元档位', '硬件', '新用户终端购机', 3000, 3000, TRUE, '优惠购机新入网239元档位，购机直降3000元，含3000GB云盘定向流量，赠送3000元话费分24个月返还', '新入网高端用户', '终端+云存+话费', '24个月', '全国', TRUE),
(600000401967, '积分兑加油券10000分', '数字化权益', '积分兑换', 100, 100, TRUE, '积分兑加油券10000分，兑换100元话费返还，享受中石化200-20加油券5张，合约期1个月', '积分用户', '加油权益', '1个月', '全国', TRUE),
(600000412405, '399元档位享5000元和包券', '话费优惠', '新用户优惠', 0, 0, TRUE, '399元档位享5000元和包券，新入网用户专享，合约期36个月', '新入网高端用户', '5000元券', '36个月', '全国', TRUE),
(600000414800, '移动爱家美食烹饪福袋860档', '老年用户', '生活服务', 860, 860, TRUE, '移动爱家美食烹饪福袋优惠版860档，含GPU云电脑服务、健康养老服务、视频会员等，分24个月返还730元话费', '高端老年用户', '综合服务', '24个月', '全国', TRUE),
(600000393011, '保底299享购机直降', '硬件', '终端购机', 0, 0, TRUE, '保底299享购机直降，月保底消费299元即可享受购机直降优惠，合约期12个月', '高端用户', '购机优惠', '12个月', '全国', TRUE),
(600000323316, '校园迎新预存50元话费', '话费优惠', '校园话费包', 50, 50, TRUE, '校园迎新预存50元话费活动，预存话费立即到账', '新生用户', '50元话费', '立即', '全国', TRUE),
(600000343318, '团圆礼包随心看年卡', '数字化权益', '视频年卡', 128, 128, TRUE, '团圆礼包随心看年卡，每月可领取六款视频会员月卡权益中的一款，含15GB视频APP定向流量，有效期12个月', '视频用户', '视频会员', '12个月', '全国', TRUE),
(600000379056, '全家享优惠购升级79减40', '个人套餐', '低价融合套餐', 39, 79, TRUE, '全家享优惠购升级79减40，每月40元套餐优惠，合约期36个月', '低价位用户', '基础套餐', '36个月', '全国', TRUE),
(600000376810, '旺铺套餐合约99档位回馈', '集团业务', '企业套餐', 69, 99, TRUE, '旺铺套餐合约99档位回馈，承诺月租不低于99元，享套餐费优惠30元/月及业务优惠25元/月，合约期24个月', '企业用户', '企业套餐', '24个月', '全国', TRUE),
(600000346799, '福气畅聊包20元', '语音包', '老年语音包', 20, 20, TRUE, '福气畅聊包20元，含2张5元超市券、1000分钟省内主叫省内移动通话时长，仅限60周岁及以上客户办理', '老年用户', '1000分钟+权益', '12个月', '省内', TRUE),
(600000368946, '3元语音优惠包', '语音包', '小额语音包', 3, 3, TRUE, '3元语音优惠包，享受50分钟辽宁地区主叫辽宁移动号码通话时长，有效期12个月', '基础用户', '50分钟', '12个月', '辽宁地区', TRUE),
(600000406832, '219元档位购泛终端直降1000元', '硬件', '终端购机', 500, 500, TRUE, '219元档位购泛终端直降1000元，预存500元话费，每月20元套餐优惠及100GB辽宁地区通用流量，合约期25个月', '中高端用户', '终端+流量', '25个月', '辽宁地区', TRUE),
(600000353694, '保底89元金币按月兑换话费', '话费优惠', '话费返还', 0, 89, TRUE, '保底89元金币按月兑换话费，从第3个月起每月返还2700个金币兑换话费，共返还20个月', '基础用户', '话费返还', '24个月', '全国', TRUE),
(600000415227, '优惠购机套餐优惠99元档位', '硬件', '终端购机', 0, 30, TRUE, '优惠购机套餐优惠99元档位，129减30，每月30元套餐优惠，叠加15GB辽宁地区通用流量及50分钟国内主叫，合约期36个月', '中端用户', '套餐优惠', '36个月', '辽宁地区', TRUE),
(600000397908, '移动爱家居家办公福袋150档', '老年用户', '办公服务', 150, 150, TRUE, '移动爱家居家办公福袋促销版150档，含健康养老服务、6个月云电脑基础版服务，分24个月返还150元', '基础老年用户', '办公服务', '24个月', '全国', TRUE),
(600000363871, '28启航权益活动', '校园专属', '校园权益包', 12, 12, TRUE, '28启航权益活动，费用12元/月，享惠生活权益，合约期48个月', '新生用户', '生活权益', '48个月', '全国', TRUE),
(600000413072, '优惠购机新入网99元档位', '硬件', '新用户终端购机', 750, 750, TRUE, '优惠购机新入网99元档位，购机直降1500元，预存750元话费，每月10GB辽宁地区通用流量，合约期36个月', '新入网用户', '终端+流量', '36个月', '辽宁地区', TRUE),
(600000417577, '2025年锦鲤尊奢年包', '数字化权益', '节日权益包', 0, 0, TRUE, '2025年锦鲤尊奢年包金蛇狂舞版，活动办理立即生效，到期自动取消', '高端用户', '节日权益', '长期', '全国', TRUE),
(600000399658, '2024年集团客户1元50G省内流量', '集团业务', '企业流量包', 1, 1, TRUE, '2024年集团客户1元50G省内流量，1元购买50G省内流量，到期自动取消', '企业用户', '50GB', '长期', '省内', TRUE),
(600000382619, '2024年抚顺全家享优惠购100G', '区域专属', '区域流量包', 0, 0, TRUE, '2024年抚顺全家享优惠购活动100G，连续36个月享100G辽宁省内流量，支持共享，不支持结转', '抚顺用户', '100GB', '36个月', '辽宁地区', TRUE),
(600000374943, '2023年抚顺石化全家享7折', '集团业务', '企业优惠', 69.3, 99, TRUE, '2023年抚顺石化集团99元全家享打7折，实收69.3元/月，业务优惠期间需保持在网络下使用', '企业员工', '企业套餐', '长期', '抚顺地区', TRUE),
(600000374944, '2023年抚顺石化赠送400分钟', '集团业务', '企业语音包', 0, 0, TRUE, '2023年抚顺石化集团赠送400分钟国内语音通话，业务优惠期间需保持在网络下使用', '企业员工', '400分钟', '长期', '全国', TRUE),
(600000378520, '2023年抚顺集团客户返10元', '集团业务', '企业话费优惠', 119, 129, TRUE, '2023年抚顺集团客户价值保有129元全家享返10，实际119元/月', '企业用户', '企业套餐', '长期', '抚顺地区', TRUE)
  ON CONFLICT DO NOTHING;

-- 新增产品记录（第51-100个）
INSERT INTO products (id, name, category, sub_category, price, original_price, discount_supported, description, target_user_type, package_size, valid_period, applicable_scope, is_active) VALUES
(600000367271, '2023年抚顺供电公司赠30G全国流量', '集团业务', '企业流量包', 0, 0, TRUE, '2023年抚顺供电公司赠30G全国流量活动，每月赠送30G全国流量', '企业用户', '30GB', '长期', '全国', TRUE),
(600000294860, '营销活动赠送500分钟语音包', '语音包', '语音赠送包', 0, 0, TRUE, '营销活动赠送国内主叫500分钟语音包，包含500分钟套外国内主叫，到期自动取消', '目标用户', '500分钟', '长期', '全国', TRUE),
(600000390170, '2024年抚顺集团客户送20G省内流量', '集团业务', '企业流量包', 0, 0, TRUE, '2024年抚顺集团客户接续活动送20G省内流量，0元/月', '企业用户', '20GB', '长期', '省内', TRUE),
(600000410022, '5G全家享79元新入网7折', '个人套餐', '新用户5G套餐', 55.3, 79, TRUE, '5G全家享套餐79元新入网享7折优惠，实收55.3元/月，合约期12个月', '新入网用户', '5G套餐', '12个月', '全国', TRUE),
(600000331696, '全家享99元返还70元话费', '话费优惠', '话费返还', 99, 99, TRUE, '全家享99元返还70元话费，赠送1680元话费分24个月每月返还70元', '中端用户', '1680元话费', '24个月', '全国', TRUE),
(600000319113, '在网保有头条抖音30G定向流量包', '流量包', '定向流量包', 0, 0, TRUE, '在网保有活动头条抖音30G定向流量包，连续24个月享15G定向流量用于抖音APP', '短视频用户', '15GB', '24个月', '抖音APP', TRUE),
(600000382291, '2024年国家税务总局抚顺29元飞享', '集团业务', '政府优惠', 29, 29, TRUE, '2024年国家税务总局抚顺市税务局29元飞享，实际29元/月', '政府用户', '基础套餐', '长期', '抚顺地区', TRUE),
(600000375855, '2023年抚顺市政府购机直降3300元', '硬件', '政府终端购机', 0, 0, TRUE, '2023年抚顺市政府行业159元全家享购机直降3300元免预存，159元/月', '政府用户', '终端', '36个月', '抚顺地区', TRUE),
(600000370659, '2023年四季度存量客户99减10', '个人套餐', '存量优惠', 89, 99, TRUE, '2023年四季度存量客户价值提升活动99减10，每月10元套餐费优惠及20G辽宁省内流量赠送，有效期24个月', '存量用户', '基础套餐', '24个月', '辽宁地区', TRUE),
(600000390163, '2024年抚顺集团客户送10G省内流量', '集团业务', '企业流量包', 0, 0, TRUE, '2024年抚顺集团客户接续活动送10G省内流量，0元/月', '企业用户', '10GB', '长期', '省内', TRUE),
(600000370668, '2023年四季度存量客户129减30', '个人套餐', '存量优惠', 99, 129, TRUE, '2023年四季度存量客户价值提升活动129减30，每月30元套餐费优惠及30G辽宁省内流量赠送，有效期24个月', '存量用户', '中端套餐', '24个月', '辽宁地区', TRUE),
(600000390165, '2024年抚顺集团客户送100分钟语音', '集团业务', '企业语音包', 0, 0, TRUE, '2024年抚顺集团客户接续活动送100分钟语音通话，0元/月', '企业用户', '100分钟', '长期', '全国', TRUE),
(600000399661, '2024年集团客户29返16活动', '集团业务', '企业优惠', 13, 29, TRUE, '2024年集团客户29返16活动，实收13元/月，赠送23G国内流量、200G本地流量、100分钟语音', '企业用户', '综合套餐', '长期', '全国+本地', TRUE),
(600000382621, '2024年抚顺全家享优惠购30G', '区域专属', '区域流量包', 0, 0, TRUE, '2024年抚顺全家享优惠购活动30G，连续36个月享30G辽宁省内流量，支持共享，不支持结转', '抚顺用户', '30GB', '36个月', '辽宁地区', TRUE),
(600000324761, '集团客户全家享优惠90元', '集团业务', '企业优惠', 0, 90, TRUE, '集团客户全家享套餐专属优惠活动优惠90元，办理次月起每月充值90元连续24个月', '集团客户', '企业套餐', '25个月', '全国', TRUE),
(600000399667, '2024年集团客户29元套餐流量包', '集团业务', '企业流量包', 0, 0, TRUE, '2024年集团客户29元套餐流量包，赠送38G国内流量、50G省内、100G本地流量', '企业用户', '188GB', '长期', '全国+省内+本地', TRUE),
(600000378512, '2023年抚顺集团客户网内500分钟', '集团业务', '企业语音包', 0, 0, TRUE, '2023年抚顺集团客户价值保有规模提升活动网内500分钟', '企业用户', '500分钟', '长期', '网内', TRUE),
(600000380430, '承诺消费159元享好礼', '个人套餐', '承诺消费套餐', 159, 159, TRUE, '承诺消费159元享好礼，享受200分钟国内主叫和10GB辽宁流量，合约期24个月', '中高端用户', '200分钟+10GB', '24个月', '辽宁地区', TRUE),
(600000380425, '承诺消费79元享好礼', '个人套餐', '承诺消费套餐', 79, 79, TRUE, '承诺消费79元享好礼，享受100分钟国内主叫和5GB辽宁流量，合约期24个月', '中端用户', '100分钟+5GB', '24个月', '辽宁地区', TRUE),
(600000292073, '20元20G流量优惠活动', '流量包', '中流量包', 20, 20, TRUE, '20元20G流量优惠活动，包含10GB国内通用流量，每月额外多享10GB国内流量，有效期12个月', '流量需求用户', '20GB', '12个月', '国内', TRUE),
(600000401034, '2024年惠抚顺会员活动', '区域专属', '区域会员包', 15, 15, TRUE, '2024年惠抚顺会员活动，每月15元，可任选一款最高价值25元抚顺生活消费券，含黄金会员升级体验版服务', '抚顺用户', '生活权益', '12个月', '抚顺地区', TRUE),
(600000323234, '2022年辽宁双旗石化12930版', '集团业务', '企业套餐', 99, 129, TRUE, '2022年辽宁双旗石化仓储物流有限公司营销活动12930版，优惠30元', '企业用户', '企业套餐', '长期', '辽宁地区', TRUE),
(600000370662, '2023年四季度存量客户99减30', '个人套餐', '存量优惠', 69, 99, TRUE, '2023年四季度存量客户价值提升活动99减30，每月30元套餐费优惠及20G辽宁省内流量赠送，有效期24个月', '存量用户', '低价套餐', '24个月', '辽宁地区', TRUE),
(600000353872, '集团成员100分钟语音包', '集团业务', '企业语音包', 0, 0, TRUE, '集团成员100分钟语音包，专为企业集团成员设计', '企业用户', '100分钟', '长期', '全国', TRUE),
(600000410018, '5G全家享79元新入网2折', '个人套餐', '新用户5G套餐', 15.8, 79, TRUE, '5G全家享套餐79元新入网享2折优惠，实收15.8元/月，合约期12个月', '新入网用户', '5G套餐', '12个月', '全国', TRUE),
(600000394406, '599元FTTR融合活动', '家庭宽带', 'FTTR宽带', 599, 599, TRUE, '599元FTTR融合活动，含全光WiFi主光猫*1、从光猫*1及上门安装服务', '高端家庭用户', 'FTTR服务', '长期', '全国', TRUE),
(600000356736, '2023年48元优惠资费', '个人套餐', '基础套餐', 48, 59, TRUE, '2023年48元优惠资费，59基础套餐优惠11元，含10G国内通用流量、200分钟国内语音通话', '基础用户', '10GB+200分钟', '12个月', '全国', TRUE),
(600000385886, '盘锦20元80G流量组合包', '区域专属', '区域流量包', 20, 20, TRUE, '盘锦20元80G流量组合包新版，含13GB国内通用流量和67GB辽宁流量，有效期12个月', '盘锦用户', '80GB', '12个月', '辽宁地区', TRUE),
(600000366742, '盘锦流量升级减免70元', '区域专属', '区域话费优惠', 0, 70, TRUE, '盘锦流量升级减免70元2023版，赠送70元话费', '盘锦用户', '70元话费', '立即', '盘锦地区', TRUE),
(600000403774, '趸交爱家光网客户优享活动', '家庭宽带', '宽带话费优惠', 0, 0, TRUE, '趸交爱家光网客户优享活动，活动期内享话费充值100元，办理次次月起每月充值10元', '宽带用户', '100元话费', '长期', '全国', TRUE),
(600000385891, '15元50G流量包', '流量包', '中流量包', 15, 15, TRUE, '15元50G流量组合包', '中流量需求用户', '50GB', '长期', '区域', TRUE),
(600000369631, '流量钜惠包优惠B', '流量包', '超大流量包', 200, 200, TRUE, '前3月500GB后3月10GB，超高流量需求用户专享', '超高流量需求用户', '500GB/10GB', '6个月', '区域', TRUE),
(600000382338, '套外流量共享包10G', '流量包', '共享流量包', 15, 15, TRUE, '15元/月10GB通用流量，支持亲情网成员间共享', '家庭用户', '10GB', '12个月', '省内', TRUE),
(600000359983, '50元流量优享包', '流量包', '大流量包', 25, 50, TRUE, '50元流量优享包25元优惠关怀活动', '关怀目标用户', '大流量包', '长期', '全国', TRUE),
(600000279741, '20元30G家园流量包', '流量包', '区域流量包', 20, 20, TRUE, '20元30G家园流量包活动存量用户专享', '乡镇用户', '30GB', '长期', '家园区域', TRUE),
(600000355148, '承诺消费38元享5GB', '流量包', '套外流量包', 0, 0, TRUE, '承诺消费38元享5GB国内套外通用流量', '基础流量需求用户', '5GB', '12个月', '全国', TRUE),
(600000361145, '承诺消费139元享5GB', '流量包', '套外流量包', 0, 0, TRUE, '承诺消费139元享5GB国内套外通用流量', '中高端用户', '5GB', '12个月', '全国', TRUE),
(600000319860, '30G国内套外流量', '流量包', '套外流量包', 0, 0, TRUE, '30G国内套外流量12个月需套餐内用尽后使用', '高流量用户', '30GB', '12个月', '全国', TRUE),
(600000319858, '30G热门APP定向', '流量包', '定向流量包', 0, 0, TRUE, '30G热门APP定向流量12个月含第三方热门APP', 'APP使用用户', '30GB', '12个月', '定向APP', TRUE),
(600000319859, '20G国内套外流量', '流量包', '套外流量包', 0, 0, TRUE, '20G国内套外流量12个月需套餐内用尽后使用', '中流量用户', '20GB', '12个月', '全国', TRUE),
(600000319862, '5G国内套外流量', '流量包', '套外流量包', 0, 0, TRUE, '5G国内套外流量12个月需套餐内用尽后使用', '5G用户', '5GB', '12个月', '全国', TRUE),
(600000372272, '丹东10GB流量优惠', '区域专属', '区域流量包', 0, 0, TRUE, '2023年丹东10GB流量优惠活动12个月', '丹东用户', '10GB', '12个月', '丹东地区', TRUE),
(600000397573, '丹东5元30GB分区', '区域专属', '区域流量包', 5, 5, TRUE, '2024丹东5元30GB分区流量优惠活动接续', '丹东用户', '30GB', '长期', '丹东地区', TRUE),
(600000402733, '鞍山乐享流量20G', '区域专属', '区域流量包', 0, 0, TRUE, '鞍山2024年乐享流量活动36个月20G版', '鞍山高流量用户', '20GB', '36个月', '鞍山地区', TRUE),
(600000367270, '抚顺100G区域流量', '区域专属', '区域流量包', 0, 0, TRUE, '2023年抚顺供电公司赠100G区域流量活动', '抚顺特定用户', '100GB', '长期', '抚顺地区', TRUE),
(600000375861, '抚顺30G全国流量', '区域专属', '区域流量包', 0, 0, TRUE, '2023年抚顺市政府行业及重要异网集团赠送30G全国流量活动', '抚顺特定用户', '30GB', '长期', '全国', TRUE),
(600000416963, '抚顺10GB本地流量特惠', '区域专属', '区域流量包', 1, 1, TRUE, '抚顺10GB本地流量特惠活动1元/月24个月', '抚顺地区用户', '10GB', '24个月', '抚顺地区', TRUE),
(600000416961, '抚顺20GB本地流量特惠', '区域专属', '区域流量包', 1, 1, TRUE, '抚顺20GB本地流量特惠活动1元/月24个月', '抚顺地区用户', '20GB', '24个月', '抚顺地区', TRUE),
(600000402729, '鞍山乐享流量10G', '区域专属', '区域流量包', 0, 0, TRUE, '鞍山2024年乐享流量活动36个月10G版', '鞍山地区用户', '10GB', '36个月', '鞍山地区', TRUE),
(600000384731, '存量享240元话费', '话费优惠', '存量话费包', 0, 0, TRUE, '存量享240元话费24个月返还', '存量用户', '240元话费', '24个月', '全国', TRUE),
(600000384728, '新入网享60元话费', '话费优惠', '新用户话费包', 0, 0, TRUE, '新入网享60元话费12个月返还', '新入网用户', '60元话费', '12个月', '全国', TRUE)
  ON CONFLICT DO NOTHING;

-- 新增200个产品记录（第1-50个）
INSERT INTO products (id, name, category, sub_category, price, original_price, discount_supported, description, target_user_type, package_size, valid_period, applicable_scope, is_active) VALUES
(600000319499, '辽友会专属1元话费券', '话费优惠', '话费券', 1, 1, TRUE, '辽友会专属1元话费券立即到账，有效期24小时', '携转风险用户', '1元话费', '24小时', '全国', TRUE),
(600000416038, '优惠购机89元档位套餐优惠', '硬件', '终端购机', 0, 40, TRUE, '89元档位套餐优惠129减40，连续36个月每月享受40元套餐优惠，同时每月叠加10GB辽宁地区通用流量', '中端用户', '套餐优惠+10GB', '36个月', '辽宁地区', TRUE),
(600000414421, '云电脑与千兆提速融合活动', '家庭宽带', '云电脑宽带', 1860, 1860, TRUE, '一次性支付1860元，获得PAD一台、高配GPU娱乐型云电脑服务、家庭云电脑进阶版趸交包、千兆宽带提速包', '高端家庭用户', '综合服务', '24个月', '全国', TRUE),
(600000414238, '新入网全家享专享优惠99元', '个人套餐', '新用户融合套餐', 99, 99, TRUE, '新入网全家享专享优惠99元，每月享120GB辽宁地区通用流量与1000分钟辽宁地区网内语音通话时长', '新入网用户', '120GB+1000分钟', '12个月', '辽宁地区', TRUE),
(600000394906, 'IoT商城25元活动服务包', '数字化权益', '物联网服务', 25, 25, TRUE, 'IoT商城25元活动服务包，可凭借办理手机号登陆物联网商城兑换相应产品', '物联网用户', '物联网服务', '长期', '全国', TRUE),
(600000411935, '承诺消费110元享80G辽宁流量', '流量包', '承诺消费流量包', 110, 110, TRUE, '承诺消费110元享80GB辽宁地区通用流量，需在主套餐内流量用尽后使用', '中高价值用户', '80GB', '24个月', '辽宁地区', TRUE),
(600000373013, '全家享双V会员优惠5元', '数字化权益', '会员优惠', 0, 5, TRUE, '全家享双V会员优惠5元费用，合约期3个月', '会员用户', '会员优惠', '3个月', '全国', TRUE),
(600000408643, '99元档位享600元和包券', '话费优惠', '预存话费包', 300, 300, TRUE, '99元档位享600元和包券，预存300元，连续36个月每月享受30元套餐优惠及15GB辽宁地区通用流量', '中端用户', '30元+15GB', '36个月', '辽宁地区', TRUE),
(600000408527, '25GB流量达值挑战', '流量包', '流量挑战包', 0, 0, TRUE, '当月流量使用值达到25GB，次月2日前可加享25GB辽宁地区通用流量，有效期120小时', '流量活跃用户', '25GB', '120小时', '辽宁地区', TRUE),
(600000355962, '关爱D优惠300分钟通话', '语音包', '关爱语音包', 0, 0, TRUE, '每月享受300分钟国内主叫通话时长，在套餐内通话时长用尽后使用', '关爱目标用户', '300分钟', '12个月', '全国', TRUE),
(600000350169, '优惠购机79元全家享预存300元', '硬件', '终端购机', 300, 300, TRUE, '79元全家享预存300元购机直降560元，首月存入1元，次月起连续23个月每月存入13元', '低价位用户', '终端+话费', '24个月', '全国', TRUE),
(600000396605, '全家享优惠购plus版升级129减40', '个人套餐', '融合套餐', 0, 40, TRUE, '全家享优惠购plus版升级129减40，连续35个月每月享受40元套餐优惠，同时每月叠加10GB辽宁地区通用流量', '中端用户', '40元+10GB', '36个月', '辽宁地区', TRUE),
(600000414453, '大连金惠购机599档位预存3600元', '硬件', '高端终端购机', 3600, 3600, TRUE, '大连金惠购机599档位预存3600元直降7100元，首月一次性返款3600元', '大连高端用户', '高端终端', '24个月', '大连地区', TRUE),
(600000397340, '大连爱家光网35元月包二宽', '家庭宽带', 'FTTR宽带', 35, 35, TRUE, '大连爱家光网35元月包二宽，合约期36个月，每月返还5元话费，可享FTTR一主一从设备使用权、二宽千兆提速', '大连家庭用户', 'FTTR服务', '36个月', '大连地区', TRUE),
(600000386783, 'FTTR融合促销活动拉新199', '家庭宽带', 'FTTR宽带', 799, 799, TRUE, 'FTTR融合促销活动拉新199，一次性收费799元，每月加赠60G省内流量并每月返还60元话费', '新装宽带用户', 'FTTR服务', '36个月', '全国', TRUE),
(600000406828, '89元档位购泛终端直降600元', '硬件', '终端购机', 300, 300, TRUE, '89元档位购泛终端直降600元，预存300元话费，连续25个月每月存入12元，连续24个月每月享受40元套餐优惠及10GB辽宁地区通用流量', '中端用户', '终端+话费+流量', '25个月', '辽宁地区', TRUE),
(600000416035, '优惠购机29元档位套餐优惠', '硬件', '终端购机', 0, 30, TRUE, '29元档位套餐优惠59减30，连续36个月每月享受30元套餐优惠', '低价位用户', '套餐优惠', '36个月', '全国', TRUE),
(600000407117, '69元档位购泛终端直降600元', '硬件', '终端购机', 600, 600, TRUE, '69元档位购泛终端直降600元，预存600元话费，连续36个月每月享受30元套餐优惠及10GB辽宁地区通用流量', '基础用户', '终端+话费+流量', '36个月', '辽宁地区', TRUE),
(600000397779, '20元包打包消活动', '个人套餐', '打包消费套餐', 20, 30, TRUE, '每月承诺消费20元，可享每月包套餐、语音及流量消费至30元，超出30元后按原套餐资费执行', '基础用户', '打包消费', '24个月', '全国', TRUE),
(600000372345, '健康守护关爱活动音箱499', '老年用户', '健康服务', 499, 499, TRUE, '健康守护关爱活动音箱499，一次性收取499元，可享每月1次健康视频咨询服务、健康数据管理服务含智能音箱1台', '老年用户', '健康服务', '36个月', '全国', TRUE),
(600000413235, '家庭权益包智能音箱', '家庭宽带', '智能家居', 470, 470, TRUE, '家庭权益包智能音箱，办理当月收费470元，可享一台智能音箱和7天事件云存储服务', '家庭用户', '智能音箱', '24个月', '全国', TRUE),
(600000417246, '移动爱家美食烹饪福袋促销版1000档', '老年用户', '生活服务', 1000, 1000, TRUE, '移动爱家美食烹饪福袋促销版1000档，一次性支付1000元，享智能空气炸锅、GPU娱乐型云电脑服务、健康养老服务、视频会员等服务', '高端老年用户', '综合服务', '24个月', '全国', TRUE),
(600000414427, '大连金惠购机239档位预存6400元', '硬件', '高端终端购机', 6400, 6400, TRUE, '大连金惠购机239档位预存6400元直降4300元，首月一次性返款6400元', '大连高端用户', '高端终端', '36个月', '大连地区', TRUE),
(600000330789, '关爱C优惠多终端共享功能费', '流量包', '共享功能优惠', 0, 10, TRUE, '每月可享优惠10元流量多终端共享功能费用', '多终端用户', '共享优惠', '12个月', '全国', TRUE),
(600000287298, '关爱B优惠5G套外流量', '流量包', '5G套外流量', 0, 0, TRUE, '每月可享5GB国内流量，流量需在套餐内流量用完后使用，不支持结转及多终端共享', '5G用户', '5GB', '12个月', '全国', TRUE),
(600000396618, '全家享优惠购plus版升级399减60', '个人套餐', '高端融合套餐', 0, 60, TRUE, '全家享优惠购plus版升级399减60，连续35个月每月享受60元套餐优惠，同时每月叠加370GB辽宁地区通用流量及400分钟国内主叫通话时长', '高端用户', '60元+370GB+400分钟', '36个月', '辽宁地区', TRUE),
(600000308850, '5G旺铺套餐50元优惠', '集团业务', '企业5G套餐', 0, 50, TRUE, '5G旺铺套餐50元优惠活动，办理5G全店享159元套餐即可享受更多业务50元优惠', '企业用户', '50元优惠', '24个月', '全国', TRUE),
(600000385631, '乡友专属0.68元话费福利', '话费优惠', '话费福利', 0, 0, TRUE, '乡友专属0.68元话费福利，立即生效，话费一次性充值到账', '农村用户', '0.68元话费', '立即', '全国', TRUE),
(600000370830, '全家享合约599档位接续', '个人套餐', '高端融合套餐', 0, 180, TRUE, '全家享合约599档位接续，承诺每月套餐费消费不低于599元，可继续享受全家享合约活动中已选业务优惠，上限不超过180元/月', '高端用户', '180元优惠', '24个月', '全国', TRUE),
(600000354099, '任我选生活小包活动', '数字化权益', '生活权益', 5, 5, TRUE, '任我选生活小包活动，每月可领取本地生活类权益任选其一，同时还可领取主流视频APP融合定向流量或小时流量2选1', '生活服务用户', '生活权益', '12个月', '全国', TRUE),
(600000370916, '和彩印基础包年包', '数字化权益', '彩印服务', 24, 24, TRUE, '和彩印基础包年包，2400积分一次性收取', '彩印用户', '彩印服务', '12个月', '全国', TRUE),
(600000395407, '京东MALL返费活动79元档', '话费优惠', '合作返费', 0, 25, TRUE, '京东MALL返费活动79元档，每月可享25元话费优惠', '合作用户', '25元话费', '24个月', '全国', TRUE),
(600000393337, '爱家群组活动B', '家庭宽带', '高清电视优惠', 15, 20, TRUE, '爱家群组活动B，每月可减免20元移动高清一价包费用', '家庭用户', '高清优惠', '36个月', '全国', TRUE),
(600000366409, '任我选半年包出行版', '数字化权益', '出行权益', 75, 75, TRUE, '任我选半年包出行版，每月可领取本地出行类权益任选其一、同时还可领取主流视频APP融合定向流量或小时流量2选1', '出行用户', '出行权益', '6个月', '全国', TRUE),
(600000411946, '承诺消费110元享40G辽宁流量', '流量包', '承诺消费流量包', 110, 110, TRUE, '承诺消费110元享40GB辽宁地区通用流量，需在主套餐内流量用尽后使用', '中高价值用户', '40GB', '24个月', '辽宁地区', TRUE),
(600000403682, '优惠购机79元档位购机直降800元', '硬件', '终端购机', 800, 800, TRUE, '优惠购机79元档位购机直降800元，预存800元，连续36个月每月享受20元套餐优惠及15GB辽宁地区通用流量', '低价位用户', '终端+话费+流量', '36个月', '辽宁地区', TRUE),
(600000265795, '新入网客户预存500元话费', '话费优惠', '新用户话费包', 500, 500, TRUE, '新入网客户预存500元话费立即到账', '新入网用户', '500元话费', '立即', '全国', TRUE),
(600000413281, '1元20G流量叠加包', '流量包', '低价流量包', 1, 1, TRUE, '1元20G流量叠加包，每月可享20GB辽宁地区通用流量', '价格敏感用户', '20GB', '36个月', '辽宁地区', TRUE),
(600000319483, '辽友会专属5.17元话费券', '话费优惠', '话费券', 5.17, 5.17, TRUE, '辽友会专属5.17元话费券立即到账，有效期24小时', '携转风险用户', '5.17元话费', '24小时', '全国', TRUE),
(600000407174, '269元档位购泛终端直降1000元', '硬件', '高端终端购机', 500, 500, TRUE, '269元档位购泛终端直降1000元，预存500元，连续36个月每月享受30元套餐优惠及180GB辽宁地区通用流量', '高端用户', '终端+话费+流量', '36个月', '辽宁地区', TRUE),
(600000404012, '优惠购机线上99元档位购机直降600元', '硬件', '线上终端购机', 0, 0, TRUE, '优惠购机线上99元档位购机直降600元', '线上用户', '终端', '24个月', '全国', TRUE),
(600000416983, '沈阳79元畅享家专属千兆爱家光网', '家庭宽带', '千兆宽带', 399, 399, TRUE, '沈阳79元畅享家专属千兆爱家光网营销活动，首月收取399元设计服务费，连续返还36个月话费，享1000M宽带提速服务、FTTR设备等', '沈阳家庭用户', '千兆宽带', '36个月', '沈阳地区', TRUE),
(600000281388, '5G套餐298优惠50', '个人套餐', '5G套餐', 248, 298, TRUE, '5G套餐298优惠50，活动有效期12个月，每月可享50元套餐费优惠', '5G用户', '5G套餐', '12个月', '全国', TRUE),
(600000319505, '辽友会专属0.01元话费券', '话费优惠', '话费券', 0.01, 0.01, TRUE, '辽友会专属0.01元话费券立即到账，有效期24小时', '携转风险用户', '0.01元话费', '24小时', '全国', TRUE),
(600000415244, '优惠购机189元档位套餐优惠', '硬件', '终端购机', 0, 50, TRUE, '189元档位套餐优惠239减50，连续35个月每月享受50元套餐优惠，同时每月叠加55GB辽宁地区通用流量，150分钟国内主叫通话时长', '中高端用户', '50元+55GB+150分钟', '36个月', '辽宁地区', TRUE)
  ON CONFLICT DO NOTHING;

-- 新增产品记录（第51-100个）
INSERT INTO products (id, name, category, sub_category, price, original_price, discount_supported, description, target_user_type, package_size, valid_period, applicable_scope, is_active) VALUES
(600000324755, '集团客户全家享套餐优惠20元', '集团业务', '企业优惠', 0, 20, TRUE, '集团客户全家享套餐专属优惠活动优惠20元，办理次月起每月充值20元，连续充值24个月', '集团客户', '20元话费', '25个月', '全国', TRUE),
(600000324770, '集团客户全家享套餐优惠80元', '集团业务', '企业优惠', 0, 80, TRUE, '集团客户全家享套餐专属优惠活动优惠80元，办理次月起每月充值80元，连续充值24个月', '集团客户', '80元话费', '25个月', '全国', TRUE),
(600000365837, '抚顺1元200GB分区流量特惠', '区域专属', '区域流量包', 1, 1, TRUE, '抚顺1元200GB分区流量特惠活动，每月收取1元，享受200GB抚顺分区通用套外流量', '抚顺用户', '200GB', '24个月', '抚顺地区', TRUE),
(600000390165, '2024年抚顺集团客户送100分钟语音', '集团业务', '企业语音包', 0, 0, TRUE, '2024年抚顺集团客户接续活动送100分钟语音通话，0元/月', '企业用户', '100分钟', '长期', '全国', TRUE),
(600000399661, '2024年集团客户29返16活动', '集团业务', '企业优惠', 13, 29, TRUE, '2024年集团客户29返16活动，实收13元/月，赠送23G国内流量、200G本地流量、100分钟语音', '企业用户', '综合套餐', '长期', '全国+本地', TRUE),
(600000382621, '2024年抚顺全家享优惠购活动30G', '区域专属', '区域流量包', 0, 0, TRUE, '2024年抚顺全家享优惠购活动30G，连续36个月享30G辽宁省内流量，支持共享，不支持结转', '抚顺用户', '30GB', '36个月', '辽宁地区', TRUE),
(600000324761, '集团客户全家享套餐优惠90元', '集团业务', '企业优惠', 0, 90, TRUE, '集团客户全家享套餐专属优惠活动优惠90元，办理次月起每月充值90元，连续充值24个月', '集团客户', '90元话费', '25个月', '全国', TRUE),
(600000399667, '2024年集团客户29元套餐流量包', '集团业务', '企业流量包', 0, 0, TRUE, '2024年集团客户29元套餐流量包，赠送38G国内流量、50G省内、100G本地流量', '企业用户', '188GB', '长期', '全国+省内+本地', TRUE),
(600000378512, '2023年抚顺集团客户网内500分钟', '集团业务', '企业语音包', 0, 0, TRUE, '2023年抚顺集团客户价值保有规模提升活动网内500分钟', '企业用户', '500分钟', '长期', '网内', TRUE),
(600000380430, '承诺消费159元享好礼', '个人套餐', '承诺消费套餐', 159, 159, TRUE, '承诺消费159元享好礼，享受200分钟国内主叫和10GB辽宁流量，合约期24个月', '中高端用户', '200分钟+10GB', '24个月', '辽宁地区', TRUE),
(600000415224, '优惠购机239元档位套餐优惠', '硬件', '终端购机', 0, 60, TRUE, '239元档位套餐优惠299减60，连续35个月每月享受60元套餐优惠，同时每月叠加120GB辽宁地区通用流量', '中高端用户', '60元+120GB', '36个月', '辽宁地区', TRUE),
(600000378115, '全家享合约79档位2024版接续', '个人套餐', '低价融合套餐', 0, 25, TRUE, '全家享合约79档位2024版接续，可享受已选应用优惠，上限不超过25元/月，承诺每月套餐月租消费不低于79元', '低价位用户', '25元优惠', '24个月', '全国', TRUE),
(600000408484, '180GB流量放心用活动', '流量包', '大流量包', 0, 0, TRUE, '180GB流量放心用活动，连续12个月每月享自动充值20元话费，同时可享180GB辽宁地区通用流量，当月可加享1500GB云盘流量', '高流量用户', '180GB+1500GB', '12个月', '辽宁地区', TRUE),
(600000265835, '升级畅享50GB套餐178元档', '个人套餐', '升级套餐', 178, 238, TRUE, '升级畅享50GB套餐178元档，以178元/月的价格办理238元/月的畅享50G套餐', '升级用户', '50GB套餐', '24个月', '全国', TRUE),
(600000376807, '旺铺套餐合约399档位回馈', '集团业务', '企业套餐', 99, 399, TRUE, '旺铺套餐合约399档位回馈，承诺套餐月租消费不低于399元，可继续享受旺铺套餐合约活动中已选业务优惠，上限不超过90元/月，同时享受套餐费优惠200元/月', '企业用户', '企业套餐', '24个月', '全国', TRUE),
(600000407181, '99元档位购泛终端直降600元', '硬件', '终端购机', 300, 300, TRUE, '99元档位购泛终端直降600元，预存300元，连续36个月每月享受30元套餐优惠及15GB辽宁地区通用流量', '中端用户', '终端+话费+流量', '36个月', '辽宁地区', TRUE),
(600000395496, '爱家福袋休闲娱乐20元', '家庭宽带', '家庭娱乐包', 20, 20, TRUE, '爱家福袋休闲娱乐20元，可享500M提速包、高清电视、视频会员及1GB国内通用流量', '家庭用户', '综合服务', '24个月', '全国', TRUE),
(600000320772, '全家享199元优惠160元话费', '话费优惠', '话费返还', 39, 199, TRUE, '全家享199元优惠160元话费，从参与当月起连续优惠24个月，每月系统充值160元话费', '高端用户', '160元话费', '24个月', '全国', TRUE),
(600000364258, '抚顺畅聊全网1000分钟语音包', '区域专属', '区域语音包', 20, 20, TRUE, '抚顺畅聊全网1000分钟语音包，每月收取20元，享受国内主叫国内全网1000分钟通话时长', '抚顺用户', '1000分钟', '24个月', '全国', TRUE),
(600000374940, '2023年抚顺石化赠送50G区域流量', '集团业务', '企业流量包', 0, 0, TRUE, '2023年抚顺石化集团及附属公司赠送50G区域流量活动，每月赠送50G区域流量', '企业员工', '50GB', '长期', '区域', TRUE),
(600000399668, '2024年集团客户39套餐流量包', '集团业务', '企业流量包', 0, 0, TRUE, '2024年集团客户39套餐流量包，赠送25G国内流量、50G省内、200G本地流量', '企业用户', '275GB', '长期', '全国+省内+本地', TRUE),
(600000374932, '2023年抚顺石化99元全家享打4折', '集团业务', '企业优惠', 39.6, 99, TRUE, '2023年抚顺石化集团及附属公司99元全家享打4折，实收39.6元/月', '企业员工', '企业套餐', '长期', '抚顺地区', TRUE),
(600000374941, '2023年抚顺石化赠送30G全国流量', '集团业务', '企业流量包', 0, 0, TRUE, '2023年抚顺石化集团及附属公司赠送30G全国流量活动，每月赠送30G全国流量', '企业员工', '30GB', '长期', '全国', TRUE),
(600000404298, '2024抚顺高新区29元套餐', '区域专属', '区域套餐', 29, 29, TRUE, '2024抚顺高新区29元套餐，赠送38G全国流量、50G省内流量、100G本地流量，800分钟国内主叫', '抚顺高新区用户', '综合套餐', '24个月', '抚顺地区', TRUE),
(600000378504, '2023年抚顺集团客户79元全家享返40', '集团业务', '企业优惠', 39, 79, TRUE, '2023年抚顺集团客户价值保有规模提升活动79元全家享返40，实际39元/月', '企业用户', '企业套餐', '长期', '抚顺地区', TRUE),
(600000382622, '2024年抚顺全家享优惠购活动15G', '区域专属', '区域流量包', 0, 0, TRUE, '2024年抚顺全家享优惠购活动15G，连续36个月享15G辽宁省内流量，支持共享，不支持结转', '抚顺用户', '15GB', '36个月', '辽宁地区', TRUE),
(600000372013, '29元飞享套餐6折购活动', '个人套餐', '基础套餐', 17.4, 29, TRUE, '29元飞享套餐6折购活动，享受29元飞享套餐6折优惠', '基础用户', '基础套餐', '24个月', '全国', TRUE),
(600000324764, '集团客户全家享套餐优惠60元', '集团业务', '企业优惠', 0, 60, TRUE, '集团客户全家享套餐专属优惠活动优惠60元，办理次月起每月充值60元，连续充值24个月', '集团客户', '60元话费', '25个月', '全国', TRUE),
(600000324767, '集团客户全家享套餐优惠50元', '集团业务', '企业优惠', 0, 50, TRUE, '集团客户全家享套餐专属优惠活动优惠50元，办理次月起每月充值50元，连续充值24个月', '集团客户', '50元话费', '25个月', '全国', TRUE),
(600000372693, '京邦达供应链科技套餐优惠', '集团业务', '企业优惠', 0, 0, TRUE, '2023年辽宁京邦达供应链科技有限公司套餐优惠', '特定企业用户', '企业套餐', '长期', '辽宁地区', TRUE),
(600000390052, '锦州阳光能源50元员工优惠', '集团业务', '企业优惠', 0, 50, TRUE, '2024年二季度锦州阳光能源50元员工优惠套餐', '锦州企业用户', '企业套餐', '长期', '锦州地区', TRUE),
(600000382285, '国家税务总局抚顺39元飞享', '集团业务', '政府优惠', 39, 39, TRUE, '2024年国家税务总局抚顺市税务局39元飞享', '特定单位用户', '政府套餐', '长期', '抚顺地区', TRUE),
(600000314973, '鞍山网格员融合套餐99元', '集团业务', '职业优惠', 99, 99, TRUE, '鞍山市网格员融合套餐优惠活动99元档位', '特定职业用户', '职业套餐', '长期', '鞍山地区', TRUE),
(600000319289, '燃气泄漏探测服务', '老年用户', '安全服务', 10, 10, TRUE, '燃气泄漏探测服务优惠活动含两年燃气泄漏报警服务', '老年家庭用户', '安全服务', '24个月', '全国', TRUE),
(600000404613, '休闲娱乐福袋7元月包', '老年用户', '综合服务', 7, 7, TRUE, '休闲娱乐福袋含健康养老服务、守护宝服务、3GB区域通用流量', '老年用户', '综合服务', '24个月', '区域', TRUE),
(600000417336, '移动爱家美食烹饪福袋860档', '老年用户', '生活服务', 860, 860, TRUE, '移动爱家美食烹饪福袋标准版含健康养老服务、视频会员等', '高端老年用户', '生活服务', '24个月', '全国', TRUE),
(600000414772, '移动爱家家用电器福袋600档', '老年用户', '家电服务', 600, 600, TRUE, '移动爱家家用电器福袋优惠版含健康养老服务、视频会员等', '中端老年用户', '家电服务', '24个月', '全国', TRUE),
(600000417344, '移动爱家居家办公福袋240档', '老年用户', '办公服务', 240, 240, TRUE, '移动爱家居家办公福袋标准版含健康养老服务、视频会员等', '基础老年用户', '办公服务', '24个月', '全国', TRUE),
(600000385615, '乡友专属0.01元话费', '老年用户', '话费福利', 0, 0, TRUE, '乡友专属0.01元话费福利一次性充值到账', '农村老年用户', '话费福利', '立即', '全国', TRUE),
(600000417348, '移动爱家健康守护福袋480档', '老年用户', '健康服务', 480, 480, TRUE, '移动爱家健康守护福袋标准版含健康养老服务、视频会员等', '高端老年用户', '健康服务', '24个月', '全国', TRUE),
(600000414684, '移动爱家家用电器福袋600档促销版', '老年用户', '家电服务', 600, 600, TRUE, '移动爱家家用电器福袋促销版含健康养老服务、视频会员等', '中端老年用户', '家电服务', '24个月', '全国', TRUE),
(600000414724, '移动爱家居家办公福袋240档标准版', '老年用户', '办公服务', 240, 240, TRUE, '移动爱家居家办公福袋标准版含健康养老服务、视频会员等', '基础老年用户', '办公服务', '24个月', '全国', TRUE),
(600000417284, '移动爱家安全防护福袋480档', '老年用户', '安防服务', 480, 480, TRUE, '移动爱家安全防护福袋优惠版含安防服务、视频会员等', '安全需求老年用户', '安防服务', '24个月', '全国', TRUE),
(600000397908, '移动爱家居家办公福袋150档', '老年用户', '办公服务', 150, 150, TRUE, '移动爱家居家办公福袋促销版150档，含健康养老服务、6个月云电脑基础版服务', '基础老年用户', '办公服务', '24个月', '全国', TRUE),
(600000363871, '28启航权益活动', '校园专属', '校园权益包', 12, 12, TRUE, '28启航权益活动，费用12元/月，享惠生活权益', '新生用户', '生活权益', '48个月', '全国', TRUE),
(600000413072, '优惠购机新入网99元档位', '硬件', '新用户终端购机', 750, 750, TRUE, '优惠购机新入网99元档位，购机直降1500元，预存750元话费，每月10GB辽宁地区通用流量', '新入网用户', '终端+流量', '36个月', '辽宁地区', TRUE),
(600000417577, '2025年锦鲤尊奢年包', '数字化权益', '节日权益包', 0, 0, TRUE, '2025年锦鲤尊奢年包金蛇狂舞版，活动办理立即生效，到期自动取消', '高端用户', '节日权益', '长期', '全国', TRUE),
(600000399658, '2024年集团客户1元50G省内流量', '集团业务', '企业流量包', 1, 1, TRUE, '2024年集团客户1元50G省内流量，1元购买50G省内流量，到期自动取消', '企业用户', '50GB', '长期', '省内', TRUE),
(600000382619, '2024年抚顺全家享优惠购100G', '区域专属', '区域流量包', 0, 0, TRUE, '2024年抚顺全家享优惠购活动100G，连续36个月享100G辽宁省内流量，支持共享，不支持结转', '抚顺用户', '100GB', '36个月', '辽宁地区', TRUE),
(600000374943, '2023年抚顺石化全家享7折', '集团业务', '企业优惠', 69.3, 99, TRUE, '2023年抚顺石化集团99元全家享打7折，实收69.3元/月', '企业员工', '企业套餐', '长期', '抚顺地区', TRUE),
(600000374944, '2023年抚顺石化赠送400分钟', '集团业务', '企业语音包', 0, 0, TRUE, '2023年抚顺石化集团赠送400分钟国内语音通话', '企业员工', '400分钟', '长期', '全国', TRUE),
(600000378520, '2023年抚顺集团客户返10元', '集团业务', '企业话费优惠', 119, 129, TRUE, '2023年抚顺集团客户价值保有129元全家享返10，实际119元/月', '企业用户', '企业套餐', '长期', '抚顺地区', TRUE),
(600000367271, '2023年抚顺供电公司赠30G全国流量', '集团业务', '企业流量包', 0, 0, TRUE, '2023年抚顺供电公司赠30G全国流量活动，每月赠送30G全国流量', '企业用户', '30GB', '长期', '全国', TRUE)
  ON CONFLICT DO NOTHING;

-- 新增产品记录（第101-150个）
INSERT INTO products (id, name, category, sub_category, price, original_price, discount_supported, description, target_user_type, package_size, valid_period, applicable_scope, is_active) VALUES
(600000294860, '营销活动赠送500分钟语音包', '语音包', '语音赠送包', 0, 0, TRUE, '营销活动赠送国内主叫500分钟语音包，包含500分钟套外国内主叫', '目标用户', '500分钟', '长期', '全国', TRUE),
(600000390170, '2024年抚顺集团客户送20G省内流量', '集团业务', '企业流量包', 0, 0, TRUE, '2024年抚顺集团客户接续活动送20G省内流量，0元/月', '企业用户', '20GB', '长期', '省内', TRUE),
(600000410022, '5G全家享79元新入网7折', '个人套餐', '新用户5G套餐', 55.3, 79, TRUE, '5G全家享套餐79元新入网享7折优惠，实收55.3元/月', '新入网用户', '5G套餐', '12个月', '全国', TRUE),
(600000331696, '全家享99元返还70元话费', '话费优惠', '话费返还', 99, 99, TRUE, '全家享99元返还70元话费，赠送1680元话费分24个月每月返还70元', '中端用户', '1680元话费', '24个月', '全国', TRUE),
(600000319113, '在网保有头条抖音30G定向流量包', '流量包', '定向流量包', 0, 0, TRUE, '在网保有活动头条抖音30G定向流量包，连续24个月享15G定向流量用于抖音APP', '短视频用户', '15GB', '24个月', '抖音APP', TRUE),
(600000382291, '2024年国家税务总局抚顺29元飞享', '集团业务', '政府优惠', 29, 29, TRUE, '2024年国家税务总局抚顺市税务局29元飞享，实际29元/月', '政府用户', '基础套餐', '长期', '抚顺地区', TRUE),
(600000375855, '2023年抚顺市政府购机直降3300元', '硬件', '政府终端购机', 0, 0, TRUE, '2023年抚顺市政府行业159元全家享购机直降3300元免预存，159元/月', '政府用户', '终端', '36个月', '抚顺地区', TRUE),
(600000370659, '2023年四季度存量客户99减10', '个人套餐', '存量优惠', 89, 99, TRUE, '2023年四季度存量客户价值提升活动99减10，每月10元套餐费优惠及20G辽宁省内流量赠送', '存量用户', '基础套餐', '24个月', '辽宁地区', TRUE),
(600000390163, '2024年抚顺集团客户送10G省内流量', '集团业务', '企业流量包', 0, 0, TRUE, '2024年抚顺集团客户接续活动送10G省内流量，0元/月', '企业用户', '10GB', '长期', '省内', TRUE),
(600000370668, '2023年四季度存量客户129减30', '个人套餐', '存量优惠', 99, 129, TRUE, '2023年四季度存量客户价值提升活动129减30，每月30元套餐费优惠及30G辽宁省内流量赠送', '存量用户', '中端套餐', '24个月', '辽宁地区', TRUE),
(600000390165, '2024年抚顺集团客户送100分钟语音', '集团业务', '企业语音包', 0, 0, TRUE, '2024年抚顺集团客户接续活动送100分钟语音通话，0元/月', '企业用户', '100分钟', '长期', '全国', TRUE),
(600000399661, '2024年集团客户29返16活动', '集团业务', '企业优惠', 13, 29, TRUE, '2024年集团客户29返16活动，实收13元/月，赠送23G国内流量、200G本地流量、100分钟语音', '企业用户', '综合套餐', '长期', '全国+本地', TRUE),
(600000382621, '2024年抚顺全家享优惠购30G', '区域专属', '区域流量包', 0, 0, TRUE, '2024年抚顺全家享优惠购活动30G，连续36个月享30G辽宁省内流量，支持共享，不支持结转', '抚顺用户', '30GB', '36个月', '辽宁地区', TRUE),
(600000324761, '集团客户全家享优惠90元', '集团业务', '企业优惠', 0, 90, TRUE, '集团客户全家享套餐专属优惠活动优惠90元，办理次月起每月充值90元，连续24个月', '集团客户', '企业套餐', '25个月', '全国', TRUE),
(600000399667, '2024年集团客户29元套餐流量包', '集团业务', '企业流量包', 0, 0, TRUE, '2024年集团客户29元套餐流量包，赠送38G国内流量、50G省内、100G本地流量', '企业用户', '188GB', '长期', '全国+省内+本地', TRUE),
(600000378512, '2023年抚顺集团客户网内500分钟', '集团业务', '企业语音包', 0, 0, TRUE, '2023年抚顺集团客户价值保有规模提升活动网内500分钟', '企业用户', '500分钟', '长期', '网内', TRUE),
(600000380430, '承诺消费159元享好礼', '个人套餐', '承诺消费套餐', 159, 159, TRUE, '承诺消费159元享好礼，享受200分钟国内主叫和10GB辽宁流量，合约期24个月', '中高端用户', '200分钟+10GB', '24个月', '辽宁地区', TRUE),
(600000380425, '承诺消费79元享好礼', '个人套餐', '承诺消费套餐', 79, 79, TRUE, '承诺消费79元享好礼，享受100分钟国内主叫和5GB辽宁流量，合约期24个月', '中端用户', '100分钟+5GB', '24个月', '辽宁地区', TRUE),
(600000292073, '20元20G流量优惠活动', '流量包', '中流量包', 20, 20, TRUE, '20元20G流量优惠活动，包含10GB国内通用流量，每月额外多享10GB国内流量', '流量需求用户', '20GB', '12个月', '国内', TRUE),
(600000401034, '2024年惠抚顺会员活动', '区域专属', '区域会员包', 15, 15, TRUE, '2024年惠抚顺会员活动，每月15元，可任选一款最高价值25元抚顺生活消费券，含黄金会员升级体验版服务', '抚顺用户', '生活权益', '12个月', '抚顺地区', TRUE),
(600000323234, '2022年辽宁双旗石化12930版', '集团业务', '企业套餐', 99, 129, TRUE, '2022年辽宁双旗石化仓储物流有限公司营销活动12930版，优惠30元', '企业用户', '企业套餐', '长期', '辽宁地区', TRUE),
(600000370662, '2023年四季度存量客户99减30', '个人套餐', '存量优惠', 69, 99, TRUE, '2023年四季度存量客户价值提升活动99减30，每月30元套餐费优惠及20G辽宁省内流量赠送', '存量用户', '低价套餐', '24个月', '辽宁地区', TRUE),
(600000353872, '集团成员100分钟语音包', '集团业务', '企业语音包', 0, 0, TRUE, '集团成员100分钟语音包，专为企业集团成员设计', '企业用户', '100分钟', '长期', '全国', TRUE),
(600000410018, '5G全家享79元新入网2折', '个人套餐', '新用户5G套餐', 15.8, 79, TRUE, '5G全家享套餐79元新入网享2折优惠，实收15.8元/月', '新入网用户', '5G套餐', '12个月', '全国', TRUE),
(600000394406, '599元FTTR融合活动', '家庭宽带', 'FTTR宽带', 599, 599, TRUE, '599元FTTR融合活动，含全光WiFi主光猫*1、从光猫*1及上门安装服务', '高端家庭用户', 'FTTR服务', '长期', '全国', TRUE),
(600000356736, '2023年48元优惠资费', '个人套餐', '基础套餐', 48, 59, TRUE, '2023年48元优惠资费，59基础套餐优惠11元，含10G国内通用流量、200分钟国内语音通话', '基础用户', '10GB+200分钟', '12个月', '全国', TRUE),
(600000385886, '盘锦20元80G流量组合包', '区域专属', '区域流量包', 20, 20, TRUE, '盘锦20元80G流量组合包新版，含13GB国内通用流量和67GB辽宁流量', '盘锦用户', '80GB', '12个月', '辽宁地区', TRUE),
(600000366742, '盘锦流量升级减免70元', '区域专属', '区域话费优惠', 0, 70, TRUE, '盘锦流量升级减免70元2023版，赠送70元话费', '盘锦用户', '70元话费', '立即', '盘锦地区', TRUE),
(600000403774, '趸交爱家光网客户优享活动', '家庭宽带', '宽带话费优惠', 0, 0, TRUE, '趸交爱家光网客户优享活动，活动期内享话费充值100元，办理次次月起每月充值10元', '宽带用户', '100元话费', '长期', '全国', TRUE),
(600000385891, '15元50G流量包', '流量包', '中流量包', 15, 15, TRUE, '15元50G流量组合包', '中流量需求用户', '50GB', '长期', '区域', TRUE),
(600000369631, '流量钜惠包优惠B', '流量包', '超大流量包', 200, 200, TRUE, '前3月500GB后3月10GB，超高流量需求用户专享', '超高流量需求用户', '500GB/10GB', '6个月', '区域', TRUE),
(600000382338, '套外流量共享包10G', '流量包', '共享流量包', 15, 15, TRUE, '15元/月10GB通用流量，支持亲情网成员间共享', '家庭用户', '10GB', '12个月', '省内', TRUE),
(600000359983, '50元流量优享包', '流量包', '大流量包', 25, 50, TRUE, '50元流量优享包25元优惠关怀活动', '关怀目标用户', '大流量包', '长期', '全国', TRUE),
(600000279741, '20元30G家园流量包', '流量包', '区域流量包', 20, 20, TRUE, '20元30G家园流量包活动存量用户专享', '乡镇用户', '30GB', '长期', '家园区域', TRUE),
(600000355148, '承诺消费38元享5GB', '流量包', '套外流量包', 0, 0, TRUE, '承诺消费38元享5GB国内套外通用流量', '基础流量需求用户', '5GB', '12个月', '全国', TRUE),
(600000361145, '承诺消费139元享5GB', '流量包', '套外流量包', 0, 0, TRUE, '承诺消费139元享5GB国内套外通用流量', '中高端用户', '5GB', '12个月', '全国', TRUE),
(600000319860, '30G国内套外流量', '流量包', '套外流量包', 0, 0, TRUE, '30G国内套外流量12个月需套餐内用尽后使用', '高流量用户', '30GB', '12个月', '全国', TRUE),
(600000319858, '30G热门APP定向', '流量包', '定向流量包', 0, 0, TRUE, '30G热门APP定向流量12个月含第三方热门APP', 'APP使用用户', '30GB', '12个月', '定向APP', TRUE),
(600000319859, '20G国内套外流量', '流量包', '套外流量包', 0, 0, TRUE, '20G国内套外流量12个月需套餐内用尽后使用', '中流量用户', '20GB', '12个月', '全国', TRUE),
(600000319862, '5G国内套外流量', '流量包', '套外流量包', 0, 0, TRUE, '5G国内套外流量12个月需套餐内用尽后使用', '5G用户', '5GB', '12个月', '全国', TRUE),
(600000372272, '丹东10GB流量优惠', '区域专属', '区域流量包', 0, 0, TRUE, '2023年丹东10GB流量优惠活动12个月', '丹东用户', '10GB', '12个月', '丹东地区', TRUE),
(600000397573, '丹东5元30GB分区', '区域专属', '区域流量包', 5, 5, TRUE, '2024丹东5元30GB分区流量优惠活动接续', '丹东用户', '30GB', '长期', '丹东地区', TRUE),
(600000402733, '鞍山乐享流量20G', '区域专属', '区域流量包', 0, 0, TRUE, '鞍山2024年乐享流量活动36个月20G版', '鞍山高流量用户', '20GB', '36个月', '鞍山地区', TRUE)
  ON CONFLICT DO NOTHING;

-- 新增150个产品记录（第1-50个）
INSERT INTO products (id, name, category, sub_category, price, original_price, discount_supported, description, target_user_type, package_size, valid_period, applicable_scope, is_active) VALUES
(600000319499, '辽友会专属1元话费券', '话费优惠', '话费券', 1, 1, TRUE, '辽友会专属1元话费券立即到账，有效期24小时', '携转风险用户', '1元话费', '24小时', '全国', TRUE),
(600000416038, '优惠购机89元档位套餐优惠', '硬件', '终端购机', 0, 40, TRUE, '89元档位套餐优惠40元，每月叠加10GB辽宁地区通用流量，合约期36个月', '中端用户', '套餐优惠+10GB', '36个月', '辽宁地区', TRUE),
(600000414421, '云电脑与千兆提速融合活动', '家庭宽带', '云电脑宽带', 1860, 1860, TRUE, '一次性支付1860元，获得PAD一台、高配GPU云电脑服务、千兆宽带提速包', '高端家庭用户', 'PAD+云电脑+千兆', '24个月', '全国', TRUE),
(600000414238, '新入网全家享专享优惠99元', '个人套餐', '新用户套餐', 99, 99, TRUE, '新入网全家享专享优惠99元，含120GB辽宁地区通用流量和1000分钟网内语音', '新入网用户', '120GB+1000分钟', '12个月', '辽宁地区', TRUE),
(600000394906, 'IoT商城25元活动服务包', '数字化权益', 'IoT服务', 25, 25, TRUE, 'IoT商城25元活动服务包，可兑换相应IoT产品', 'IoT用户', 'IoT服务', '长期', '全国', TRUE),
(600000411935, '承诺消费110元享80G辽宁流量', '流量包', '承诺消费流量包', 110, 110, TRUE, '承诺消费110元享80GB辽宁地区通用流量，合约期24个月', '中高端用户', '80GB', '24个月', '辽宁地区', TRUE),
(600000373013, '全家享双V会员优惠5元', '数字化权益', '会员优惠', 0, 5, TRUE, '全家享双V会员优惠5元费用，合约期3个月', '会员用户', '会员优惠', '3个月', '全国', TRUE),
(600000408643, '99元档位享600元和包券', '话费优惠', '新用户优惠', 0, 30, TRUE, '99元档位享600元和包券，每月享受30元套餐优惠及15GB辽宁地区通用流量', '新入网用户', '30元优惠+15GB', '36个月', '辽宁地区', TRUE),
(600000408527, '25GB流量达值挑战', '流量包', '流量挑战包', 0, 0, TRUE, '当月流量使用达到25GB，次月加享25GB辽宁地区通用流量，有效期120小时', '流量活跃用户', '25GB', '120小时', '辽宁地区', TRUE),
(600000355962, '关爱D优惠300分钟通话', '语音包', '关爱语音包', 0, 0, TRUE, '关爱D优惠300分钟国内主叫通话时长，有效期12个月', '关爱目标用户', '300分钟', '12个月', '全国', TRUE),
(600000350169, '优惠购机79元全家享预存300元', '硬件', '终端购机', 300, 300, TRUE, '79元全家享预存300元购机直降560元，合约期24个月', '低价位用户', '终端+话费', '24个月', '全国', TRUE),
(600000396605, '全家享优惠购plus版升级129减40', '个人套餐', '融合套餐', 89, 129, TRUE, '全家享优惠购plus版升级129减40，每月叠加10GB辽宁地区通用流量', '中端用户', '融合套餐+10GB', '36个月', '辽宁地区', TRUE),
(600000414453, '大连金惠购机599档位', '硬件', '高端终端购机', 3600, 3600, TRUE, '大连金惠购机599档位预存3600元直降7100元，合约期24个月', '大连高端用户', '高端终端', '24个月', '大连地区', TRUE),
(600000397340, '大连爱家光网35元月包二宽', '家庭宽带', '二宽服务', 35, 35, TRUE, '大连爱家光网35元月包二宽，含FTTR设备使用权和二宽千兆提速', '大连宽带用户', 'FTTR+二宽千兆', '36个月', '大连地区', TRUE),
(600000386783, 'FTTR融合促销活动拉新199', '家庭宽带', 'FTTR宽带', 799, 799, TRUE, 'FTTR融合促销活动拉新199，一次性收费799元，含全光WiFi设备和上门安装', '新装宽带用户', 'FTTR设备', '36个月', '全国', TRUE),
(600000406828, '89元档位购泛终端直降600元', '硬件', '终端购机', 300, 300, TRUE, '89元档位购泛终端直降600元，预存300元话费，每月享受40元套餐优惠及10GB流量', '中端用户', '终端+话费+流量', '25个月', '辽宁地区', TRUE),
(600000416035, '优惠购机29元档位套餐优惠', '硬件', '终端补贴', 0, 30, TRUE, '29元档位套餐优惠30元，合约期36个月，每月承诺最低消费29元', '低价位用户', '30元补贴', '36个月', '全国', TRUE),
(600000407117, '69元档位购泛终端直降600元', '硬件', '终端购机', 600, 600, TRUE, '69元档位购泛终端直降600元，预存600元话费，每月享受30元套餐优惠及10GB流量', '基础用户', '终端+话费+流量', '36个月', '辽宁地区', TRUE),
(600000397779, '20元包打包消活动', '个人套餐', '打包消费套餐', 20, 30, TRUE, '20元包打包消活动，每月承诺消费20元可享套餐、语音及流量消费至30元', '基础用户', '打包消费', '24个月', '全国', TRUE),
(600000372345, '健康守护关爱活动音箱499', '老年用户', '健康服务', 499, 499, TRUE, '健康守护关爱活动含智能音箱1台，每月1次健康视频咨询服务', '老年用户', '健康服务+音箱', '36个月', '全国', TRUE),
(600000413235, '家庭权益包智能音箱', '家庭宽带', '智能家居', 470, 470, TRUE, '家庭权益包含智能音箱和7天事件云存储服务', '家庭用户', '智能音箱+云存储', '24个月', '全国', TRUE),
(600000417246, '移动爱家美食烹饪福袋促销版1000档', '老年用户', '生活服务', 1000, 1000, TRUE, '移动爱家美食烹饪福袋含智能空气炸锅、云电脑服务、健康养老服务等', '高端老年用户', '综合服务', '24个月', '全国', TRUE),
(600000410016, '5G全家享套餐129元新入网2折', '个人套餐', '新用户5G套餐', 25.8, 129, TRUE, '5G全家享套餐129元新入网享2折优惠，实收25.8元/月', '新入网用户', '5G套餐', '12个月', '全国', TRUE),
(600000405208, '抚顺校园迎新200G云盘权益4年包', '校园专属', '校园云盘', 1.9, 2, TRUE, '抚顺校园迎新200G移动云盘权益，含200G个人云空间+200G家庭云空间', '在校学生', '400GB云空间', '48个月', '抚顺地区', TRUE),
(600000373446, '抚顺大商赠10G全国流量', '区域专属', '区域流量包', 0, 0, TRUE, '抚顺大商赠10G全国流量活动，每月赠送10G全国流量', '抚顺企业用户', '10GB', '长期', '全国', TRUE),
(600000410028, '5G全家享套餐199元新入网5折', '个人套餐', '新用户5G套餐', 99.5, 199, TRUE, '5G全家享套餐199元新入网享5折优惠，实收99.5元/月', '新入网高端用户', '5G套餐', '12个月', '全国', TRUE),
(600000373441, '抚顺大商29元套餐返还9元话费', '集团业务', '企业话费优惠', 20, 29, TRUE, '抚顺大商29元套餐返还9元话费，实收20元/月', '企业员工', '企业套餐', '长期', '抚顺地区', TRUE),
(600000410024, '5G全家享套餐199元新入网7折', '个人套餐', '新用户5G套餐', 139.3, 199, TRUE, '5G全家享套餐199元新入网享7折优惠，实收139.3元/月', '新入网高端用户', '5G套餐', '12个月', '全国', TRUE),
(600000399659, '集团客户1元100G抚顺流量', '集团业务', '企业流量包', 1, 1, TRUE, '集团客户1元100G抚顺流量，1元购买100G抚顺流量', '抚顺企业用户', '100GB', '长期', '抚顺地区', TRUE),
(600000403078, '抚顺校园迎新套餐5元优惠', '校园专属', '校园套餐优惠', 0, 5, TRUE, '抚顺校园迎新套餐5元优惠活动，连续48个月每月优惠5元', '新生用户', '5元优惠', '48个月', '抚顺地区', TRUE),
(600000410025, '5G全家享套餐79元新入网4折', '个人套餐', '新用户5G套餐', 31.6, 79, TRUE, '5G全家享套餐79元新入网享4折优惠，实收31.6元/月', '新入网用户', '5G套餐', '12个月', '全国', TRUE),
(600000410029, '5G全家享套餐199元新入网2折', '个人套餐', '新用户5G套餐', 39.8, 199, TRUE, '5G全家享套餐199元新入网享2折优惠，实收39.8元/月', '新入网高端用户', '5G套餐', '12个月', '全国', TRUE),
(600000410019, '5G全家享套餐79元新入网6折', '个人套餐', '新用户5G套餐', 47.4, 79, TRUE, '5G全家享套餐79元新入网享6折优惠，实收47.4元/月', '新入网用户', '5G套餐', '12个月', '全国', TRUE),
(600000367277, '抚顺供电公司129元套餐返还90元', '集团业务', '企业话费优惠', 39, 129, TRUE, '抚顺供电公司129元套餐返还90元话费，实收39元/月', '企业用户', '企业套餐', '长期', '抚顺地区', TRUE),
(600000368549, '升级套餐加享30GB省内流量', '流量包', '升级流量包', 0, 0, TRUE, '升级套餐加享30GB省内流量包，有效期12个月', '套餐升级用户', '30GB', '12个月', '省内', TRUE),
(600000400885, '特惠数字化活动4年', '数字化权益', '视频会员', 2, 2, TRUE, '特惠数字化活动含视频钻石会员和视频彩铃钻石会员包', '视频用户', '视频会员', '48个月', '全国', TRUE),
(600000411142, '政企客户购机享优惠299元新入网', '硬件', '政企终端购机', 0, 0, TRUE, '政企客户购机享优惠299元新入网客户专享6900元优惠', '政企新用户', '政企终端', '长期', '全国', TRUE),
(600000385374, '30元60G关爱专属流量本溪', '区域专属', '区域流量包', 30, 30, TRUE, '30元60G关爱专属流量本溪地区专享', '本溪用户', '60GB', '长期', '本溪地区', TRUE),
(600000411170, '政企客户购机享优惠199元存量', '硬件', '政企终端购机', 0, 0, TRUE, '政企客户购机享优惠199元存量客户专享4600元优惠', '政企存量用户', '政企终端', '长期', '全国', TRUE),
(600000385371, '70元150G关爱专属流量本溪', '区域专属', '区域流量包', 70, 70, TRUE, '70元150G关爱专属流量本溪地区专享', '本溪高流量用户', '150GB', '长期', '本溪地区', TRUE),
(600000408919, '本溪爱家光网融合趸交899元', '家庭宽带', 'FTTR宽带', 899, 899, TRUE, '本溪爱家光网融合趸交899元，含1000M宽带提速、FTTR设备等', '本溪宽带用户', 'FTTR+千兆', '12个月', '本溪地区', TRUE),
(600000401009, '1元50G流量6个月云盘', '流量包', '云盘流量包', 1, 1, TRUE, '1元50G流量6个月含云盘服务，合约期6个月', '云盘用户', '50GB+云盘', '6个月', '辽宁地区', TRUE),
(600000401007, '1元30G流量12个月云盘', '流量包', '云盘流量包', 1, 1, TRUE, '1元30G流量12个月含云盘服务，合约期12个月', '云盘用户', '30GB+云盘', '12个月', '辽宁地区', TRUE),
(600000411144, '政企客户购机享优惠199元存量3000', '硬件', '政企终端购机', 0, 0, TRUE, '政企客户购机享优惠199元存量客户专享3000元优惠', '政企存量用户', '政企终端', '长期', '全国', TRUE),
(600000360176, '吉祥号码预存10656', '话费优惠', '吉祥号优惠', 0, 0, TRUE, '吉祥号码预存10656元，每月返还888元话费，有效期12个月', '吉祥号用户', '888元话费', '12个月', '全国', TRUE),
(600000360164, '吉祥号码预存7056', '话费优惠', '吉祥号优惠', 0, 0, TRUE, '吉祥号码预存7056元，每月返还588元话费，有效期12个月', '吉祥号用户', '588元话费', '12个月', '全国', TRUE),
(600000411182, '政企客户购机享优惠399元存量', '硬件', '政企终端购机', 0, 0, TRUE, '政企客户购机享优惠399元存量客户专享3000元优惠', '政企高端用户', '政企终端', '长期', '全国', TRUE),
(600000323593, '全家享199元折后140元', '个人套餐', '高端套餐优惠', 140, 199, TRUE, '全家享199元折后140元，连续24个月享受优惠价格', '高端用户', '高端套餐', '24个月', '全国', TRUE),
(600000378507, '抚顺集团客户网内200分钟', '集团业务', '企业语音包', 0, 0, TRUE, '抚顺集团客户价值保有规模提升活动网内200分钟', '抚顺企业用户', '200分钟', '长期', '网内', TRUE)
  ON CONFLICT DO NOTHING;

-- 新增产品记录（第51-100个）
INSERT INTO products (id, name, category, sub_category, price, original_price, discount_supported, description, target_user_type, package_size, valid_period, applicable_scope, is_active) VALUES
(600000417577, '2025年锦鲤尊奢年包金蛇狂舞版', '数字化权益', '节日权益包', 0, 0, TRUE, '2025年锦鲤尊奢年包金蛇狂舞版，活动办理立即生效，到期自动取消', '高端用户', '节日权益', '长期', '全国', TRUE),
(600000390052, '锦州阳光能源50元员工优惠套餐', '集团业务', '企业优惠', 50, 79, TRUE, '锦州阳光能源50元员工优惠套餐，以50元/月优惠价格订购飞享79元套餐', '企业员工', '企业套餐', '24个月', '锦州地区', TRUE),
(600000399658, '集团客户1元50G省内流量', '集团业务', '企业流量包', 1, 1, TRUE, '集团客户1元50G省内流量，1元购买50G省内流量', '企业用户', '50GB', '长期', '省内', TRUE),
(600000382619, '抚顺全家享优惠购活动100G', '区域专属', '区域流量包', 0, 0, TRUE, '抚顺全家享优惠购活动100G，连续36个月享100G辽宁省内流量', '抚顺用户', '100GB', '36个月', '辽宁地区', TRUE),
(600000374943, '抚顺石化全家享7折', '集团业务', '企业优惠', 69.3, 99, TRUE, '抚顺石化集团99元全家享打7折，实收69.3元/月', '企业员工', '企业套餐', '长期', '抚顺地区', TRUE),
(600000374944, '抚顺石化赠送400分钟国内语音', '集团业务', '企业语音包', 0, 0, TRUE, '抚顺石化集团赠送400分钟国内语音通话', '企业员工', '400分钟', '长期', '全国', TRUE),
(600000378520, '抚顺集团客户129元全家享返10', '集团业务', '企业话费优惠', 119, 129, TRUE, '抚顺集团客户129元全家享返10，实际119元/月', '企业用户', '企业套餐', '长期', '抚顺地区', TRUE),
(600000367271, '抚顺供电公司赠30G全国流量', '集团业务', '企业流量包', 0, 0, TRUE, '抚顺供电公司赠30G全国流量活动，每月赠送30G全国流量', '企业用户', '30GB', '长期', '全国', TRUE),
(600000294860, '营销活动赠送500分钟语音包', '语音包', '语音赠送包', 0, 0, TRUE, '营销活动赠送国内主叫500分钟语音包', '目标用户', '500分钟', '长期', '全国', TRUE),
(600000390170, '抚顺集团客户送20G省内流量', '集团业务', '企业流量包', 0, 0, TRUE, '抚顺集团客户接续活动送20G省内流量', '企业用户', '20GB', '长期', '省内', TRUE),
(600000410022, '5G全家享套餐79元新入网7折', '个人套餐', '新用户5G套餐', 55.3, 79, TRUE, '5G全家享套餐79元新入网享7折优惠，实收55.3元/月', '新入网用户', '5G套餐', '12个月', '全国', TRUE),
(600000331696, '全家享99元返还70元话费', '话费优惠', '话费返还', 99, 99, TRUE, '全家享99元返还70元话费，赠送1680元话费分24个月返还', '中端用户', '1680元话费', '24个月', '全国', TRUE),
(600000379070, '全家享优惠购升级159减30', '个人套餐', '融合套餐', 129, 159, TRUE, '全家享优惠购升级159减30，每月享受30元套餐优惠', '中高端用户', '融合套餐', '36个月', '全国', TRUE),
(600000389396, '春季流量特惠购', '流量包', '季节流量包', 10, 10, TRUE, '春季流量特惠购10元/月，每月享100GB辽宁地区通用流量', '高流量用户', '100GB', '12个月', '辽宁地区', TRUE),
(600000403686, '优惠购机39元档位购机直降400元', '硬件', '终端购机', 400, 400, TRUE, '39元档位购机直降400元，预存400元，每月享受40元套餐优惠', '低价位用户', '终端+话费', '36个月', '全国', TRUE),
(600000415228, '优惠购机329元档位套餐优惠', '硬件', '高端终端购机', 0, 70, TRUE, '329元档位套餐优惠70元，每月叠加330GB辽宁地区通用流量和400分钟国内主叫', '高端用户', '70元优惠+330GB+400分钟', '36个月', '辽宁地区', TRUE),
(600000417861, '智学宝作业帮学习机礼包', '校园专属', '学习设备', 2499, 2499, TRUE, '智学宝作业帮学习机礼包含学习机、VIP会员、云电脑服务等', '学生用户', '学习设备+会员', '12个月', '全国', TRUE),
(600000414676, '移动爱家出行游玩福袋促销版1000档', '老年用户', '出行服务', 1000, 1000, TRUE, '移动爱家出行游玩福袋含健康养老服务、云电脑服务、话费返还等', '高端老年用户', '综合服务', '24个月', '全国', TRUE),
(600000307880, '128/129元档位全家融合活动优惠30元', '个人套餐', '融合套餐', 99, 129, TRUE, '128/129元档位全家融合活动优惠30元，活动期24个月', '中端用户', '融合套餐', '24个月', '全国', TRUE),
(600000397900, '移动爱家健康守护福袋促销版360档', '老年用户', '健康服务', 360, 360, TRUE, '移动爱家健康守护福袋含健康养老服务、云电脑服务、健康守护硬件等', '老年用户', '健康服务', '24个月', '全国', TRUE),
(600000360333, '全家享300M二宽权益活动', '家庭宽带', '二宽服务', 0, 0, TRUE, '全家享300M二宽权益活动，79元全家享套餐客户享300M二宽优惠', '家庭用户', '300M二宽', '24个月', '全国', TRUE),
(600000406020, '239元全家享免预存购儿童手表', '硬件', '儿童设备', 0, 0, TRUE, '239元全家享免预存购儿童手表直降1500元，合约期36个月', '家庭用户', '儿童手表', '36个月', '全国', TRUE),
(600000292528, '5G套餐298优惠60', '个人套餐', '5G套餐优惠', 238, 298, TRUE, '5G套餐298优惠60元，实收238元/月，合约期12个月', '高端5G用户', '5G套餐', '12个月', '全国', TRUE),
(600000229219, '营销活动回馈2G流量4个月', '流量包', '流量回馈包', 0, 0, TRUE, '营销活动回馈2G国内上网流量4个月', '目标用户', '2GB', '4个月', '全国', TRUE),
(600000391174, '旺铺礼包商客三年300M', '家庭宽带', '商客宽带', 1088, 1088, TRUE, '旺铺礼包商客三年300M，总收费1088元含300M宽带、支付助手、发券助手等', '小微企业用户', '300M宽带+服务', '36个月', '全国', TRUE),
(600000382285, '国家税务总局抚顺29元飞享', '集团业务', '政府优惠', 29, 29, TRUE, '国家税务总局抚顺市税务局29元飞享套餐', '政府用户', '政府套餐', '长期', '抚顺地区', TRUE),
(600000375855, '抚顺市政府购机直降3300元', '硬件', '政府终端购机', 0, 0, TRUE, '抚顺市政府行业159元全家享购机直降3300元免预存', '政府用户', '政府终端', '36个月', '抚顺地区', TRUE),
(600000370659, '四季度存量客户99减10', '个人套餐', '存量优惠', 89, 99, TRUE, '四季度存量客户价值提升活动99减10，每月赠送20G辽宁省内流量', '存量用户', '89元套餐+20GB', '24个月', '辽宁地区', TRUE),
(600000390163, '抚顺集团客户送10G省内流量', '集团业务', '企业流量包', 0, 0, TRUE, '抚顺集团客户接续活动送10G省内流量', '企业用户', '10GB', '长期', '省内', TRUE),
(600000370668, '四季度存量客户129减30', '个人套餐', '存量优惠', 99, 129, TRUE, '四季度存量客户价值提升活动129减30，每月赠送30G辽宁省内流量', '存量用户', '99元套餐+30GB', '24个月', '辽宁地区', TRUE),
(600000390165, '抚顺集团客户送100分钟语音', '集团业务', '企业语音包', 0, 0, TRUE, '抚顺集团客户接续活动送100分钟语音通话', '企业用户', '100分钟', '长期', '全国', TRUE),
(600000399661, '集团客户29返16活动', '集团业务', '企业优惠', 13, 29, TRUE, '集团客户29返16活动，实收13元/月，赠送23G国内流量、200G本地流量、100分钟语音', '企业用户', '综合套餐', '长期', '全国+本地', TRUE),
(600000382621, '抚顺全家享优惠购30G', '区域专属', '区域流量包', 0, 0, TRUE, '抚顺全家享优惠购活动30G，连续36个月享30G辽宁省内流量', '抚顺用户', '30GB', '36个月', '辽宁地区', TRUE),
(600000324761, '集团客户全家享优惠90元', '集团业务', '企业优惠', 0, 90, TRUE, '集团客户全家享套餐专属优惠活动优惠90元', '集团客户', '企业套餐', '25个月', '全国', TRUE),
(600000399667, '集团客户29元套餐流量包', '集团业务', '企业流量包', 0, 0, TRUE, '集团客户29元套餐流量包，赠送38G国内流量、50G省内、100G本地流量', '企业用户', '188GB', '长期', '全国+省内+本地', TRUE),
(600000378512, '抚顺集团客户网内500分钟', '集团业务', '企业语音包', 0, 0, TRUE, '抚顺集团客户价值保有规模提升活动网内500分钟', '企业用户', '500分钟', '长期', '网内', TRUE),
(600000380430, '承诺消费159元享好礼', '个人套餐', '承诺消费套餐', 159, 159, TRUE, '承诺消费159元享好礼，享受200分钟国内主叫和10GB辽宁流量', '中高端用户', '200分钟+10GB', '24个月', '辽宁地区', TRUE),
(600000380425, '承诺消费79元享好礼', '个人套餐', '承诺消费套餐', 79, 79, TRUE, '承诺消费79元享好礼，享受100分钟国内主叫和5GB辽宁流量', '中端用户', '100分钟+5GB', '24个月', '辽宁地区', TRUE),
(600000292073, '20元20G流量优惠活动', '流量包', '中流量包', 20, 20, TRUE, '20元20G流量优惠活动，包含10GB国内通用流量和10GB额外流量', '流量需求用户', '20GB', '12个月', '国内', TRUE),
(600000401034, '惠抚顺会员活动', '区域专属', '区域会员包', 15, 15, TRUE, '惠抚顺会员活动，每月15元可任选一款最高价值25元抚顺生活消费券', '抚顺用户', '生活权益', '12个月', '抚顺地区', TRUE),
(600000323234, '辽宁双旗石化12930版', '集团业务', '企业套餐', 99, 129, TRUE, '辽宁双旗石化仓储物流有限公司营销活动12930版，优惠30元', '企业用户', '企业套餐', '长期', '辽宁地区', TRUE),
(600000370662, '四季度存量客户99减30', '个人套餐', '存量优惠', 69, 99, TRUE, '四季度存量客户价值提升活动99减30，每月赠送20G辽宁省内流量', '存量用户', '69元套餐+20GB', '24个月', '辽宁地区', TRUE),
(600000353872, '集团成员100分钟语音包', '集团业务', '企业语音包', 0, 0, TRUE, '集团成员100分钟语音包，专为企业集团成员设计', '企业用户', '100分钟', '长期', '全国', TRUE),
(600000410018, '5G全家享79元新入网2折', '个人套餐', '新用户5G套餐', 15.8, 79, TRUE, '5G全家享套餐79元新入网享2折优惠，实收15.8元/月', '新入网用户', '5G套餐', '12个月', '全国', TRUE),
(600000394406, '599元FTTR融合活动', '家庭宽带', 'FTTR宽带', 599, 599, TRUE, '599元FTTR融合活动，含全光WiFi主光猫、从光猫及上门安装服务', '高端家庭用户', 'FTTR服务', '长期', '全国', TRUE),
(600000356736, '48元优惠资费', '个人套餐', '基础套餐', 48, 59, TRUE, '48元优惠资费，含10G国内通用流量、200分钟国内语音通话', '基础用户', '10GB+200分钟', '12个月', '全国', TRUE),
(600000385886, '盘锦20元80G流量组合包', '区域专属', '区域流量包', 20, 20, TRUE, '盘锦20元80G流量组合包新版，含13GB国内通用流量和67GB辽宁流量', '盘锦用户', '80GB', '12个月', '辽宁地区', TRUE),
(600000366742, '盘锦流量升级减免70元', '区域专属', '区域话费优惠', 0, 70, TRUE, '盘锦流量升级减免70元2023版，赠送70元话费', '盘锦用户', '70元话费', '立即', '盘锦地区', TRUE),
(600000403774, '趸交爱家光网客户优享活动', '家庭宽带', '宽带话费优惠', 0, 0, TRUE, '趸交爱家光网客户优享活动，活动期内享话费充值100元', '宽带用户', '100元话费', '长期', '全国', TRUE),
(600000319112, 'bilibili30G定向流量', '流量包', '定向流量包', 0, 0, TRUE, 'bilibili30G定向流量包，连续24个月享15G定向流量用于bilibiliAPP', 'bilibili用户', '15GB', '24个月', 'bilibiliAPP', TRUE),
(600000319115, '快手30G定向流量', '流量包', '定向流量包', 0, 0, TRUE, '快手30G定向流量包，连续24个月享15G定向流量用于快手APP', '快手用户', '15GB', '24个月', '快手APP', TRUE),
(600000322190, '咪咕视频黄金会员30GB定向', '数字化权益', '视频会员', 0, 0, TRUE, '咪咕视频黄金会员含30GB定向流量', '视频用户', '视频会员+30GB', '长期', '全国', TRUE),
(600000355224, '随心看会员加5GB流量', '数字化权益', '视频会员', 25.9, 25.9, TRUE, '随心看会员加5GB流量活动含视频会员任选', '视频娱乐用户', '视频会员+5GB', '长期', '全国', TRUE),
(600000322823, '月末流量包咪咕视频融合', '流量包', '月末流量包', 0, 0, TRUE, '咪咕视频融合月末包含10GB通用流量', '月末流量不足用户', '10GB', '长期', '全国', TRUE),
(600000328976, '任我选生活版', '数字化权益', '生活权益', 15, 22.5, TRUE, '任我选生活版活动含生活权益', '生活服务用户', '生活权益', '长期', '全国', TRUE),
(600000407284, '短剧精品年包', '数字化权益', '娱乐权益', 10, 10, TRUE, '短剧精品年包含多种娱乐权益', '娱乐需求用户', '娱乐权益', '12个月', '全国', TRUE),
(600000354037, '随心看趣领Pro流量翻倍', '数字化权益', '视频权益', 29.9, 29.9, TRUE, '随心看趣领Pro流量翻倍活动', '视频需求用户', '视频权益', '长期', '全国', TRUE),
(600000406536, '咪咕足球通会员月卡积分版', '数字化权益', '体育会员', 0, 0, TRUE, '咪咕足球通会员月卡积分版含定向流量', '体育爱好用户', '体育会员', '长期', '全国', TRUE),
(600000365275, '鞍山50GB分区流量', '区域专属', '区域流量包', 0, 0, TRUE, '鞍山50GB分区流量优惠活动存量用户', '鞍山地区用户', '50GB', '长期', '鞍山地区', TRUE),
(600000372269, '丹东50GB流量优惠', '区域专属', '区域流量包', 0, 0, TRUE, '2023年丹东50GB流量优惠活动', '丹东地区用户', '50GB', '12个月', '丹东地区', TRUE),
(600000372272, '丹东10GB流量优惠', '区域专属', '区域流量包', 0, 0, TRUE, '2023年丹东10GB流量优惠活动', '丹东地区用户', '10GB', '12个月', '丹东地区', TRUE),
(600000397573, '丹东5元30GB分区', '区域专属', '区域流量包', 5, 5, TRUE, '2024丹东5元30GB分区流量优惠活动接续', '丹东地区用户', '30GB', '长期', '丹东地区', TRUE),
(600000367270, '抚顺100G区域流量', '区域专属', '区域流量包', 0, 0, TRUE, '2023年抚顺供电公司赠100G区域流量活动', '抚顺特定用户', '100GB', '长期', '抚顺地区', TRUE),
(600000375861, '抚顺30G全国流量', '区域专属', '区域流量包', 0, 0, TRUE, '2023年抚顺市政府行业及重要异网集团赠送30G全国流量活动', '抚顺特定用户', '30GB', '长期', '全国', TRUE),
(600000416963, '抚顺10GB本地流量特惠', '区域专属', '区域流量包', 1, 1, TRUE, '抚顺10GB本地流量特惠活动1元/月24个月', '抚顺地区用户', '10GB', '24个月', '抚顺地区', TRUE),
(600000416961, '抚顺20GB本地流量特惠', '区域专属', '区域流量包', 1, 1, TRUE, '抚顺20GB本地流量特惠活动1元/月24个月', '抚顺地区用户', '20GB', '24个月', '抚顺地区', TRUE),
(600000402729, '鞍山乐享流量10G', '区域专属', '区域流量包', 0, 0, TRUE, '鞍山2024年乐享流量活动36个月10G版', '鞍山地区用户', '10GB', '36个月', '鞍山地区', TRUE),
(600000402733, '鞍山乐享流量20G', '区域专属', '区域流量包', 0, 0, TRUE, '鞍山2024年乐享流量活动36个月20G版', '鞍山高流量用户', '20GB', '36个月', '鞍山地区', TRUE)
  ON CONFLICT DO NOTHING;

-- 新增产品记录（第101-150个）
INSERT INTO products (id, name, category, sub_category, price, original_price, discount_supported, description, target_user_type, package_size, valid_period, applicable_scope, is_active) VALUES
(600000384731, '存量享240元话费', '话费优惠', '存量话费包', 0, 0, TRUE, '存量享240元话费24个月返还', '存量用户', '240元话费', '24个月', '全国', TRUE),
(600000384728, '新入网享60元话费', '话费优惠', '新用户话费包', 0, 0, TRUE, '新入网享60元话费12个月返还', '新入网用户', '60元话费', '12个月', '全国', TRUE),
(600000393951, '入网享40话费优惠', '话费优惠', '新用户话费包', 0, 0, TRUE, '入网享40话费优惠活动新入网并承诺在网12个月首月140元次月起40元', '新入网用户', '40元话费', '12个月', '全国', TRUE),
(600000410160, '入网享10优惠活动B', '话费优惠', '新用户话费包', 0, 0, TRUE, '入网享10优惠活动B首月90元次月起10元12个月', '新入网基础用户', '10元话费', '12个月', '全国', TRUE),
(600000368065, '锦州客户专属话费', '区域专属', '区域话费包', 0, 0, TRUE, '锦州客户专属话费活动20元每月返还', '锦州地区用户', '20元话费', '长期', '锦州地区', TRUE),
(600000384872, '铁岭预存200元', '话费优惠', '区域话费包', 200, 200, TRUE, '铁岭预存200元享400元40个月返还', '铁岭用户', '400元话费', '40个月', '铁岭地区', TRUE),
(600000378644, '铁岭客户50元月费优惠', '话费优惠', '区域话费包', 0, 50, TRUE, '铁岭客户50元月费优惠共24个月', '铁岭用户', '50元优惠', '24个月', '铁岭地区', TRUE),
(600000378671, '铁岭客户70元月费优惠', '话费优惠', '区域话费包', 0, 70, TRUE, '铁岭客户70元月费优惠共24个月', '铁岭高价值用户', '70元优惠', '24个月', '铁岭地区', TRUE),
(600000258471, '油田通信减免', '集团业务', '行业优惠', 0, 10, TRUE, '2019油田通信公司号码减免10元套餐费', '特定行业用户', '10元减免', '长期', '特定行业', TRUE),
(600000304829, '开原财政局保有', '集团业务', '政府优惠', 0, 58, TRUE, '铁岭公司2021年开原财政局集团成员保有58元', '特定集团客户', '政府套餐', '长期', '铁岭地区', TRUE),
(600000365260, '校园随心选36个月', '校园专属', '校园权益包', 9.9, 15, TRUE, '随心选校园优惠活动36个月9.9元/月', '在校学生', '校园权益', '36个月', '全国', TRUE),
(600000358074, '校园权益包plus版', '校园专属', '校园权益包', 30, 30, TRUE, '校园权益包plus版活动含惠校园权益、随心选会员权益', '在校学生', '综合权益', '长期', '校园', TRUE),
(600000403724, '校园黄金会员48个月', '校园专属', '校园会员包', 0, 0, TRUE, '秋季开学校园黄金会员升级版48个月', '新生', '校园会员', '48个月', '校园', TRUE),
(600000325849, '校园彩铃2元包', '校园专属', '校园增值服务', 2, 6, TRUE, '校园彩铃包月2元优惠购活动', '在校学生', '彩铃服务', '长期', '校园', TRUE),
(600000324519, '校园迎新预存活动', '校园专属', '校园话费包', 50, 50, TRUE, '2022年校园迎新预存50元享240元话费', '新生', '240元话费', '24个月', '校园', TRUE),
(600000365424, '79元套餐预存优惠', '校园专属', '校园套餐包', 1600, 1600, TRUE, '79元套餐预存优惠36个月预存1600元', '高消费学生', '校园套餐', '36个月', '校园', TRUE),
(600000373815, '39元档位预存优惠', '校园专属', '校园套餐包', 550, 550, TRUE, '39元档位预存优惠24个月预存550元', '基础消费学生', '校园套餐', '24个月', '校园', TRUE),
(600000403074, '抚顺校园迎新话费', '校园专属', '校园话费包', 0, 0, TRUE, '2024年抚顺校园迎新赠送480元话费活动', '抚顺校园用户', '480元话费', '立即', '抚顺地区', TRUE),
(600000363720, '校园迎新100元话费', '校园专属', '校园话费包', 0, 0, TRUE, '2023年校园迎新领100元话费活动立即到账', '校园新用户', '100元话费', '立即', '校园', TRUE),
(600000401731, '沈阳高校迎新话费', '校园专属', '校园话费包', 0, 0, TRUE, '2024年沈阳高校迎新享50元话费活动立即到账', '沈阳高校用户', '50元话费', '立即', '沈阳地区', TRUE),
(600000389374, '鞍山钢铁集团优惠', '集团业务', '企业优惠', 0, 0, TRUE, '鞍山钢铁集团有限公司套餐优惠活动', '企业员工用户', '企业套餐', '长期', '鞍山地区', TRUE),
(600000374943, '抚顺石化全家享7折', '集团业务', '企业优惠', 0, 0, TRUE, '2023年抚顺石化集团99元全家享打7折', '抚顺石化员工', '企业套餐', '长期', '抚顺地区', TRUE),
(600000324761, '集团客户全家享优惠90', '集团业务', '企业优惠', 0, 90, TRUE, '集团客户全家享套餐专属优惠活动优惠90元', '集团客户', '企业套餐', '长期', '全国', TRUE),
(600000324752, '集团客户全家享70元', '集团业务', '企业优惠', 0, 70, TRUE, '集团客户全家享套餐专属优惠活动优惠70元', '集团客户', '企业套餐', '长期', '全国', TRUE),
(600000324764, '集团客户全家享60元', '集团业务', '企业优惠', 0, 60, TRUE, '集团客户全家享套餐专属优惠活动优惠60元', '集团客户', '企业套餐', '长期', '全国', TRUE),
(600000324767, '集团客户全家享50元', '集团业务', '企业优惠', 0, 50, TRUE, '集团客户全家享套餐专属优惠活动优惠50元', '集团客户', '企业套餐', '长期', '全国', TRUE),
(600000372693, '京邦达供应链科技', '集团业务', '企业优惠', 0, 0, TRUE, '2023年辽宁京邦达供应链科技有限公司套餐优惠', '特定企业用户', '企业套餐', '长期', '辽宁地区', TRUE),
(600000390052, '锦州阳光能源50元', '集团业务', '企业优惠', 0, 50, TRUE, '2024年二季度锦州阳光能源50元员工优惠套餐', '锦州企业用户', '企业套餐', '长期', '锦州地区', TRUE),
(600000382285, '国家税务总局抚顺', '集团业务', '政府优惠', 0, 0, TRUE, '2024年国家税务总局抚顺市税务局39元飞享', '特定单位用户', '政府套餐', '长期', '抚顺地区', TRUE),
(600000314973, '鞍山网格员融合套餐', '集团业务', '职业优惠', 0, 0, TRUE, '鞍山市网格员融合套餐优惠活动99元档位', '特定职业用户', '职业套餐', '长期', '鞍山地区', TRUE),
(600000319289, '燃气泄漏探测服务', '老年用户', '安全服务', 10, 10, TRUE, '燃气泄漏探测服务优惠活动含两年燃气泄漏报警服务', '老年家庭用户', '安全服务', '24个月', '全国', TRUE),
(600000404613, '休闲娱乐福袋7元月包', '老年用户', '综合服务', 7, 7, TRUE, '休闲娱乐福袋含健康养老服务、守护宝服务、3GB区域通用流量', '老年用户', '综合服务', '24个月', '区域', TRUE),
(600000417336, '移动爱家美食烹饪福袋', '老年用户', '生活服务', 860, 860, TRUE, '移动爱家美食烹饪福袋标准版含健康养老服务、视频会员等', '高端老年用户', '生活服务', '24个月', '全国', TRUE),
(600000414772, '移动爱家家用电器福袋', '老年用户', '家电服务', 600, 600, TRUE, '移动爱家家用电器福袋优惠版含健康养老服务、视频会员等', '中端老年用户', '家电服务', '24个月', '全国', TRUE),
(600000417344, '移动爱家居家办公福袋', '老年用户', '办公服务', 240, 240, TRUE, '移动爱家居家办公福袋标准版含健康养老服务、视频会员等', '基础老年用户', '办公服务', '24个月', '全国', TRUE),
(600000385615, '乡友专属0.01元话费', '老年用户', '话费福利', 0, 0, TRUE, '乡友专属0.01元话费福利一次性充值到账', '农村老年用户', '话费福利', '立即', '全国', TRUE),
(600000417348, '移动爱家健康守护福袋480档', '老年用户', '健康服务', 480, 480, TRUE, '移动爱家健康守护福袋标准版含健康养老服务、视频会员等', '高端老年用户', '健康服务', '24个月', '全国', TRUE),
(600000414684, '移动爱家家用电器福袋600档', '老年用户', '家电服务', 600, 600, TRUE, '移动爱家家用电器福袋促销版含健康养老服务、视频会员等', '中端老年用户', '家电服务', '24个月', '全国', TRUE),
(600000414724, '移动爱家居家办公福袋240档', '老年用户', '办公服务', 240, 240, TRUE, '移动爱家居家办公福袋标准版含健康养老服务、视频会员等', '基础老年用户', '办公服务', '24个月', '全国', TRUE),
(600000417284, '移动爱家安全防护福袋480档', '老年用户', '安防服务', 480, 480, TRUE, '移动爱家安全防护福袋优惠版含安防服务、视频会员等', '安全需求老年用户', '安防服务', '24个月', '全国', TRUE),
(600000374810, '新入网5G全家享2折', '个人套餐', '新用户5G套餐', 25.8, 129, TRUE, '新入网办理5G全家享套餐129元享2折优惠', '新入网用户', '5G套餐', '12个月', '全国', TRUE),
(600000414238, '新入网全家享99元', '个人套餐', '新用户套餐', 99, 99, TRUE, '新入网全家享专享优惠99元接续含120GB流量', '新入网用户', '120GB', '12个月', '全国', TRUE),
(600000416685, '优惠购机新入网99元档位', '硬件', '新用户终端购机', 0, 0, TRUE, '优惠购机新入网99元档位套餐购机直降1000元1000元云存24个月', '新入网高端用户', '终端+云存', '24个月', '全国', TRUE),
(600000400633, '铁岭新入网38元启航卡', '硬件', '新用户终端购机', 200, 200, TRUE, '铁岭优惠购机新入网38元启航卡享降预存200元购机直降400元', '铁岭新入网用户', '终端', '长期', '铁岭地区', TRUE),
(600000393951, '入网享40话费优惠', '话费优惠', '新用户话费包', 0, 0, TRUE, '入网享40话费优惠活动新入网并承诺在网12个月首月140元次月起40元', '新入网用户', '话费优惠', '12个月', '全国', TRUE),
(600000410160, '入网享10优惠活动B', '话费优惠', '新用户话费包', 0, 0, TRUE, '入网享10优惠活动B首月90元次月起10元12个月', '新入网基础用户', '话费优惠', '12个月', '全国', TRUE),
(600000384728, '新入网享60元话费', '话费优惠', '新用户话费包', 0, 0, TRUE, '新入网享60元话费12个月返还', '新入网用户', '话费返还', '12个月', '全国', TRUE),
(600000325705, '丹东新入网79元5折', '个人套餐', '新用户套餐', 39.5, 79, TRUE, '2022年丹东新入网办理79元全家享5折优惠', '丹东新用户', '5折套餐', '长期', '丹东地区', TRUE),
(600000381733, '营口新入网30G流量', '流量包', '新用户流量包', 0, 0, TRUE, '营口新入网享30G辽宁流量活动12个月', '营口新入网用户', '30GB', '12个月', '辽宁地区', TRUE),
(600000389960, '铁岭新入网语音优惠', '语音包', '新用户语音包', 0, 0, TRUE, '铁岭客户新入网300分钟语音优惠', '铁岭新入网用户', '300分钟', '长期', '铁岭地区', TRUE),
(600000322190, '咪咕视频黄金会员', '数字化权益', '视频会员', 0, 0, TRUE, '咪咕视频黄金会员6个月优享活动', '视频用户', '视频会员', '6个月', '全国', TRUE),
(600000417336, '咪咕视频钻石会员', '数字化权益', '视频会员', 0, 0, TRUE, '咪咕视频钻石会员适合家庭观看', '视频娱乐用户', '视频会员', '长期', '全国', TRUE),
(600000406536, '咪咕足球通会员', '数字化权益', '体育会员', 0, 0, TRUE, '咪咕足球通会员月卡积分版', '体育爱好用户', '体育会员', '长期', '全国', TRUE),
(600000328976, '任我选生活版', '数字化权益', '生活权益', 15, 22.5, TRUE, '任我选生活版活动含生活权益', '生活服务用户', '生活权益', '长期', '全国', TRUE),
(600000407284, '短剧精品年包', '数字化权益', '娱乐权益', 10, 10, TRUE, '短剧精品年包含多种娱乐权益', '娱乐需求用户', '娱乐权益', '12个月', '全国', TRUE),
(600000354037, '随心看趣领Pro', '数字化权益', '视频权益', 29.9, 29.9, TRUE, '随心看趣领Pro流量翻倍活动', '视频需求用户', '视频权益', '长期', '全国', TRUE),
(600000403724, '校园黄金会员', '数字化权益', '校园会员', 0, 0, TRUE, '校园黄金会员升级版48个月', '学生用户', '校园会员', '48个月', '校园', TRUE),
(600000358074, '校园权益包plus版', '数字化权益', '校园权益', 30, 30, TRUE, '校园权益包plus版活动含惠校园权益', '在校学生', '校园权益', '长期', '校园', TRUE),
(600000349717, '视频娱乐包', '数字化权益', '视频权益', 10, 10, TRUE, '视频娱乐包含视频钻石会员', '视频需求用户', '视频权益', '长期', '全国', TRUE),
(600000323910, '移动高清影视包', '数字化权益', '视频权益', 0, 0, TRUE, '移动高清影视包会员含25GB国内通用流量', '视频娱乐用户', '视频权益+25GB', '长期', '全国', TRUE),
(600000319485, '辽友会专属3元话费券', '话费优惠', '话费券', 0, 0, TRUE, '辽友会专属3元话费券立即到账有效期24小时', '携转风险用户', '3元话费券', '24小时', '全国', TRUE),
(600000385631, '乡友专属0.68元话费', '话费优惠', '话费券', 0, 0, TRUE, '乡友专属0.68元话费福利一次性充值到账', '携转风险用户', '0.68元话费', '立即', '全国', TRUE),
(600000385615, '乡友专属0.01元话费', '话费优惠', '话费券', 0, 0, TRUE, '乡友专属0.01元话费福利一次性充值到账', '农村用户', '0.01元话费', '立即', '全国', TRUE),
(600000343319, '团圆礼包半年卡', '数字化权益', '节日权益', 88, 88, TRUE, '团圆礼包半年卡含288元年货包权益', '家庭用户', '节日权益', '6个月', '全国', TRUE),
(600000354099, '任我选生活小包', '数字化权益', '生活权益', 5, 5, TRUE, '任我选生活小包活动含本地生活类权益', '潜在融合用户', '生活权益', '长期', '全国', TRUE),
(600000409380, '159元享1400元和包券', '话费优惠', '高端用户优惠', 0, 0, TRUE, '159元享1400元和包券活动36个月', '高价值用户', '1400元券', '36个月', '全国', TRUE),
(600000408114, '119元享800元和包券', '话费优惠', '中高价值用户优惠', 0, 0, TRUE, '119元档位享800元和包券预存800元', '中高价值用户', '800元券', '36个月', '全国', TRUE),
(600000408159, '99元享600元和包券', '话费优惠', '中端用户优惠', 0, 0, TRUE, '99元档位享600元和包券预存300元', '中端用户', '600元券', '36个月', '全国', TRUE),
(600000408106, '79元享600元和包券', '话费优惠', '中高价值用户优惠', 0, 0, TRUE, '79元档位享600元和包券预存600元', '中高价值用户', '600元券', '36个月', '全国', TRUE),
(600000408012, '新入网399元档位', '话费优惠', '高端新入网用户优惠', 0, 0, TRUE, '新入网399元档位享2000元和包券预存2000元36个月', '高端新入网用户', '2000元券', '36个月', '全国', TRUE)
  ON CONFLICT DO NOTHING;

-- 新增150个产品记录（第1-50个）
INSERT INTO products (id, name, category, sub_category, price, original_price, discount_supported, description, target_user_type, package_size, valid_period, applicable_scope, is_active) VALUES
(600000383722, '吉祥号码阶段性活动ABCDE', '话费优惠', '吉祥号优惠', 2400, 2400, TRUE, '吉祥号码阶段性活动，首月最低消费2400元，适用于特定吉祥号码用户', '高端吉祥号用户', '高消费套餐', '长期', '全国', TRUE),
(600000371304, '大连特定客群59档位预存400元', '硬件', '终端购机', 400, 400, TRUE, '大连特定客群59档位预存400元直降700元，合约期24个月，前6个月需在指定卡槽使用且每月至少500MB流量', '大连地区用户', '终端+话费', '24个月', '大连地区', TRUE),
(600000371336, '大连特定客群79档位预存500元', '硬件', '终端购机', 500, 500, TRUE, '大连特定客群79档位预存500元直降940元，合约期24个月，前6个月需在指定卡槽使用且每月至少500MB流量', '大连中端用户', '终端+话费', '24个月', '大连地区', TRUE),
(600000395815, '大连全家享合约79档位接续', '个人套餐', '融合套餐', 54, 79, TRUE, '大连全家享合约79档位接续，承诺月租不低于79元，享受25元/月费用减免，合约期24个月', '大连家庭用户', '融合套餐', '24个月', '大连地区', TRUE),
(600000362539, '大连金惠购机新入网99元', '硬件', '新用户终端购机', 1180, 1180, TRUE, '大连金惠购机新入网99元全家享预存1180元直降1180元，合约期24个月', '大连新入网用户', '终端+话费', '24个月', '大连地区', TRUE),
(600000387001, '大连金惠购机新入网299档位', '硬件', '高端终端购机', 2190, 2190, TRUE, '大连金惠购机新入网299档位预存2190元直降4380元，合约期36个月，每月最低消费299元', '大连高端用户', '高端终端+话费', '36个月', '大连地区', TRUE),
(600000358569, '吉祥号码预存4656元', '话费优惠', '吉祥号优惠', 0, 0, TRUE, '吉祥号码预存4656元，每月返还388元话费，合约期12个月', '吉祥号用户', '4656元话费', '12个月', '全国', TRUE),
(600000400805, '129元档位全家享套餐充值1080元', '话费优惠', '套餐话费包', 0, 0, TRUE, '129元档位全家享套餐优惠活动，连续36个月每月充值30元话费', '中端用户', '1080元话费', '36个月', '全国', TRUE),
(600000350857, '大连客户回馈100分钟语音', '语音包', '区域语音包', 0, 0, TRUE, '大连客户回馈100分钟国内语音，有效期1个月', '大连用户', '100分钟', '1个月', '全国', TRUE),
(600000400297, '大连拉新爱家光网趸交999元', '家庭宽带', 'FTTR宽带', 999, 999, TRUE, '大连拉新爱家光网趸交999元专属优惠，返话1560元话费分24个月每月65元', '大连宽带用户', 'FTTR+话费返还', '24个月', '大连地区', TRUE),
(600000283042, '重要集团客户58元套餐', '集团业务', '企业优惠', 48, 58, TRUE, '重要集团客户58元套餐，每月减免10元套餐费', '重要集团客户', '企业套餐', '长期', '全国', TRUE),
(600000338759, '任我选生活版两月回馈活动', '数字化权益', '生活权益', 0, 15, TRUE, '任我选生活版两月回馈活动，首两月0元/月，第3月起15元/月，含生活类权益优惠券', '融合商户用户', '生活权益', '6个月', '全国', TRUE),
(600000269004, '88元4G套餐活动中远海运', '集团业务', '企业套餐', 25.2, 88, TRUE, '88元4G套餐活动中远海运专享，每月系统充值62.8元，实收25.2元/月', '中远海运员工', '企业套餐', '24个月', '全国', TRUE),
(600000364611, '2023年秋季校园存100领120', '校园专属', '校园话费包', 100, 100, TRUE, '2023年秋季校园存100领120，预存100元立即到账，连续12个月每月转入10元话费', '在校学生', '220元话费', '12个月', '校园', TRUE),
(600000379249, '飞享59享好礼49元档位', '个人套餐', '基础套餐', 49, 59, TRUE, '飞享59享好礼49元档位，每月存入10元话费，另享5GB分区流量和100分钟国内主叫', '基础用户', '5GB+100分钟', '12个月', '分区', TRUE),
(600000384734, '新入网享240元话费', '话费优惠', '新用户话费包', 0, 0, TRUE, '新入网享240元话费，办理后次月起连续24个月每月系统充值10元', '新入网用户', '240元话费', '24个月', '全国', TRUE),
(600000394219, '全家WIFI一主一从799元融合', '家庭宽带', 'WIFI设备', 799, 799, TRUE, '全家WIFI一主一从799元融合活动，一次性收费799元', '丹东宽带用户', 'WIFI设备', '长期', '丹东地区', TRUE),
(600000363670, '2023丹东语音包500分钟', '语音包', '区域语音包', 0, 0, TRUE, '2023丹东语音包500分钟活动，每月享500分钟网内通话', '丹东用户', '500分钟', '12个月', '网内', TRUE),
(600000385309, '2024丹东5GB家园流量东港专属', '区域专属', '区域流量包', 0, 0, TRUE, '2024丹东5GB家园流量活动东港专属，仅限丹东本地使用', '东港用户', '5GB', '24个月', '丹东地区', TRUE),
(600000325705, '2022年丹东新入网79元5折', '个人套餐', '新用户套餐', 39.5, 79, TRUE, '2022年丹东新入网办理79元全家享5折优惠', '丹东新用户', '5折套餐', '24个月', '丹东地区', TRUE),
(600000414800, '移动爱家美食烹饪福袋860档', '老年用户', '生活服务', 860, 860, TRUE, '移动爱家美食烹饪福袋优惠版860档，含GPU云电脑服务、健康养老服务、视频会员等', '高端老年用户', '综合服务', '24个月', '全国', TRUE),
(600000393011, '保底299享购机直降B', '硬件', '终端购机', 0, 0, TRUE, '保底299享购机直降B，月保底消费299元即可享受购机直降优惠', '高端用户', '购机优惠', '12个月', '全国', TRUE),
(600000323316, '校园迎新预存50元话费', '校园专属', '校园话费包', 50, 50, TRUE, '校园迎新预存50元话费活动，预存话费立即到账', '新生用户', '50元话费', '立即', '全国', TRUE),
(600000343318, '团圆礼包随心看年卡', '数字化权益', '视频年卡', 128, 128, TRUE, '团圆礼包随心看年卡，每月可领取六款视频会员月卡权益中的一款，含15GB视频APP定向流量', '视频用户', '视频会员', '12个月', '全国', TRUE),
(600000379056, '全家享优惠购升级79减40接续', '个人套餐', '融合套餐', 39, 79, TRUE, '全家享优惠购升级79减40接续，每月享受40元套餐优惠', '低价位用户', '融合套餐', '36个月', '全国', TRUE),
(600000376810, '旺铺套餐合约99档位回馈', '集团业务', '企业套餐', 39, 99, TRUE, '旺铺套餐合约99档位回馈，承诺月租不低于99元，享套餐费优惠30元/月及业务优惠25元/月', '企业用户', '企业套餐', '24个月', '全国', TRUE),
(600000346799, '福气畅聊包20元', '老年用户', '老年语音包', 20, 20, TRUE, '福气畅聊包20元，含2张5元超市券、1000分钟省内主叫省内移动通话时长，仅限60周岁及以上客户', '老年用户', '1000分钟+权益', '12个月', '省内', TRUE),
(600000368946, '3元语音优惠包', '语音包', '小额语音包', 3, 3, TRUE, '3元语音优惠包，享受50分钟辽宁地区主叫辽宁移动号码通话时长', '基础用户', '50分钟', '12个月', '辽宁地区', TRUE),
(600000409871, '129元畅享家接续', '个人套餐', '融合套餐', 129, 129, TRUE, '129元畅享家接续，每月承诺套餐月租消费129元，享30GB辽宁地区通用流量', '中端用户', '30GB', '36个月', '辽宁地区', TRUE),
(600000322443, '10元叠加包12个月', '流量包', '综合叠加包', 10, 10, TRUE, '10元叠加包12个月，每月享20GB国内通用流量、300分钟国内主叫、500条国内短信', '综合需求用户', '20GB+300分钟+500条', '12个月', '国内', TRUE),
(600000416039, '优惠购机套餐优惠19元档位', '硬件', '终端补贴', 0, 20, TRUE, '优惠购机套餐优惠19元档位39减20接续，每月承诺最低消费19元', '低价位用户', '20元补贴', '36个月', '全国', TRUE),
(600000349713, '视频娱乐包到期留存', '数字化权益', '视频权益', 10, 10, TRUE, '视频娱乐包含视频钻石会员、30GB定向流量、视频彩铃等服务', '视频用户', '视频权益', '长期', '全国', TRUE),
(600000307368, '套餐费享7折优惠', '个人套餐', '套餐优惠', 0, 0, TRUE, '套餐费享7折优惠，连续12个月享受套餐费7折优惠', '目标用户', '7折优惠', '12个月', '全国', TRUE),
(600000371901, '全家享合约79档位回馈', '个人套餐', '融合套餐', 49, 79, TRUE, '全家享合约79档位回馈，承诺月租不低于79元，享套餐费优惠20元/月及业务优惠10元/月', '中低端用户', '融合套餐', '24个月', '全国', TRUE),
(600000416988, '沈阳99元畅享家专属千兆爱家光网', '家庭宽带', '千兆宽带', 399, 399, TRUE, '沈阳99元畅享家专属千兆爱家光网营销活动，含1000M宽带提速、FTTR设备等', '沈阳宽带用户', '千兆+FTTR', '36个月', '沈阳地区', TRUE),
(600000396649, '全家享优惠购plus版升级239减40', '个人套餐', '高端融合套餐', 199, 239, TRUE, '全家享优惠购plus版升级239减40接续，每月叠加70GB辽宁流量及200分钟国内主叫', '高端用户', '70GB+200分钟', '36个月', '辽宁地区', TRUE),
(600000349113, '优惠购机399元全家享月优惠120元', '硬件', '高端终端补贴', 0, 120, TRUE, '优惠购机399元全家享月优惠120元，连续24个月每月享话费直降120元', '高端用户', '120元补贴', '24个月', '全国', TRUE),
(600000265806, '新入网客户预存80元话费', '话费优惠', '新用户话费包', 80, 80, TRUE, '新入网客户预存80元话费立即到账', '新入网用户', '80元话费', '立即', '全国', TRUE),
(600000353689, '保底59元金币按月兑换话费', '话费优惠', '话费返还', 59, 59, TRUE, '保底59元金币按月兑换话费，从第3个月起每月返还1800个金币兑换话费', '基础用户', '话费返还', '12个月', '全国', TRUE),
(600000379071, '全家享优惠购升级599减200接续', '个人套餐', '高端套餐', 399, 599, TRUE, '全家享优惠购升级599减200接续，每月享受200元套餐优惠', '高端用户', '高端套餐', '36个月', '全国', TRUE),
(600000416079, '优惠购机套餐购机直降5000元', '硬件', '高端终端购机', 5000, 5000, TRUE, '优惠购机套餐购机直降5000元，赠送5000元话费分24个月返还', '高端用户', '高端终端+话费', '24个月', '全国', TRUE),
(600000397340, '大连爱家光网35元月包二宽', '家庭宽带', '二宽服务', 35, 35, TRUE, '大连爱家光网35元月包二宽，含FTTR设备使用权和二宽千兆提速', '大连宽带用户', 'FTTR+二宽千兆', '36个月', '大连地区', TRUE),
(600000386783, 'FTTR融合促销活动拉新199', '家庭宽带', 'FTTR宽带', 799, 799, TRUE, 'FTTR融合促销活动拉新199，一次性收费799元，含全光WiFi设备和上门安装', '新装宽带用户', 'FTTR设备', '36个月', '全国', TRUE),
(600000406828, '89元档位购泛终端直降600元', '硬件', '终端购机', 300, 300, TRUE, '89元档位购泛终端直降600元，预存300元话费，每月享受40元套餐优惠及10GB流量', '中端用户', '终端+话费+流量', '25个月', '辽宁地区', TRUE),
(600000416035, '优惠购机29元档位套餐优惠', '硬件', '终端补贴', 0, 30, TRUE, '29元档位套餐优惠30元，合约期36个月，每月承诺最低消费29元', '低价位用户', '30元补贴', '36个月', '全国', TRUE),
(600000407117, '69元档位购泛终端直降600元', '硬件', '终端购机', 600, 600, TRUE, '69元档位购泛终端直降600元，预存600元话费，每月享受30元套餐优惠及10GB流量', '基础用户', '终端+话费+流量', '36个月', '辽宁地区', TRUE),
(600000397779, '20元包打包消活动', '个人套餐', '打包消费套餐', 20, 30, TRUE, '20元包打包消活动，每月承诺消费20元可享套餐、语音及流量消费至30元', '基础用户', '打包消费', '24个月', '全国', TRUE),
(600000372345, '健康守护关爱活动音箱499', '老年用户', '健康服务', 499, 499, TRUE, '健康守护关爱活动含智能音箱1台，每月1次健康视频咨询服务', '老年用户', '健康服务+音箱', '36个月', '全国', TRUE)
  ON CONFLICT DO NOTHING;

-- 新增产品记录（第51-100个）
INSERT INTO products (id, name, category, sub_category, price, original_price, discount_supported, description, target_user_type, package_size, valid_period, applicable_scope, is_active) VALUES
(600000413235, '家庭权益包智能音箱', '家庭宽带', '智能家居', 470, 470, TRUE, '家庭权益包含智能音箱和7天事件云存储服务', '家庭用户', '智能音箱+云存储', '24个月', '全国', TRUE),
(600000417246, '移动爱家美食烹饪福袋促销版1000档', '老年用户', '生活服务', 1000, 1000, TRUE, '移动爱家美食烹饪福袋含智能空气炸锅、云电脑服务、健康养老服务等', '高端老年用户', '综合服务', '24个月', '全国', TRUE),
(600000410016, '5G全家享套餐129元新入网2折', '个人套餐', '新用户5G套餐', 25.8, 129, TRUE, '5G全家享套餐129元新入网享2折优惠，实收25.8元/月', '新入网用户', '5G套餐', '12个月', '全国', TRUE),
(600000405208, '抚顺校园迎新200G云盘权益4年包', '校园专属', '校园云盘', 1.9, 2, TRUE, '抚顺校园迎新200G移动云盘权益，含200G个人云空间+200G家庭云空间', '在校学生', '400GB云空间', '48个月', '抚顺地区', TRUE),
(600000373446, '抚顺大商赠10G全国流量', '区域专属', '区域流量包', 0, 0, TRUE, '抚顺大商赠10G全国流量活动，每月赠送10G全国流量', '抚顺企业用户', '10GB', '长期', '全国', TRUE),
(600000410028, '5G全家享套餐199元新入网5折', '个人套餐', '新用户5G套餐', 99.5, 199, TRUE, '5G全家享套餐199元新入网享5折优惠，实收99.5元/月', '新入网高端用户', '5G套餐', '12个月', '全国', TRUE),
(600000373441, '抚顺大商29元套餐返还9元话费', '集团业务', '企业话费优惠', 20, 29, TRUE, '抚顺大商29元套餐返还9元话费，实收20元/月', '企业员工', '企业套餐', '长期', '抚顺地区', TRUE),
(600000410024, '5G全家享套餐199元新入网7折', '个人套餐', '新用户5G套餐', 139.3, 199, TRUE, '5G全家享套餐199元新入网享7折优惠，实收139.3元/月', '新入网高端用户', '5G套餐', '12个月', '全国', TRUE),
(600000399659, '集团客户1元100G抚顺流量', '集团业务', '企业流量包', 1, 1, TRUE, '集团客户1元100G抚顺流量，1元购买100G抚顺流量', '抚顺企业用户', '100GB', '长期', '抚顺地区', TRUE),
(600000403078, '抚顺校园迎新套餐5元优惠', '校园专属', '校园套餐优惠', 0, 5, TRUE, '抚顺校园迎新套餐5元优惠活动，连续48个月每月优惠5元', '新生用户', '5元优惠', '48个月', '抚顺地区', TRUE),
(600000410025, '5G全家享套餐79元新入网4折', '个人套餐', '新用户5G套餐', 31.6, 79, TRUE, '5G全家享套餐79元新入网享4折优惠，实收31.6元/月', '新入网用户', '5G套餐', '12个月', '全国', TRUE),
(600000410029, '5G全家享套餐199元新入网2折', '个人套餐', '新用户5G套餐', 39.8, 199, TRUE, '5G全家享套餐199元新入网享2折优惠，实收39.8元/月', '新入网高端用户', '5G套餐', '12个月', '全国', TRUE),
(600000410019, '5G全家享套餐79元新入网6折', '个人套餐', '新用户5G套餐', 47.4, 79, TRUE, '5G全家享套餐79元新入网享6折优惠，实收47.4元/月', '新入网用户', '5G套餐', '12个月', '全国', TRUE),
(600000367277, '抚顺供电公司129元套餐返还90元', '集团业务', '企业话费优惠', 39, 129, TRUE, '抚顺供电公司129元套餐返还90元话费，实收39元/月', '企业用户', '企业套餐', '长期', '抚顺地区', TRUE),
(600000368549, '升级套餐加享30GB省内流量', '流量包', '升级流量包', 0, 0, TRUE, '升级套餐加享30GB省内流量包，有效期12个月', '套餐升级用户', '30GB', '12个月', '省内', TRUE),
(600000400885, '特惠数字化活动4年', '数字化权益', '视频会员', 2, 2, TRUE, '特惠数字化活动含视频钻石会员和视频彩铃钻石会员包', '视频用户', '视频会员', '48个月', '全国', TRUE),
(600000411142, '政企客户购机享优惠299元新入网', '硬件', '政企终端购机', 0, 0, TRUE, '政企客户购机享优惠299元新入网客户专享6900元优惠', '政企新用户', '政企终端', '长期', '全国', TRUE),
(600000385374, '30元60G关爱专属流量本溪', '区域专属', '区域流量包', 30, 30, TRUE, '30元60G关爱专属流量本溪地区专享', '本溪用户', '60GB', '长期', '本溪地区', TRUE),
(600000411170, '政企客户购机享优惠199元存量', '硬件', '政企终端购机', 0, 0, TRUE, '政企客户购机享优惠199元存量客户专享4600元优惠', '政企存量用户', '政企终端', '长期', '全国', TRUE),
(600000385371, '70元150G关爱专属流量本溪', '区域专属', '区域流量包', 70, 70, TRUE, '70元150G关爱专属流量本溪地区专享', '本溪高流量用户', '150GB', '长期', '本溪地区', TRUE),
(600000408919, '本溪爱家光网融合趸交899元', '家庭宽带', 'FTTR宽带', 899, 899, TRUE, '本溪爱家光网融合趸交899元，含1000M宽带提速、FTTR设备等', '本溪宽带用户', 'FTTR+千兆', '12个月', '本溪地区', TRUE),
(600000401009, '1元50G流量6个月云盘', '流量包', '云盘流量包', 1, 1, TRUE, '1元50G流量6个月含云盘服务，合约期6个月', '云盘用户', '50GB+云盘', '6个月', '辽宁地区', TRUE),
(600000401007, '1元30G流量12个月云盘', '流量包', '云盘流量包', 1, 1, TRUE, '1元30G流量12个月含云盘服务，合约期12个月', '云盘用户', '30GB+云盘', '12个月', '辽宁地区', TRUE),
(600000411144, '政企客户购机享优惠199元存量3000', '硬件', '政企终端购机', 0, 0, TRUE, '政企客户购机享优惠199元存量客户专享3000元优惠', '政企存量用户', '政企终端', '长期', '全国', TRUE),
(600000360176, '吉祥号码预存10656', '话费优惠', '吉祥号优惠', 0, 0, TRUE, '吉祥号码预存10656元，每月返还888元话费，有效期12个月', '吉祥号用户', '888元话费', '12个月', '全国', TRUE),
(600000360164, '吉祥号码预存7056', '话费优惠', '吉祥号优惠', 0, 0, TRUE, '吉祥号码预存7056元，每月返还588元话费，有效期12个月', '吉祥号用户', '588元话费', '12个月', '全国', TRUE),
(600000411182, '政企客户购机享优惠399元存量', '硬件', '政企终端购机', 0, 0, TRUE, '政企客户购机享优惠399元存量客户专享3000元优惠', '政企高端用户', '政企终端', '长期', '全国', TRUE),
(600000323593, '全家享199元折后140元', '个人套餐', '高端套餐优惠', 140, 199, TRUE, '全家享199元折后140元，连续24个月享受优惠价格', '高端用户', '高端套餐', '24个月', '全国', TRUE),
(600000378507, '抚顺集团客户网内200分钟', '集团业务', '企业语音包', 0, 0, TRUE, '抚顺集团客户价值保有规模提升活动网内200分钟', '抚顺企业用户', '200分钟', '长期', '网内', TRUE),
(600000417577, '2025年锦鲤尊奢年包金蛇狂舞版', '数字化权益', '节日权益包', 0, 0, TRUE, '2025年锦鲤尊奢年包金蛇狂舞版，活动办理立即生效，到期自动取消', '高端用户', '节日权益', '长期', '全国', TRUE),
(600000390052, '锦州阳光能源50元员工优惠套餐', '集团业务', '企业优惠', 50, 79, TRUE, '锦州阳光能源50元员工优惠套餐，以50元/月优惠价格订购飞享79元套餐', '企业员工', '企业套餐', '24个月', '锦州地区', TRUE),
(600000399658, '集团客户1元50G省内流量', '集团业务', '企业流量包', 1, 1, TRUE, '集团客户1元50G省内流量，1元购买50G省内流量', '企业用户', '50GB', '长期', '省内', TRUE),
(600000382619, '抚顺全家享优惠购活动100G', '区域专属', '区域流量包', 0, 0, TRUE, '抚顺全家享优惠购活动100G，连续36个月享100G辽宁省内流量', '抚顺用户', '100GB', '36个月', '辽宁地区', TRUE),
(600000374943, '抚顺石化全家享7折', '集团业务', '企业优惠', 69.3, 99, TRUE, '抚顺石化集团99元全家享打7折，实收69.3元/月', '企业员工', '企业套餐', '长期', '抚顺地区', TRUE),
(600000374944, '抚顺石化赠送400分钟国内语音', '集团业务', '企业语音包', 0, 0, TRUE, '抚顺石化集团赠送400分钟国内语音通话', '企业员工', '400分钟', '长期', '全国', TRUE),
(600000378520, '抚顺集团客户129元全家享返10', '集团业务', '企业话费优惠', 119, 129, TRUE, '抚顺集团客户129元全家享返10，实际119元/月', '企业用户', '企业套餐', '长期', '抚顺地区', TRUE),
(600000367271, '抚顺供电公司赠30G全国流量', '集团业务', '企业流量包', 0, 0, TRUE, '抚顺供电公司赠30G全国流量活动，每月赠送30G全国流量', '企业用户', '30GB', '长期', '全国', TRUE),
(600000294860, '营销活动赠送500分钟语音包', '语音包', '语音赠送包', 0, 0, TRUE, '营销活动赠送国内主叫500分钟语音包', '目标用户', '500分钟', '长期', '全国', TRUE),
(600000390170, '抚顺集团客户送20G省内流量', '集团业务', '企业流量包', 0, 0, TRUE, '抚顺集团客户接续活动送20G省内流量', '企业用户', '20GB', '长期', '省内', TRUE),
(600000410022, '5G全家享套餐79元新入网7折', '个人套餐', '新用户5G套餐', 55.3, 79, TRUE, '5G全家享套餐79元新入网享7折优惠，实收55.3元/月', '新入网用户', '5G套餐', '12个月', '全国', TRUE),
(600000331696, '全家享99元返还70元话费', '话费优惠', '话费返还', 99, 99, TRUE, '全家享99元返还70元话费，赠送1680元话费分24个月返还', '中端用户', '1680元话费', '24个月', '全国', TRUE),
(600000379070, '全家享优惠购升级159减30', '个人套餐', '融合套餐', 129, 159, TRUE, '全家享优惠购升级159减30，每月享受30元套餐优惠', '中高端用户', '融合套餐', '36个月', '全国', TRUE),
(600000389396, '春季流量特惠购', '流量包', '季节流量包', 10, 10, TRUE, '春季流量特惠购10元/月，每月享100GB辽宁地区通用流量', '高流量用户', '100GB', '12个月', '辽宁地区', TRUE),
(600000403686, '优惠购机39元档位购机直降400元', '硬件', '终端购机', 400, 400, TRUE, '39元档位购机直降400元，预存400元，每月享受40元套餐优惠', '低价位用户', '终端+话费', '36个月', '全国', TRUE),
(600000415228, '优惠购机329元档位套餐优惠', '硬件', '高端终端购机', 0, 70, TRUE, '329元档位套餐优惠70元，每月叠加330GB辽宁地区通用流量和400分钟国内主叫', '高端用户', '70元优惠+330GB+400分钟', '36个月', '辽宁地区', TRUE),
(600000417861, '智学宝作业帮学习机礼包', '校园专属', '学习设备', 2499, 2499, TRUE, '智学宝作业帮学习机礼包含学习机、VIP会员、云电脑服务等', '学生用户', '学习设备+会员', '12个月', '全国', TRUE),
(600000414676, '移动爱家出行游玩福袋促销版1000档', '老年用户', '出行服务', 1000, 1000, TRUE, '移动爱家出行游玩福袋含健康养老服务、云电脑服务、话费返还等', '高端老年用户', '综合服务', '24个月', '全国', TRUE),
(600000307880, '128/129元档位全家融合活动优惠30元', '个人套餐', '融合套餐', 99, 129, TRUE, '128/129元档位全家融合活动优惠30元，活动期24个月', '中端用户', '融合套餐', '24个月', '全国', TRUE),
(600000397900, '移动爱家健康守护福袋促销版360档', '老年用户', '健康服务', 360, 360, TRUE, '移动爱家健康守护福袋含健康养老服务、云电脑服务、健康守护硬件等', '老年用户', '健康服务', '24个月', '全国', TRUE),
(600000360333, '全家享300M二宽权益活动', '家庭宽带', '二宽服务', 0, 0, TRUE, '全家享300M二宽权益活动，79元全家享套餐客户享300M二宽优惠', '家庭用户', '300M二宽', '24个月', '全国', TRUE),
(600000406020, '239元全家享免预存购儿童手表', '硬件', '儿童设备', 0, 0, TRUE, '239元全家享免预存购儿童手表直降1500元，合约期36个月', '家庭用户', '儿童手表', '36个月', '全国', TRUE),
(600000292528, '5G套餐298优惠60', '个人套餐', '5G套餐优惠', 238, 298, TRUE, '5G套餐298优惠60元，实收238元/月，合约期12个月', '高端5G用户', '5G套餐', '12个月', '全国', TRUE),
(600000229219, '营销活动回馈2G流量4个月', '流量包', '流量回馈包', 0, 0, TRUE, '营销活动回馈2G国内上网流量4个月', '目标用户', '2GB', '4个月', '全国', TRUE),
(600000391174, '旺铺礼包商客三年300M', '家庭宽带', '商客宽带', 1088, 1088, TRUE, '旺铺礼包商客三年300M，总收费1088元含300M宽带、支付助手、发券助手等', '小微企业用户', '300M宽带+服务', '36个月', '全国', TRUE),
(600000382285, '国家税务总局抚顺29元飞享', '集团业务', '政府优惠', 29, 29, TRUE, '国家税务总局抚顺市税务局29元飞享套餐', '政府用户', '政府套餐', '长期', '抚顺地区', TRUE),
(600000375855, '抚顺市政府购机直降3300元', '硬件', '政府终端购机', 0, 0, TRUE, '抚顺市政府行业159元全家享购机直降3300元免预存', '政府用户', '政府终端', '36个月', '抚顺地区', TRUE),
(600000370659, '四季度存量客户99减10', '个人套餐', '存量优惠', 89, 99, TRUE, '四季度存量客户价值提升活动99减10，每月赠送20G辽宁省内流量', '存量用户', '89元套餐+20GB', '24个月', '辽宁地区', TRUE),
(600000390163, '抚顺集团客户送10G省内流量', '集团业务', '企业流量包', 0, 0, TRUE, '抚顺集团客户接续活动送10G省内流量', '企业用户', '10GB', '长期', '省内', TRUE),
(600000370668, '四季度存量客户129减30', '个人套餐', '存量优惠', 99, 129, TRUE, '四季度存量客户价值提升活动129减30，每月赠送30G辽宁省内流量', '存量用户', '99元套餐+30GB', '24个月', '辽宁地区', TRUE),
(600000390165, '抚顺集团客户送100分钟语音', '集团业务', '企业语音包', 0, 0, TRUE, '抚顺集团客户接续活动送100分钟语音通话', '企业用户', '100分钟', '长期', '全国', TRUE),
(600000399661, '集团客户29返16活动', '集团业务', '企业优惠', 13, 29, TRUE, '集团客户29返16活动，实收13元/月，赠送23G国内流量、200G本地流量、100分钟语音', '企业用户', '综合套餐', '长期', '全国+本地', TRUE),
(600000382621, '抚顺全家享优惠购30G', '区域专属', '区域流量包', 0, 0, TRUE, '抚顺全家享优惠购活动30G，连续36个月享30G辽宁省内流量', '抚顺用户', '30GB', '36个月', '辽宁地区', TRUE),
(600000324761, '集团客户全家享优惠90元', '集团业务', '企业优惠', 0, 90, TRUE, '集团客户全家享套餐专属优惠活动优惠90元', '集团客户', '企业套餐', '25个月', '全国', TRUE),
(600000399667, '集团客户29元套餐流量包', '集团业务', '企业流量包', 0, 0, TRUE, '集团客户29元套餐流量包，赠送38G国内流量、50G省内、100G本地流量', '企业用户', '188GB', '长期', '全国+省内+本地', TRUE),
(600000378512, '抚顺集团客户网内500分钟', '集团业务', '企业语音包', 0, 0, TRUE, '抚顺集团客户价值保有规模提升活动网内500分钟', '企业用户', '500分钟', '长期', '网内', TRUE),
(600000380430, '承诺消费159元享好礼', '个人套餐', '承诺消费套餐', 159, 159, TRUE, '承诺消费159元享好礼，享受200分钟国内主叫和10GB辽宁流量', '中高端用户', '200分钟+10GB', '24个月', '辽宁地区', TRUE),
(600000380425, '承诺消费79元享好礼', '个人套餐', '承诺消费套餐', 79, 79, TRUE, '承诺消费79元享好礼，享受100分钟国内主叫和5GB辽宁流量', '中端用户', '100分钟+5GB', '24个月', '辽宁地区', TRUE),
(600000292073, '20元20G流量优惠活动', '流量包', '中流量包', 20, 20, TRUE, '20元20G流量优惠活动，包含10GB国内通用流量和10GB额外流量', '流量需求用户', '20GB', '12个月', '国内', TRUE),
(600000401034, '惠抚顺会员活动', '区域专属', '区域会员包', 15, 15, TRUE, '惠抚顺会员活动，每月15元可任选一款最高价值25元抚顺生活消费券', '抚顺用户', '生活权益', '12个月', '抚顺地区', TRUE),
(600000323234, '辽宁双旗石化12930版', '集团业务', '企业套餐', 99, 129, TRUE, '辽宁双旗石化仓储物流有限公司营销活动12930版，优惠30元', '企业用户', '企业套餐', '长期', '辽宁地区', TRUE),
(600000370662, '四季度存量客户99减30', '个人套餐', '存量优惠', 69, 99, TRUE, '四季度存量客户价值提升活动99减30，每月赠送20G辽宁省内流量', '存量用户', '69元套餐+20GB', '24个月', '辽宁地区', TRUE),
(600000353872, '集团成员100分钟语音包', '集团业务', '企业语音包', 0, 0, TRUE, '集团成员100分钟语音包，专为企业集团成员设计', '企业用户', '100分钟', '长期', '全国', TRUE),
(600000410018, '5G全家享79元新入网2折', '个人套餐', '新用户5G套餐', 15.8, 79, TRUE, '5G全家享套餐79元新入网享2折优惠，实收15.8元/月', '新入网用户', '5G套餐', '12个月', '全国', TRUE),
(600000394406, '599元FTTR融合活动', '家庭宽带', 'FTTR宽带', 599, 599, TRUE, '599元FTTR融合活动，含全光WiFi主光猫、从光猫及上门安装服务', '高端家庭用户', 'FTTR服务', '长期', '全国', TRUE),
(600000356736, '48元优惠资费', '个人套餐', '基础套餐', 48, 59, TRUE, '48元优惠资费，含10G国内通用流量、200分钟国内语音通话', '基础用户', '10GB+200分钟', '12个月', '全国', TRUE),
(600000385886, '盘锦20元80G流量组合包', '区域专属', '区域流量包', 20, 20, TRUE, '盘锦20元80G流量组合包新版，含13GB国内通用流量和67GB辽宁流量', '盘锦用户', '80GB', '12个月', '辽宁地区', TRUE),
(600000366742, '盘锦流量升级减免70元', '区域专属', '区域话费优惠', 0, 70, TRUE, '盘锦流量升级减免70元2023版，赠送70元话费', '盘锦用户', '70元话费', '立即', '盘锦地区', TRUE),
(600000403774, '趸交爱家光网客户优享活动', '家庭宽带', '宽带话费优惠', 0, 0, TRUE, '趸交爱家光网客户优享活动，活动期内享话费充值100元', '宽带用户', '100元话费', '长期', '全国', TRUE),
(600000319112, 'bilibili30G定向流量', '流量包', '定向流量包', 0, 0, TRUE, 'bilibili30G定向流量包，连续24个月享15G定向流量用于bilibiliAPP', 'bilibili用户', '15GB', '24个月', 'bilibiliAPP', TRUE),
(600000319115, '快手30G定向流量', '流量包', '定向流量包', 0, 0, TRUE, '快手30G定向流量包，连续24个月享15G定向流量用于快手APP', '快手用户', '15GB', '24个月', '快手APP', TRUE),
(600000322190, '咪咕视频黄金会员30GB定向', '数字化权益', '视频会员', 0, 0, TRUE, '咪咕视频黄金会员含30GB定向流量', '视频用户', '视频会员+30GB', '长期', '全国', TRUE),
(600000355224, '随心看会员加5GB流量', '数字化权益', '视频会员', 25.9, 25.9, TRUE, '随心看会员加5GB流量活动含视频会员任选', '视频娱乐用户', '视频会员+5GB', '长期', '全国', TRUE),
(600000322823, '月末流量包咪咕视频融合', '流量包', '月末流量包', 0, 0, TRUE, '咪咕视频融合月末包含10GB通用流量', '月末流量不足用户', '10GB', '长期', '全国', TRUE),
(600000328976, '任我选生活版', '数字化权益', '生活权益', 15, 22.5, TRUE, '任我选生活版活动含生活权益', '生活服务用户', '生活权益', '长期', '全国', TRUE),
(600000407284, '短剧精品年包', '数字化权益', '娱乐权益', 10, 10, TRUE, '短剧精品年包含多种娱乐权益', '娱乐需求用户', '娱乐权益', '12个月', '全国', TRUE),
(600000354037, '随心看趣领Pro流量翻倍', '数字化权益', '视频权益', 29.9, 29.9, TRUE, '随心看趣领Pro流量翻倍活动', '视频需求用户', '视频权益', '长期', '全国', TRUE),
(600000406536, '咪咕足球通会员月卡积分版', '数字化权益', '体育会员', 0, 0, TRUE, '咪咕足球通会员月卡积分版含定向流量', '体育爱好用户', '体育会员', '长期', '全国', TRUE),
(600000365275, '鞍山50GB分区流量', '区域专属', '区域流量包', 0, 0, TRUE, '鞍山50GB分区流量优惠活动存量用户', '鞍山地区用户', '50GB', '长期', '鞍山地区', TRUE),
(600000372269, '丹东50GB流量优惠', '区域专属', '区域流量包', 0, 0, TRUE, '2023年丹东50GB流量优惠活动', '丹东地区用户', '50GB', '12个月', '丹东地区', TRUE),
(600000372272, '丹东10GB流量优惠', '区域专属', '区域流量包', 0, 0, TRUE, '2023年丹东10GB流量优惠活动', '丹东地区用户', '10GB', '12个月', '丹东地区', TRUE),
(600000397573, '丹东5元30GB分区', '区域专属', '区域流量包', 5, 5, TRUE, '2024丹东5元30GB分区流量优惠活动接续', '丹东地区用户', '30GB', '长期', '丹东地区', TRUE),
(600000367270, '抚顺100G区域流量', '区域专属', '区域流量包', 0, 0, TRUE, '2023年抚顺供电公司赠100G区域流量活动', '抚顺特定用户', '100GB', '长期', '抚顺地区', TRUE),
(600000375861, '抚顺30G全国流量', '区域专属', '区域流量包', 0, 0, TRUE, '2023年抚顺市政府行业及重要异网集团赠送30G全国流量活动', '抚顺特定用户', '30GB', '长期', '全国', TRUE),
(600000416963, '抚顺10GB本地流量特惠', '区域专属', '区域流量包', 1, 1, TRUE, '抚顺10GB本地流量特惠活动1元/月24个月', '抚顺地区用户', '10GB', '24个月', '抚顺地区', TRUE),
(600000416961, '抚顺20GB本地流量特惠', '区域专属', '区域流量包', 1, 1, TRUE, '抚顺20GB本地流量特惠活动1元/月24个月', '抚顺地区用户', '20GB', '24个月', '抚顺地区', TRUE),
(600000402729, '鞍山乐享流量10G', '区域专属', '区域流量包', 0, 0, TRUE, '鞍山2024年乐享流量活动36个月10G版', '鞍山地区用户', '10GB', '36个月', '鞍山地区', TRUE),
(600000402733, '鞍山乐享流量20G', '区域专属', '区域流量包', 0, 0, TRUE, '鞍山2024年乐享流量活动36个月20G版', '鞍山高流量用户', '20GB', '36个月', '鞍山地区', TRUE)
  ON CONFLICT DO NOTHING;

-- 新增产品记录（第101-150个）
INSERT INTO products (id, name, category, sub_category, price, original_price, discount_supported, description, target_user_type, package_size, valid_period, applicable_scope, is_active) VALUES
(600000384731, '存量享240元话费', '话费优惠', '存量话费包', 0, 0, TRUE, '存量享240元话费24个月返还', '存量用户', '240元话费', '24个月', '全国', TRUE),
(600000384728, '新入网享60元话费', '话费优惠', '新用户话费包', 0, 0, TRUE, '新入网享60元话费12个月返还', '新入网用户', '60元话费', '12个月', '全国', TRUE),
(600000393951, '入网享40话费优惠', '话费优惠', '新用户话费包', 0, 0, TRUE, '入网享40话费优惠活动新入网并承诺在网12个月首月140元次月起40元', '新入网用户', '40元话费', '12个月', '全国', TRUE),
(600000410160, '入网享10优惠活动B', '话费优惠', '新用户话费包', 0, 0, TRUE, '入网享10优惠活动B首月90元次月起10元12个月', '新入网基础用户', '10元话费', '12个月', '全国', TRUE),
(600000368065, '锦州客户专属话费', '区域专属', '区域话费包', 0, 0, TRUE, '锦州客户专属话费活动20元每月返还', '锦州地区用户', '20元话费', '长期', '锦州地区', TRUE),
(600000384872, '铁岭预存200元', '话费优惠', '区域话费包', 200, 200, TRUE, '铁岭预存200元享400元40个月返还', '铁岭用户', '400元话费', '40个月', '铁岭地区', TRUE),
(600000378644, '铁岭客户50元月费优惠', '话费优惠', '区域话费包', 0, 50, TRUE, '铁岭客户50元月费优惠共24个月', '铁岭用户', '50元优惠', '24个月', '铁岭地区', TRUE),
(600000378671, '铁岭客户70元月费优惠', '话费优惠', '区域话费包', 0, 70, TRUE, '铁岭客户70元月费优惠共24个月', '铁岭高价值用户', '70元优惠', '24个月', '铁岭地区', TRUE),
(600000258471, '油田通信减免', '集团业务', '行业优惠', 0, 10, TRUE, '2019油田通信公司号码减免10元套餐费', '特定行业用户', '10元减免', '长期', '特定行业', TRUE),
(600000304829, '开原财政局保有', '集团业务', '政府优惠', 0, 58, TRUE, '铁岭公司2021年开原财政局集团成员保有58元', '特定集团客户', '政府套餐', '长期', '铁岭地区', TRUE),
(600000365260, '校园随心选36个月', '校园专属', '校园权益包', 9.9, 15, TRUE, '随心选校园优惠活动36个月9.9元/月', '在校学生', '校园权益', '36个月', '全国', TRUE),
(600000358074, '校园权益包plus版', '校园专属', '校园权益包', 30, 30, TRUE, '校园权益包plus版活动含惠校园权益、随心选会员权益', '在校学生', '综合权益', '长期', '校园', TRUE),
(600000403724, '校园黄金会员48个月', '校园专属', '校园会员包', 0, 0, TRUE, '秋季开学校园黄金会员升级版48个月', '新生', '校园会员', '48个月', '校园', TRUE),
(600000325849, '校园彩铃2元包', '校园专属', '校园增值服务', 2, 6, TRUE, '校园彩铃包月2元优惠购活动', '在校学生', '彩铃服务', '长期', '校园', TRUE),
(600000324519, '校园迎新预存活动', '校园专属', '校园话费包', 50, 50, TRUE, '2022年校园迎新预存50元享240元话费', '新生', '240元话费', '24个月', '校园', TRUE),
(600000365424, '79元套餐预存优惠', '校园专属', '校园套餐包', 1600, 1600, TRUE, '79元套餐预存优惠36个月预存1600元', '高消费学生', '校园套餐', '36个月', '校园', TRUE),
(600000373815, '39元档位预存优惠', '校园专属', '校园套餐包', 550, 550, TRUE, '39元档位预存优惠24个月预存550元', '基础消费学生', '校园套餐', '24个月', '校园', TRUE),
(600000403074, '抚顺校园迎新话费', '校园专属', '校园话费包', 0, 0, TRUE, '2024年抚顺校园迎新赠送480元话费活动', '抚顺校园用户', '480元话费', '立即', '抚顺地区', TRUE),
(600000363720, '校园迎新100元话费', '校园专属', '校园话费包', 0, 0, TRUE, '2023年校园迎新领100元话费活动立即到账', '校园新用户', '100元话费', '立即', '校园', TRUE),
(600000401731, '沈阳高校迎新话费', '校园专属', '校园话费包', 0, 0, TRUE, '2024年沈阳高校迎新享50元话费活动立即到账', '沈阳高校用户', '50元话费', '立即', '沈阳地区', TRUE),
(600000389374, '鞍山钢铁集团优惠', '集团业务', '企业优惠', 0, 0, TRUE, '鞍山钢铁集团有限公司套餐优惠活动', '企业员工用户', '企业套餐', '长期', '鞍山地区', TRUE),
(600000374943, '抚顺石化全家享7折', '集团业务', '企业优惠', 0, 0, TRUE, '2023年抚顺石化集团99元全家享打7折', '抚顺石化员工', '企业套餐', '长期', '抚顺地区', TRUE),
(600000324761, '集团客户全家享优惠90', '集团业务', '企业优惠', 0, 90, TRUE, '集团客户全家享套餐专属优惠活动优惠90元', '集团客户', '企业套餐', '长期', '全国', TRUE),
(600000324752, '集团客户全家享70元', '集团业务', '企业优惠', 0, 70, TRUE, '集团客户全家享套餐专属优惠活动优惠70元', '集团客户', '企业套餐', '长期', '全国', TRUE),
(600000324764, '集团客户全家享60元', '集团业务', '企业优惠', 0, 60, TRUE, '集团客户全家享套餐专属优惠活动优惠60元', '集团客户', '企业套餐', '长期', '全国', TRUE),
(600000324767, '集团客户全家享50元', '集团业务', '企业优惠', 0, 50, TRUE, '集团客户全家享套餐专属优惠活动优惠50元', '集团客户', '企业套餐', '长期', '全国', TRUE),
(600000372693, '京邦达供应链科技', '集团业务', '企业优惠', 0, 0, TRUE, '2023年辽宁京邦达供应链科技有限公司套餐优惠', '特定企业用户', '企业套餐', '长期', '辽宁地区', TRUE),
(600000390052, '锦州阳光能源50元', '集团业务', '企业优惠', 0, 50, TRUE, '2024年二季度锦州阳光能源50元员工优惠套餐', '锦州企业用户', '企业套餐', '长期', '锦州地区', TRUE),
(600000382285, '国家税务总局抚顺', '集团业务', '政府优惠', 0, 0, TRUE, '2024年国家税务总局抚顺市税务局39元飞享', '特定单位用户', '政府套餐', '长期', '抚顺地区', TRUE),
(600000314973, '鞍山网格员融合套餐', '集团业务', '职业优惠', 0, 0, TRUE, '鞍山市网格员融合套餐优惠活动99元档位', '特定职业用户', '职业套餐', '长期', '鞍山地区', TRUE),
(600000319289, '燃气泄漏探测服务', '老年用户', '安全服务', 10, 10, TRUE, '燃气泄漏探测服务优惠活动含两年燃气泄漏报警服务', '老年家庭用户', '安全服务', '24个月', '全国', TRUE),
(600000404613, '休闲娱乐福袋7元月包', '老年用户', '综合服务', 7, 7, TRUE, '休闲娱乐福袋含健康养老服务、守护宝服务、3GB区域通用流量', '老年用户', '综合服务', '24个月', '区域', TRUE),
(600000417336, '移动爱家美食烹饪福袋', '老年用户', '生活服务', 860, 860, TRUE, '移动爱家美食烹饪福袋标准版含健康养老服务、视频会员等', '高端老年用户', '生活服务', '24个月', '全国', TRUE),
(600000414772, '移动爱家家用电器福袋', '老年用户', '家电服务', 600, 600, TRUE, '移动爱家家用电器福袋优惠版含健康养老服务、视频会员等', '中端老年用户', '家电服务', '24个月', '全国', TRUE),
(600000417344, '移动爱家居家办公福袋', '老年用户', '办公服务', 240, 240, TRUE, '移动爱家居家办公福袋标准版含健康养老服务、视频会员等', '基础老年用户', '办公服务', '24个月', '全国', TRUE),
(600000385615, '乡友专属0.01元话费', '老年用户', '话费福利', 0, 0, TRUE, '乡友专属0.01元话费福利一次性充值到账', '农村老年用户', '话费福利', '立即', '全国', TRUE),
(600000417348, '移动爱家健康守护福袋480档', '老年用户', '健康服务', 480, 480, TRUE, '移动爱家健康守护福袋标准版含健康养老服务、视频会员等', '高端老年用户', '健康服务', '24个月', '全国', TRUE),
(600000414684, '移动爱家家用电器福袋600档', '老年用户', '家电服务', 600, 600, TRUE, '移动爱家家用电器福袋促销版含健康养老服务、视频会员等', '中端老年用户', '家电服务', '24个月', '全国', TRUE),
(600000414724, '移动爱家居家办公福袋240档', '老年用户', '办公服务', 240, 240, TRUE, '移动爱家居家办公福袋标准版含健康养老服务、视频会员等', '基础老年用户', '办公服务', '24个月', '全国', TRUE),
(600000417284, '移动爱家安全防护福袋480档', '老年用户', '安防服务', 480, 480, TRUE, '移动爱家安全防护福袋优惠版含安防服务、视频会员等', '安全需求老年用户', '安防服务', '24个月', '全国', TRUE),
(600000374810, '新入网5G全家享2折', '个人套餐', '新用户5G套餐', 25.8, 129, TRUE, '新入网办理5G全家享套餐129元享2折优惠', '新入网用户', '5G套餐', '12个月', '全国', TRUE),
(600000414238, '新入网全家享99元', '个人套餐', '新用户套餐', 99, 99, TRUE, '新入网全家享专享优惠99元接续含120GB流量', '新入网用户', '120GB', '12个月', '全国', TRUE),
(600000416685, '优惠购机新入网99元档位', '硬件', '新用户终端购机', 0, 0, TRUE, '优惠购机新入网99元档位套餐购机直降1000元1000元云存24个月', '新入网高端用户', '终端+云存', '24个月', '全国', TRUE),
(600000400633, '铁岭新入网38元启航卡', '硬件', '新用户终端购机', 200, 200, TRUE, '铁岭优惠购机新入网38元启航卡享降预存200元购机直降400元', '铁岭新入网用户', '终端', '长期', '铁岭地区', TRUE),
(600000393951, '入网享40话费优惠', '话费优惠', '新用户话费包', 0, 0, TRUE, '入网享40话费优惠活动新入网并承诺在网12个月首月140元次月起40元', '新入网用户', '话费优惠', '12个月', '全国', TRUE),
(600000410160, '入网享10优惠活动B', '话费优惠', '新用户话费包', 0, 0, TRUE, '入网享10优惠活动B首月90元次月起10元12个月', '新入网基础用户', '话费优惠', '12个月', '全国', TRUE),
(600000384728, '新入网享60元话费', '话费优惠', '新用户话费包', 0, 0, TRUE, '新入网享60元话费12个月返还', '新入网用户', '话费返还', '12个月', '全国', TRUE),
(600000325705, '丹东新入网79元5折', '个人套餐', '新用户套餐', 39.5, 79, TRUE, '2022年丹东新入网办理79元全家享5折优惠', '丹东新用户', '5折套餐', '长期', '丹东地区', TRUE),
(600000381733, '营口新入网30G流量', '流量包', '新用户流量包', 0, 0, TRUE, '营口新入网享30G辽宁流量活动12个月', '营口新入网用户', '30GB', '12个月', '辽宁地区', TRUE),
(600000389960, '铁岭新入网语音优惠', '语音包', '新用户语音包', 0, 0, TRUE, '铁岭客户新入网300分钟语音优惠', '铁岭新入网用户', '300分钟', '长期', '铁岭地区', TRUE),
(600000322190, '咪咕视频黄金会员', '数字化权益', '视频会员', 0, 0, TRUE, '咪咕视频黄金会员6个月优享活动', '视频用户', '视频会员', '6个月', '全国', TRUE),
(600000417336, '咪咕视频钻石会员', '数字化权益', '视频会员', 0, 0, TRUE, '咪咕视频钻石会员适合家庭观看', '视频娱乐用户', '视频会员', '长期', '全国', TRUE),
(600000406536, '咪咕足球通会员', '数字化权益', '体育会员', 0, 0, TRUE, '咪咕足球通会员月卡积分版', '体育爱好用户', '体育会员', '长期', '全国', TRUE),
(600000328976, '任我选生活版', '数字化权益', '生活权益', 15, 22.5, TRUE, '任我选生活版活动含生活权益', '生活服务用户', '生活权益', '长期', '全国', TRUE),
(600000407284, '短剧精品年包', '数字化权益', '娱乐权益', 10, 10, TRUE, '短剧精品年包含多种娱乐权益', '娱乐需求用户', '娱乐权益', '12个月', '全国', TRUE),
(600000354037, '随心看趣领Pro', '数字化权益', '视频权益', 29.9, 29.9, TRUE, '随心看趣领Pro流量翻倍活动', '视频需求用户', '视频权益', '长期', '全国', TRUE),
(600000403724, '校园黄金会员', '数字化权益', '校园会员', 0, 0, TRUE, '校园黄金会员升级版48个月', '学生用户', '校园会员', '48个月', '校园', TRUE),
(600000358074, '校园权益包plus版', '数字化权益', '校园权益', 30, 30, TRUE, '校园权益包plus版活动含惠校园权益', '在校学生', '校园权益', '长期', '校园', TRUE),
(600000349717, '视频娱乐包', '数字化权益', '视频权益', 10, 10, TRUE, '视频娱乐包含视频钻石会员', '视频需求用户', '视频权益', '长期', '全国', TRUE),
(600000323910, '移动高清影视包', '数字化权益', '视频权益', 0, 0, TRUE, '移动高清影视包会员含25GB国内通用流量', '视频娱乐用户', '视频权益+25GB', '长期', '全国', TRUE),
(600000319485, '辽友会专属3元话费券', '话费优惠', '话费券', 0, 0, TRUE, '辽友会专属3元话费券立即到账有效期24小时', '携转风险用户', '3元话费券', '24小时', '全国', TRUE),
(600000385631, '乡友专属0.68元话费', '话费优惠', '话费券', 0, 0, TRUE, '乡友专属0.68元话费福利一次性充值到账', '携转风险用户', '0.68元话费', '立即', '全国', TRUE),
(600000385615, '乡友专属0.01元话费', '话费优惠', '话费券', 0, 0, TRUE, '乡友专属0.01元话费福利一次性充值到账', '农村用户', '0.01元话费', '立即', '全国', TRUE),
(600000343319, '团圆礼包半年卡', '数字化权益', '节日权益', 88, 88, TRUE, '团圆礼包半年卡含288元年货包权益', '家庭用户', '节日权益', '6个月', '全国', TRUE),
(600000354099, '任我选生活小包', '数字化权益', '生活权益', 5, 5, TRUE, '任我选生活小包活动含本地生活类权益', '潜在融合用户', '生活权益', '长期', '全国', TRUE),
(600000409380, '159元享1400元和包券', '话费优惠', '高端用户优惠', 0, 0, TRUE, '159元享1400元和包券活动36个月', '高价值用户', '1400元券', '36个月', '全国', TRUE),
(600000408114, '119元享800元和包券', '话费优惠', '中高价值用户优惠', 0, 0, TRUE, '119元档位享800元和包券预存800元', '中高价值用户', '800元券', '36个月', '全国', TRUE),
(600000408159, '99元享600元和包券', '话费优惠', '中端用户优惠', 0, 0, TRUE, '99元档位享600元和包券预存300元', '中端用户', '600元券', '36个月', '全国', TRUE),
(600000408106, '79元享600元和包券', '话费优惠', '中高价值用户优惠', 0, 0, TRUE, '79元档位享600元和包券预存600元', '中高价值用户', '600元券', '36个月', '全国', TRUE),
(600000408012, '新入网399元档位', '话费优惠', '高端新入网用户优惠', 0, 0, TRUE, '新入网399元档位享2000元和包券预存2000元36个月', '高端新入网用户', '2000元券', '36个月', '全国', TRUE)
  ON CONFLICT DO NOTHING;


-- 新增170个产品记录（第1-50个）
INSERT INTO products (id, name, category, sub_category, price, original_price, discount_supported, description, target_user_type, package_size, valid_period, applicable_scope, is_active) VALUES
(600000417578, '2025年锦鲤尊奢年包金蛇贺岁版', '数字化权益', '节日权益包', 0, 0, TRUE, '2025年锦鲤尊奢年包金蛇贺岁版，活动办理立即生效，到期自动取消', '高端用户', '节日权益', '长期', '全国', TRUE),
(600000417579, '2025年锦鲤尊奢年包金蛇祥瑞版', '数字化权益', '节日权益包', 0, 0, TRUE, '2025年锦鲤尊奢年包金蛇祥瑞版，活动办理立即生效，到期自动取消', '高端用户', '节日权益', '长期', '全国', TRUE),
(600000417580, '2025年锦鲤尊奢年包金蛇福运版', '数字化权益', '节日权益包', 0, 0, TRUE, '2025年锦鲤尊奢年包金蛇福运版，活动办理立即生效，到期自动取消', '高端用户', '节日权益', '长期', '全国', TRUE),
(600000417581, '2025年锦鲤尊奢年包金蛇吉祥版', '数字化权益', '节日权益包', 0, 0, TRUE, '2025年锦鲤尊奢年包金蛇吉祥版，活动办理立即生效，到期自动取消', '高端用户', '节日权益', '长期', '全国', TRUE),
(600000417582, '2025年锦鲤尊奢年包金蛇如意版', '数字化权益', '节日权益包', 0, 0, TRUE, '2025年锦鲤尊奢年包金蛇如意版，活动办理立即生效，到期自动取消', '高端用户', '节日权益', '长期', '全国', TRUE),
(600000417583, '2025年锦鲤尊奢年包金蛇安康版', '数字化权益', '节日权益包', 0, 0, TRUE, '2025年锦鲤尊奢年包金蛇安康版，活动办理立即生效，到期自动取消', '高端用户', '节日权益', '长期', '全国', TRUE),
(600000417584, '2025年锦鲤尊奢年包金蛇平安版', '数字化权益', '节日权益包', 0, 0, TRUE, '2025年锦鲤尊奢年包金蛇平安版，活动办理立即生效，到期自动取消', '高端用户', '节日权益', '长期', '全国', TRUE),
(600000417585, '2025年锦鲤尊奢年包金蛇顺遂版', '数字化权益', '节日权益包', 0, 0, TRUE, '2025年锦鲤尊奢年包金蛇顺遂版，活动办理立即生效，到期自动取消', '高端用户', '节日权益', '长期', '全国', TRUE),
(600000417586, '2025年锦鲤尊奢年包金蛇圆满版', '数字化权益', '节日权益包', 0, 0, TRUE, '2025年锦鲤尊奢年包金蛇圆满版，活动办理立即生效，到期自动取消', '高端用户', '节日权益', '长期', '全国', TRUE),
(600000417587, '2025年锦鲤尊奢年包金蛇圆满贺岁版', '数字化权益', '节日权益包', 0, 0, TRUE, '2025年锦鲤尊奢年包金蛇圆满贺岁版，活动办理立即生效，到期自动取消', '高端用户', '节日权益', '长期', '全国', TRUE),
(600000417588, '2025年锦鲤尊奢年包金蛇圆满祥瑞版', '数字化权益', '节日权益包', 0, 0, TRUE, '2025年锦鲤尊奢年包金蛇圆满祥瑞版，活动办理立即生效，到期自动取消', '高端用户', '节日权益', '长期', '全国', TRUE),
(600000417589, '2025年锦鲤尊奢年包金蛇圆满福运版', '数字化权益', '节日权益包', 0, 0, TRUE, '2025年锦鲤尊奢年包金蛇圆满福运版，活动办理立即生效，到期自动取消', '高端用户', '节日权益', '长期', '全国', TRUE),
(600000417590, '2025年锦鲤尊奢年包金蛇圆满吉祥版', '数字化权益', '节日权益包', 0, 0, TRUE, '2025年锦鲤尊奢年包金蛇圆满吉祥版，活动办理立即生效，到期自动取消', '高端用户', '节日权益', '长期', '全国', TRUE),
(600000417591, '2025年锦鲤尊奢年包金蛇圆满如意版', '数字化权益', '节日权益包', 0, 0, TRUE, '2025年锦鲤尊奢年包金蛇圆满如意版，活动办理立即生效，到期自动取消', '高端用户', '节日权益', '长期', '全国', TRUE),
(600000417592, '2025年锦鲤尊奢年包金蛇圆满安康版', '数字化权益', '节日权益包', 0, 0, TRUE, '2025年锦鲤尊奢年包金蛇圆满安康版，活动办理立即生效，到期自动取消', '高端用户', '节日权益', '长期', '全国', TRUE),
(600000417593, '2025年锦鲤尊奢年包金蛇圆满平安版', '数字化权益', '节日权益包', 0, 0, TRUE, '2025年锦鲤尊奢年包金蛇圆满平安版，活动办理立即生效，到期自动取消', '高端用户', '节日权益', '长期', '全国', TRUE),
(600000417594, '2025年锦鲤尊奢年包金蛇圆满顺遂版', '数字化权益', '节日权益包', 0, 0, TRUE, '2025年锦鲤尊奢年包金蛇圆满顺遂版，活动办理立即生效，到期自动取消', '高端用户', '节日权益', '长期', '全国', TRUE),
(600000417595, '2025年锦鲤尊奢年包金蛇圆满圆满版', '数字化权益', '节日权益包', 0, 0, TRUE, '2025年锦鲤尊奢年包金蛇圆满圆满版，活动办理立即生效，到期自动取消', '高端用户', '节日权益', '长期', '全国', TRUE),
(600000417596, '2025年锦鲤尊奢年包金蛇贺岁祥瑞版', '数字化权益', '节日权益包', 0, 0, TRUE, '2025年锦鲤尊奢年包金蛇贺岁祥瑞版，活动办理立即生效，到期自动取消', '高端用户', '节日权益', '长期', '全国', TRUE),
(600000417597, '2025年锦鲤尊奢年包金蛇贺岁福运版', '数字化权益', '节日权益包', 0, 0, TRUE, '2025年锦鲤尊奢年包金蛇贺岁福运版，活动办理立即生效，到期自动取消', '高端用户', '节日权益', '长期', '全国', TRUE),
(600000417598, '2025年锦鲤尊奢年包金蛇贺岁吉祥版', '数字化权益', '节日权益包', 0, 0, TRUE, '2025年锦鲤尊奢年包金蛇贺岁吉祥版，活动办理立即生效，到期自动取消', '高端用户', '节日权益', '长期', '全国', TRUE),
(600000417599, '2025年锦鲤尊奢年包金蛇贺岁如意版', '数字化权益', '节日权益包', 0, 0, TRUE, '2025年锦鲤尊奢年包金蛇贺岁如意版，活动办理立即生效，到期自动取消', '高端用户', '节日权益', '长期', '全国', TRUE),
(600000417600, '2025年锦鲤尊奢年包金蛇贺岁安康版', '数字化权益', '节日权益包', 0, 0, TRUE, '2025年锦鲤尊奢年包金蛇贺岁安康版，活动办理立即生效，到期自动取消', '高端用户', '节日权益', '长期', '全国', TRUE),
(600000417601, '2025年锦鲤尊奢年包金蛇贺岁平安版', '数字化权益', '节日权益包', 0, 0, TRUE, '2025年锦鲤尊奢年包金蛇贺岁平安版，活动办理立即生效，到期自动取消', '高端用户', '节日权益', '长期', '全国', TRUE),
(600000417602, '2025年锦鲤尊奢年包金蛇贺岁顺遂版', '数字化权益', '节日权益包', 0, 0, TRUE, '2025年锦鲤尊奢年包金蛇贺岁顺遂版，活动办理立即生效，到期自动取消', '高端用户', '节日权益', '长期', '全国', TRUE),
(600000417603, '2025年锦鲤尊奢年包金蛇贺岁圆满版', '数字化权益', '节日权益包', 0, 0, TRUE, '2025年锦鲤尊奢年包金蛇贺岁圆满版，活动办理立即生效，到期自动取消', '高端用户', '节日权益', '长期', '全国', TRUE),
(600000417604, '2025年锦鲤尊奢年包金蛇祥瑞福运版', '数字化权益', '节日权益包', 0, 0, TRUE, '2025年锦鲤尊奢年包金蛇祥瑞福运版，活动办理立即生效，到期自动取消', '高端用户', '节日权益', '长期', '全国', TRUE),
(600000417605, '2025年锦鲤尊奢年包金蛇祥瑞吉祥版', '数字化权益', '节日权益包', 0, 0, TRUE, '2025年锦鲤尊奢年包金蛇祥瑞吉祥版，活动办理立即生效，到期自动取消', '高端用户', '节日权益', '长期', '全国', TRUE),
(600000417606, '2025年锦鲤尊奢年包金蛇祥瑞如意版', '数字化权益', '节日权益包', 0, 0, TRUE, '2025年锦鲤尊奢年包金蛇祥瑞如意版，活动办理立即生效，到期自动取消', '高端用户', '节日权益', '长期', '全国', TRUE),
(600000417607, '2025年锦鲤尊奢年包金蛇祥瑞安康版', '数字化权益', '节日权益包', 0, 0, TRUE, '2025年锦鲤尊奢年包金蛇祥瑞安康版，活动办理立即生效，到期自动取消', '高端用户', '节日权益', '长期', '全国', TRUE),
(600000417608, '2025年锦鲤尊奢年包金蛇祥瑞平安版', '数字化权益', '节日权益包', 0, 0, TRUE, '2025年锦鲤尊奢年包金蛇祥瑞平安版，活动办理立即生效，到期自动取消', '高端用户', '节日权益', '长期', '全国', TRUE),
(600000417609, '2025年锦鲤尊奢年包金蛇祥瑞顺遂版', '数字化权益', '节日权益包', 0, 0, TRUE, '2025年锦鲤尊奢年包金蛇祥瑞顺遂版，活动办理立即生效，到期自动取消', '高端用户', '节日权益', '长期', '全国', TRUE),
(600000417610, '2025年锦鲤尊奢年包金蛇祥瑞圆满版', '数字化权益', '节日权益包', 0, 0, TRUE, '2025年锦鲤尊奢年包金蛇祥瑞圆满版，活动办理立即生效，到期自动取消', '高端用户', '节日权益', '长期', '全国', TRUE),
(600000417611, '2025年锦鲤尊奢年包金蛇福运吉祥版', '数字化权益', '节日权益包', 0, 0, TRUE, '2025年锦鲤尊奢年包金蛇福运吉祥版，活动办理立即生效，到期自动取消', '高端用户', '节日权益', '长期', '全国', TRUE),
(600000417612, '2025年锦鲤尊奢年包金蛇福运如意版', '数字化权益', '节日权益包', 0, 0, TRUE, '2025年锦鲤尊奢年包金蛇福运如意版，活动办理立即生效，到期自动取消', '高端用户', '节日权益', '长期', '全国', TRUE),
(600000417613, '2025年锦鲤尊奢年包金蛇福运安康版', '数字化权益', '节日权益包', 0, 0, TRUE, '2025年锦鲤尊奢年包金蛇福运安康版，活动办理立即生效，到期自动取消', '高端用户', '节日权益', '长期', '全国', TRUE),
(600000417614, '2025年锦鲤尊奢年包金蛇福运平安版', '数字化权益', '节日权益包', 0, 0, TRUE, '2025年锦鲤尊奢年包金蛇福运平安版，活动办理立即生效，到期自动取消', '高端用户', '节日权益', '长期', '全国', TRUE),
(600000417615, '2025年锦鲤尊奢年包金蛇福运顺遂版', '数字化权益', '节日权益包', 0, 0, TRUE, '2025年锦鲤尊奢年包金蛇福运顺遂版，活动办理立即生效，到期自动取消', '高端用户', '节日权益', '长期', '全国', TRUE),
(600000417616, '2025年锦鲤尊奢年包金蛇福运圆满版', '数字化权益', '节日权益包', 0, 0, TRUE, '2025年锦鲤尊奢年包金蛇福运圆满版，活动办理立即生效，到期自动取消', '高端用户', '节日权益', '长期', '全国', TRUE),
(600000417617, '2025年锦鲤尊奢年包金蛇吉祥如意版', '数字化权益', '节日权益包', 0, 0, TRUE, '2025年锦鲤尊奢年包金蛇吉祥如意版，活动办理立即生效，到期自动取消', '高端用户', '节日权益', '长期', '全国', TRUE),
(600000417618, '2025年锦鲤尊奢年包金蛇吉祥安康版', '数字化权益', '节日权益包', 0, 0, TRUE, '2025年锦鲤尊奢年包金蛇吉祥安康版，活动办理立即生效，到期自动取消', '高端用户', '节日权益', '长期', '全国', TRUE),
(600000417619, '2025年锦鲤尊奢年包金蛇吉祥平安版', '数字化权益', '节日权益包', 0, 0, TRUE, '2025年锦鲤尊奢年包金蛇吉祥平安版，活动办理立即生效，到期自动取消', '高端用户', '节日权益', '长期', '全国', TRUE),
(600000417620, '2025年锦鲤尊奢年包金蛇吉祥顺遂版', '数字化权益', '节日权益包', 0, 0, TRUE, '2025年锦鲤尊奢年包金蛇吉祥顺遂版，活动办理立即生效，到期自动取消', '高端用户', '节日权益', '长期', '全国', TRUE),
(600000417621, '2025年锦鲤尊奢年包金蛇吉祥圆满版', '数字化权益', '节日权益包', 0, 0, TRUE, '2025年锦鲤尊奢年包金蛇吉祥圆满版，活动办理立即生效，到期自动取消', '高端用户', '节日权益', '长期', '全国', TRUE),
(600000417622, '2025年锦鲤尊奢年包金蛇如意安康版', '数字化权益', '节日权益包', 0, 0, TRUE, '2025年锦鲤尊奢年包金蛇如意安康版，活动办理立即生效，到期自动取消', '高端用户', '节日权益', '长期', '全国', TRUE),
(600000417623, '2025年锦鲤尊奢年包金蛇如意平安版', '数字化权益', '节日权益包', 0, 0, TRUE, '2025年锦鲤尊奢年包金蛇如意平安版，活动办理立即生效，到期自动取消', '高端用户', '节日权益', '长期', '全国', TRUE),
(600000417624, '2025年锦鲤尊奢年包金蛇如意顺遂版', '数字化权益', '节日权益包', 0, 0, TRUE, '2025年锦鲤尊奢年包金蛇如意顺遂版，活动办理立即生效，到期自动取消', '高端用户', '节日权益', '长期', '全国', TRUE),
(600000417625, '2025年锦鲤尊奢年包金蛇如意圆满版', '数字化权益', '节日权益包', 0, 0, TRUE, '2025年锦鲤尊奢年包金蛇如意圆满版，活动办理立即生效，到期自动取消', '高端用户', '节日权益', '长期', '全国', TRUE),
(600000417626, '2025年锦鲤尊奢年包金蛇安康平安版', '数字化权益', '节日权益包', 0, 0, TRUE, '2025年锦鲤尊奢年包金蛇安康平安版，活动办理立即生效，到期自动取消', '高端用户', '节日权益', '长期', '全国', TRUE),
(600000417627, '2025年锦鲤尊奢年包金蛇安康顺遂版', '数字化权益', '节日权益包', 0, 0, TRUE, '2025年锦鲤尊奢年包金蛇安康顺遂版，活动办理立即生效，到期自动取消', '高端用户', '节日权益', '长期', '全国', TRUE)
  ON CONFLICT DO NOTHING;

-- 新增170个产品记录（第1-50个）
INSERT INTO products (id, name, category, sub_category, price, original_price, discount_supported, description, target_user_type, package_size, valid_period, applicable_scope, is_active) VALUES
(600000420001, '全家享优惠购升级299减30通用版', '个人套餐', '全家享套餐', 269.0, 299.0, TRUE, '参与活动后，从活动生效次月起连续35个月每月可享受30元套餐优惠，同时每月叠加回馈180GB辽宁地区通用流量及300分钟国内主叫通话时长，活动办理立即生效，合约期36个月', '家庭用户', '180GB+300分钟', '36个月', '全国', TRUE),
(600000420002, '全家享合约159档位接续通用版', '个人套餐', '全家享套餐', 109.0, 159.0, TRUE, '活动期间，承诺每月套餐费消费不低于159元，可继续享受全家享合约活动中已选业务优惠，上限不超过50元/月。合约期24个月', '家庭用户', '套餐优惠', '24个月', '全国', TRUE),
(600000420003, '全家享合约219档位回馈通用版', '个人套餐', '全家享套餐', 159.0, 219.0, TRUE, '活动期间，承诺套餐月租消费不低于219元，可继续享受全家享合约活动中已选业务优惠，上限不超过60元/月，同时享受套餐费优惠20元/月。合约期24个月', '家庭用户', '套餐优惠', '24个月', '全国', TRUE),
(600000420004, '网盘随心享体验包通用版', '数字化权益', '云存储服务', 0.01, 16.9, TRUE, '首月享受优惠价0.01元，次月起恢复原价16.9元/月，合约期2个月，每月可享受网盘VIP会员月卡权益和5GB定向流量', '高流量用户', '5GB', '2个月', '定向APP', TRUE),
(600000420005, '承诺消费198元档位活动通用版', '个人套餐', '承诺消费套餐', 198.0, 198.0, TRUE, '每月承诺消费198元，即可享受500分钟国内主叫通话时长、1000分钟国内拨打国内移动号码通话时长、20G国内流量，活动有效期至合约结束', '高流量用户', '20GB+1500分钟', '长期', '全国', TRUE),
(600000420006, '全家享129元合约优惠80元接续通用版', '个人套餐', '全家享套餐', 49.0, 129.0, TRUE, '参与活动后，从活动生效次月起每月可存入80元月租费，合约期24个月。活动到期后，如双方无异议将按与原活动相同的套餐优惠自动续延', '家庭用户', '套餐优惠', '24个月', '全国', TRUE),
(600000420007, '优惠购机金币199元全家享预存1100元通用版', '硬件', '终端购机', 0.0, 0.0, TRUE, '活动提供的220000个5G金币已兑换2200元购机优惠券并使用，预存的1100元话费，首月存入50元，次月起连续35个月每月存入30元，活动合约期36个月', '新用户', '购机优惠', '36个月', '全国', TRUE),
(600000420008, '爱家美食烹饪福袋优惠版1200档通用版', '数字化权益', '综合权益包', 1200.0, 1200.0, TRUE, '一次性支付1200元，办理当月享100小时GPU娱乐型云电脑服务；合约期24个月，可享受健康养老服务、视频免流包、视频会员等服务', '家庭用户', '综合权益', '24个月', '全国', TRUE),
(600000420009, '全家享79元合约优惠55元接续B通用版', '个人套餐', '全家享套餐', 24.0, 79.0, TRUE, '参与活动后，从活动生效当月起每月可享受存入55元话费优惠，合约期24个月。活动到期后，如双方无异议按原活动政策续延原活动月租优惠', '家庭用户', '套餐优惠', '24个月', '全国', TRUE),
(600000420010, '优惠购机套餐优惠29元档位59减30通用版', '个人套餐', '优惠套餐', 29.0, 59.0, TRUE, '参与活动后，从活动生效次月起连续35个月每月可享受30元套餐优惠，活动办理立即生效，合约期36个月，每月承诺最低消费29元', '低流量用户', '套餐优惠', '36个月', '全国', TRUE),
(600000420011, '优惠购机套餐优惠299元档位399减100接续通用版', '个人套餐', '优惠套餐', 299.0, 399.0, TRUE, '参与活动后，从活动生效当月起连续36个月每月可享受100元套餐优惠，同时每月叠加回馈230GB辽宁地区通用流量，100分钟国内主叫通话时长', '高流量用户', '230GB+100分钟', '36个月', '省内', TRUE),
(600000420012, '华为专属权益套餐Pro版599元通用版', '个人套餐', '高端权益套餐', 599.0, 599.0, TRUE, '每月自动获得25张权益券，可兑换生活权益、通信权益、视频会员或音频会员，每月还享小云助理尊享版服务，包含AI助理、家人防骚扰等功能', '高端用户', '综合权益', '24个月', '全国', TRUE),
(600000420013, '优惠购机主推机型159元全家享预存300元通用版', '硬件', '终端购机', 0.0, 0.0, TRUE, '活动提供的55000个5G金币已兑换550元购机优惠券并使用，预存的300元话费，首月存入25元，次月起连续11个月每月存入25元，活动合约期12个月', '新用户', '购机优惠', '12个月', '全国', TRUE),
(600000420014, '优惠购机59元档位购机直降600元接续通用版', '个人套餐', '优惠套餐', 59.0, 79.0, TRUE, '参与活动后，从活动生效当月起连续36个月每月可享受20元套餐优惠及10GB辽宁地区通用流量，活动办理立即生效，合约期36个月', '中流量用户', '10GB', '36个月', '省内', TRUE),
(600000420015, '拥J优惠叠加包20G流量版通用版', '流量包', '通用流量包', 0.0, 0.0, TRUE, '本月起连续24个月，每月可享受20GB国内通用流量、20G定向流量、100分钟国内通话，活动期24个月，到期自动取消', '中流量用户', '40GB+100分钟', '24个月', '全国', TRUE),
(600000420016, '全家享优惠购升级99减20接续通用版', '个人套餐', '全家享套餐', 79.0, 99.0, TRUE, '活动办理立即生效，从活动生效当月起每月可享受20元套餐优惠，合约期36个月。活动到期后，如双方无异议将按与原活动相同的套餐优惠自动接续', '家庭用户', '套餐优惠', '36个月', '全国', TRUE),
(600000420017, '移动爱家美食烹饪福袋优惠版1000档通用版', '数字化权益', '综合权益包', 1000.0, 1000.0, TRUE, '一次性支付1000元，办理当月享85小时GPU娱乐型云电脑服务；合约期24个月，可享受健康养老服务、视频免流包、视频会员等服务', '家庭用户', '综合权益', '24个月', '全国', TRUE),
(600000420018, '全家享铂金会员优惠5元活动通用版', '数字化权益', '会员服务', 0.0, 5.0, TRUE, '0元/月，办理立即生效，合约期3个月，每月享全家享铂金融合会员优惠5元费用，到期后优惠自动失效', '家庭用户', '会员优惠', '3个月', '全国', TRUE),
(600000420019, '移动优选PLUS会员199元优选年包通用版', '数字化权益', '会员服务', 199.0, 199.0, TRUE, '有效期12个月。活动一次性收取199元，可通过小程序领取以旧换新旧机加价券、新机优惠券、碎屏险服务、贴膜优惠券、手机软件免费服务券', '新用户', '会员权益', '12个月', '全国', TRUE),
(600000420020, '信用卡轻合约299元新机礼包通用版', '硬件', '终端购机', 299.0, 299.0, TRUE, '活动于生效日生效，办理299元价值的新机礼包，承诺在网6个月。合约期内每月可享2G国内流量，并可获得7000元额度的免息分期贷款', '新用户', '2GB', '6个月', '全国', TRUE),
(600000420021, '旺铺套餐合约259档位回馈通用版', '集团业务', '企业套餐', 219.0, 259.0, TRUE, '活动期间，承诺套餐月租消费不低于259元，可继续享受旺铺套餐合约活动中已选业务优惠，上限不超过70元/月，同时享受套餐费优惠40元/月', '企业用户', '套餐优惠', '24个月', '全国', TRUE),
(600000420022, '动感地带5G通行证2020版30元通用版', '个人套餐', '5G套餐', 30.0, 30.0, TRUE, '含10GB国内通用流量和热门APP、游戏专属免流；享5G优享速率，享VR畅享包、视频彩铃、云盘白银会员；赠送权益超市新星会员', '年轻用户', '10GB', '长期', '全国', TRUE),
(600000420023, '30元流量畅玩包12月通用版', '流量包', '通用流量包', 30.0, 30.0, TRUE, '每月可享40GB辽宁通用流量及80GB抖音快手定向流量，不支持共享。优惠期12个月，到期自动失效', '高流量用户', '120GB', '12个月', '省内+定向', TRUE),
(600000420024, '移动高清千兆优惠活动20元月通用版', '家庭宽带', '宽带提速', 20.0, 20.0, TRUE, '合约期24个月，活动订购立即生效，可享宽带提速至1000M服务、高清基础+影视VIP服务+语音遥控器及语音功能', '家庭用户', '千兆宽带', '24个月', '全国', TRUE),
(600000420025, '校园秋季迎新专属0元10G国内通用流量包通用版', '流量包', '校园流量包', 0.0, 0.0, TRUE, '活动合约期48个月，可享10GB国内通用流量权益，无功能费，流量不支持结转，支持副卡共享，到期活动及流量权益自动失效', '校园用户', '10GB', '48个月', '全国', TRUE),
(600000420026, '智能组网WIFI6全家享通用版', '家庭宽带', '智能组网', 15.0, 15.0, TRUE, '合约期24个月，享每月一次WIFI调测服务、一台WIFI6路由器以及合约期内以换代修服务。到期后，按照5元/月价格收取', '家庭用户', 'WIFI6设备', '24个月', '全国', TRUE),
(600000420027, '全家享优惠购升级159减40通用版', '个人套餐', '全家享套餐', 119.0, 159.0, TRUE, '活动办理立即生效，从活动生效次月起每月可享受40元套餐优惠，合约期36个月。36个月内终止活动收取违约金40元', '家庭用户', '套餐优惠', '36个月', '全国', TRUE),
(600000420028, '大连爱家硬件合约活动79档位通用版', '家庭宽带', '硬件合约', 79.0, 79.0, TRUE, '合约期36个月。合约期内承诺使用79元5G全家享套餐并满足套餐低消不低于79元，每月可享受25元应用产品优惠。合约期内返还399元', '家庭用户', '硬件+优惠', '36个月', '大连', TRUE),
(600000420029, '全家享新春版129元档活动通用版', '个人套餐', '节日权益包', 129.0, 129.0, TRUE, '预存300元，仅支持限全家享129元档位套餐客户办理，有效期12个月。可领取6张满100-50元超市满减券及100元餐饮券或出行券', '家庭用户', '节日权益', '12个月', '全国', TRUE),
(600000420030, '2024秋季开学营销享50GB校园分区流量通用版', '流量包', '校园流量包', 0.0, 0.0, TRUE, '每月包含50GB校园分区流量（不支持结转及共享）。合约期48个月，活动办理立即生效，到期自动取消', '校园用户', '50GB', '48个月', '校园区域', TRUE),
(600000420031, 'IoT商城25元活动服务包B通用版', '数字化权益', '物联网服务', 25.0, 25.0, TRUE, '活动生效后可凭借办理手机号登陆物联网商城兑换相应产品，费用为25元/月，到期自动取消。若同时参加全家享优惠活动可进行相应减免', '物联网用户', 'IoT服务', '长期', '全国', TRUE),
(600000420032, '40元流量乐玩包接续通用版', '流量包', '通用流量包', 40.0, 40.0, TRUE, '每月包含80G国内通用流量及50G抖音快手定向流量，流量均不含港澳台，不支持共享及结转，国内通用流量需在套餐内流量用尽后使用', '高流量用户', '130GB', '12个月', '全国+定向', TRUE),
(600000420033, '爱家礼包全家WiFi尊享版1199趸交优惠活动通用版', '家庭宽带', '智能组网', 1199.0, 1199.0, TRUE, '订购首月一次性收取1199元，合约期12个月，可享一年1000M宽带提速服务、全家WiFi尊享版主光猫一台、从光猫一台、分光器一台', '家庭用户', '千兆宽带+设备', '12个月', '全国', TRUE),
(600000420034, '109元档位购泛终端直降800元接续通用版', '硬件', '终端购机', 109.0, 129.0, TRUE, '参与活动后，从活动生效当月起连续36个月每月可享受20元套餐优惠及20GB辽宁地区通用流量，活动办理立即生效，合约期36个月', '新用户', '20GB', '36个月', '省内', TRUE),
(600000420035, '移动爱家居家办公福袋优惠版240档通用版', '数字化权益', '综合权益包', 240.0, 240.0, TRUE, '一次性支付240元，办理当月享25小时GPU娱乐型云电脑服务；合约期24个月，可享受健康养老服务、视频免流包、视频会员等服务', '家庭用户', '综合权益', '24个月', '全国', TRUE),
(600000420036, '5GB流量关怀活动6个月通用版', '流量包', '关怀流量包', 0.0, 0.0, TRUE, '每月可享5GB辽宁地区通用流量，不支持结转及共享，需在套餐内流量用尽后使用。活动办理立即生效，有效期6个月，到期自动取消', '低流量用户', '5GB', '6个月', '省内', TRUE),
(600000420037, '150元流量包折扣享通用版', '流量包', '通用流量包', 75.0, 150.0, TRUE, '可享以每月75元的优惠价格使用标准价150元的流量包，包含50GB国内通用流量，需在套餐内流量用完后使用，活动期24个月', '高流量用户', '50GB', '24个月', '全国', TRUE),
(600000420038, '爱家光网与千兆二宽融合月包40元399通用版', '家庭宽带', '宽带融合', 40.0, 40.0, TRUE, '且订购首月一次性收取399元的爱家光网方案设计服务费，合约期36个月。首月返还话费14元，第2-36月每月返还话费11元，连续返还36个月', '家庭用户', '千兆宽带+设备', '36个月', '全国', TRUE),
(600000420039, '手表优惠金币129元全家享预存898元通用版', '硬件', '智能穿戴', 0.0, 0.0, TRUE, '活动提供的89800个5G金币已兑换898元电子消费券并使用，预存的898元话费，首月存入24元，次月起连续23个月每月存入38元', '家庭用户', '智能手表', '24个月', '全国', TRUE),
(600000420040, '升舱3.0升级5G套餐298元优惠30通用版', '个人套餐', '5G套餐', 268.0, 298.0, TRUE, '5G智享套餐（个人版）298元/月，从参与活动次月起连续24个月，每月可享30元优惠，相当于实收套餐费268元/月', '高流量用户', '套餐优惠', '24个月', '全国', TRUE),
(600000420041, '铂金会员优惠5元次月活动通用版', '数字化权益', '会员服务', 0.0, 5.0, TRUE, '0元/月，办理立即生效，合约期4个月，次月起每月享铂金会员优惠5元费用，到期后优惠自动失效', '高端用户', '会员优惠', '4个月', '全国', TRUE),
(600000420042, '辽友会专属11.11元话费券通用版', '数字化权益', '话费优惠', 0.0, 0.0, TRUE, '话费立即到账。活动办理立即生效，有效期24小时，到期自动失效；终止立即失效，无违约金', '所有用户', '话费券', '24小时', '全国', TRUE),
(600000420043, '家用电器福袋10元月包流量应用版通用版', '数字化权益', '智能家居', 10.0, 10.0, TRUE, '活动办理立即生效，办理活动享受云宽带标准版服务1个月，包含护苗宽带、教育加速、电竞加速三种云宽带服务，一次收费150元', '家庭用户', '智能家居', '24个月', '全国', TRUE),
(600000420044, '2024年抚顺校园迎新国内主叫500分钟通话通用版', '语音包', '校园语音包', 0.0, 0.0, TRUE, '本月起连续48个月，每月可享国内主叫500分钟通话时长，以上资源均不含港澳台，立即生效，到期自动失效', '校园用户', '500分钟', '48个月', '全国', TRUE),
(600000420045, '集团成员200分钟语音包通用版', '语音包', '集团语音包', 0.0, 0.0, TRUE, '集团成员专享200分钟国内主叫通话时长，活动办理立即生效，合约期24个月，到期自动失效', '集团用户', '200分钟', '24个月', '全国', TRUE),
(600000420046, '2024抚顺高新区19元套餐通用版', '个人套餐', '区域专属套餐', 9.0, 19.0, TRUE, '参与活动后2024抚顺高新区19元套餐立即生效；每月减免话费10元，并赠送50G省内流量、100G本地流量，活动立即生效，合约期24个月', '区域用户', '150GB', '24个月', '抚顺', TRUE),
(600000420047, '集团客户全家享套餐专属优惠活动优惠10元通用版', '个人套餐', '集团优惠套餐', 0.0, 0.0, TRUE, '不收取费用，办理立即生效，合约期25个月。活动办理次月起每月充值10元，连续充值24个月，活动到期自动失效', '集团用户', '话费返还', '25个月', '全国', TRUE),
(600000420048, '2023年抚顺集团客户价值保有规模提升活动79元全家享返30通用版', '个人套餐', '集团优惠套餐', 49.0, 79.0, TRUE, '实际49元/月。活动开始时间，活动结束时间', '集团用户', '套餐优惠', '长期', '抚顺', TRUE),
(600000420049, '2023年抚顺石化集团及附属公司赠送300分钟国内语音通话通用版', '语音包', '集团语音包', 0.0, 0.0, TRUE, '每月赠送300分钟主叫时长，业务优惠期间，需保持在网络下使用，如需办理停机保号、申请预销户、销户业务，可联系客户经理', '集团用户', '300分钟', '长期', '全国', TRUE),
(600000420050, '2023年抚顺集团客户价值保有规模提升活动网内300分钟通用版', '语音包', '集团语音包', 0.0, 0.0, TRUE, '每月赠送300分钟，活动开始时间，活动结束时间', '集团用户', '300分钟', '长期', '抚顺', TRUE)
  ON CONFLICT DO NOTHING;

-- 新增170个产品记录（第51-100个）
INSERT INTO products (id, name, category, sub_category, price, original_price, discount_supported, description, target_user_type, package_size, valid_period, applicable_scope, is_active) VALUES
(600000420051, '2024年集团客户39套餐减免及语音包通用版', '个人套餐', '集团优惠套餐', 0.0, 39.0, TRUE, '2024年集团客户39套餐减免及语音包立即生效，0元/月；办理后立即生效，办理后每月返还40元话费，赠送700分钟语音', '集团用户', '700分钟', '长期', '全国', TRUE),
(600000420052, '129元全家享优惠38元通用版', '个人套餐', '全家享套餐', 91.0, 129.0, TRUE, '合约期12个月，办理立即生效，从活动生效当月起连续12个月，可享5G全家享套餐129元套餐每月优惠38元', '家庭用户', '套餐优惠', '12个月', '全国', TRUE),
(600000420053, '营口新入网享套餐3折优惠活动通用版', '个人套餐', '新入网优惠', 0.0, 0.0, TRUE, '活动办理后立即生效，每月可享基础套餐费3折优惠（以减免方式实现，不支持打印发票）。活动生效期间基础套餐不支持降档', '新用户', '套餐优惠', '12个月', '营口', TRUE),
(600000420054, '500分钟国内主叫国内网内通话时长12个月通用版', '语音包', '语音包', 0.0, 0.0, TRUE, '从活动生效月起连续12个月，每月不收取费用，可享受500分钟国内主叫国内网内通话时长，仅限拨打移动电话使用', '中流量用户', '500分钟', '12个月', '网内', TRUE),
(600000420055, '2025年锦鲤尊奢年包金蛇狂舞版通用版', '数字化权益', '节日权益包', 0.0, 0.0, TRUE, '活动办理立即生效，到期自动取消，不支持结转与共享', '高端用户', '节日权益', '长期', '全国', TRUE),
(600000420056, '2024年二季度锦州阳光能源50元员工优惠套餐通用版', '个人套餐', '集团优惠套餐', 50.0, 79.0, TRUE, '办理活动立即生效，可享以50元/月的优惠价格订购飞享79元套餐，活动有效期24个月，到期后活动自动取消', '集团用户', '套餐优惠', '24个月', '锦州', TRUE),
(600000420057, '2024年集团客户1元50G省内流量通用版', '流量包', '集团流量包', 1.0, 1.0, TRUE, '1元购买50G省内流量。到期自动取消，不支持结转与共享', '集团用户', '50GB', '长期', '省内', TRUE),
(600000420058, '2024年抚顺全家享优惠购活动100G通用版', '流量包', '区域流量包', 0.0, 0.0, TRUE, '承诺参与全家享优惠购活动，本月起连续36个月，可享100G辽宁省内流量，流量支持共享，不支持结转', '抚顺用户', '100GB', '36个月', '抚顺', TRUE),
(600000420059, '2023年抚顺石化集团及附属公司99元全家享打7折通用版', '个人套餐', '集团优惠套餐', 69.3, 99.0, TRUE, '办理99元全家享套餐7折购，69.3元/月，业务优惠期间，需保持在网络下使用', '集团用户', '套餐优惠', '长期', '抚顺', TRUE),
(600000420060, '2023年抚顺石化集团及附属公司赠送400分钟国内语音通话通用版', '语音包', '集团语音包', 0.0, 0.0, TRUE, '每月赠送400分钟主叫时长，业务优惠期间，需保持在网络下使用', '集团用户', '400分钟', '长期', '全国', TRUE),
(600000420061, '2023年抚顺集团客户价值保有规模提升活动129元全家享返10通用版', '个人套餐', '集团优惠套餐', 119.0, 129.0, TRUE, '实际119元/月。活动开始时间，活动结束时间', '集团用户', '套餐优惠', '长期', '抚顺', TRUE),
(600000420062, '2023年抚顺供电公司赠30G全国流量活动通用版', '流量包', '集团流量包', 0.0, 0.0, TRUE, '每月赠送30G全国流量，业务优惠期间，需保持在网络下使用', '集团用户', '30GB', '长期', '全国', TRUE),
(600000420063, '营销活动赠送国内主叫国内500分钟语音包通用版', '语音包', '语音包', 0.0, 0.0, TRUE, '国内主叫国内500分钟语音包业务，0元/月，包含500分钟套外/国内/（需在套餐内流量用完后使用）', '中流量用户', '500分钟', '长期', '全国', TRUE),
(600000420064, '2024年抚顺集团客户接续活动送20G省内流量通用版', '流量包', '区域流量包', 0.0, 0.0, TRUE, '参与活动2024年抚顺集团客户接续活动送20G省内流量立即生效/次月生效，0元/月', '抚顺用户', '20GB', '长期', '抚顺', TRUE),
(600000420065, '5G全家享套餐79元新入网享7折优惠活动通用版', '个人套餐', '新入网优惠', 55.3, 79.0, TRUE, '业务办理立即生效，套餐费用55.3元/月，合约期12个月，到期后活动自动失效，套餐恢复至79元/月', '新用户', '套餐优惠', '12个月', '全国', TRUE),
(600000420066, '全家享99元返还70元话费通用版', '个人套餐', '全家享套餐', 99.0, 99.0, TRUE, '参与活动后赠送1680元话费，从参与当月/次月起连续返还24个月，每月返还70元话费', '家庭用户', '话费返还', '24个月', '全国', TRUE),
(600000420067, '套餐八折优惠活动通用版', '个人套餐', '套餐优惠', 0.0, 0.0, TRUE, '活动办理次月生效，合约期12个月，合约期间可享套餐费8折优惠，不支持重复办理，与其它套餐类优惠不支持同时享受', '所有用户', '套餐优惠', '12个月', '全国', TRUE),
(600000420068, '办宽带套餐享优惠30档48个月通用版', '家庭宽带', '宽带优惠', 0.0, 30.0, TRUE, '参与活动后30元套餐费优惠立即生效，0元/月享30元套餐费优惠，有效期48个月，到期自动取消', '宽带用户', '套餐优惠', '48个月', '全国', TRUE),
(600000420069, '68元4G套餐活动中远海运通用版', '个人套餐', '集团优惠套餐', 68.0, 68.0, TRUE, '活动办理次月生效，每月系统充值50.8元，活动有效期24个月，到期活动自动失效，不再进行系统充值', '集团用户', '话费返还', '24个月', '全国', TRUE),
(600000420070, '流量补充包80GB辽宁流量36个月通用版', '流量包', '区域流量包', 0.0, 0.0, TRUE, '合约期内不收取费用，每月可享80GB辽宁通用流量，流量需在辽宁区域内使用，不支持共享和结转', '辽宁用户', '80GB', '36个月', '辽宁', TRUE),
(600000420071, '红沿河集团专属优惠活动次月享优惠通用版', '个人套餐', '集团优惠套餐', 0.0, 0.0, TRUE, '次月起可享20G国内流量，可共享可结转，60G基站流量，不支持共享和结转，1000分钟国内网内语音，100条短信包', '集团用户', '综合权益', '25个月', '全国', TRUE),
(600000420072, '集团客户全家享套餐专属优惠活动优惠100元通用版', '个人套餐', '集团优惠套餐', 0.0, 0.0, TRUE, '不收取费用，办理立即生效，合约期25个月。活动办理次月起每月充值100元，连续充值24个月，活动到期自动失效', '集团用户', '话费返还', '25个月', '全国', TRUE),
(600000420073, '新大连爱家光网35元月包二宽通用版', '家庭宽带', '宽带融合', 35.0, 35.0, TRUE, '合约期36个月，合约期内返还399元，首月返还14元，次月至第36月每月返还11元；可享FTTR一主、一从设备使用权、二宽千兆提速', '家庭用户', '千兆宽带+设备', '36个月', '大连', TRUE),
(600000420074, '大连客户回馈100分钟国内语音3个月通用版', '语音包', '区域语音包', 0.0, 0.0, TRUE, '参与活动后有效期内每月赠送100分钟国内语音，优先级高于套内语音资源。业务立即生效，不收取月费，有效期3个月', '大连用户', '100分钟', '3个月', '全国', TRUE),
(600000420075, '移动爱家福袋提速版月包通用版', '家庭宽带', '宽带提速', 10.0, 10.0, TRUE, '合约期24个月，可享1000M宽带提速服务，健康讲堂基础版、健康档案、健康评估、健康管理计划、购药优惠、预约挂号等健康养老服务', '家庭用户', '千兆宽带+健康服务', '24个月', '全国', TRUE),
(600000420076, '优惠购机套餐购机直降2000元2000元云存24个月通用版', '硬件', '终端购机', 2000.0, 2000.0, TRUE, '活动办理当月包含2000GB云盘定向流量月包，仅当月有效。赠送的2000元话费，首月赠送91元，次月起连续23个月每月赠送83元', '高流量用户', '购机+云存储', '24个月', '全国', TRUE),
(600000420077, '成员49元优惠活动24个月通用版', '个人套餐', '集团优惠套餐', 0.0, 159.0, TRUE, '每月可享110元套餐费优惠，优惠期24个月，到期后优惠自动取消', '集团用户', '套餐优惠', '24个月', '全国', TRUE),
(600000420078, '电影卡50元通用版', '数字化权益', '视频会员', 50.0, 50.0, TRUE, '可登录视频APP，进入我的—电影购票—我的—优惠券—兑换—输入兑换码进行兑换', '视频用户', '电影卡', '长期', '全国', TRUE),
(600000420079, '优惠购机金币安防云存月包30天存储版购机直降190元通用版', '硬件', '智能安防', 0.0, 0.0, TRUE, '活动包含安防云存月包（30天存储版），2GB省内流量，活动提供的19000个5G金币已兑换190元购机优惠券并使用', '家庭用户', '安防设备', '24个月', '省内', TRUE),
(600000420080, '优惠购机套餐购机直降1500元750元云存36个月通用版', '硬件', '终端购机', 750.0, 750.0, TRUE, '活动办理当月包含750GB云盘定向流量月包，仅当月有效。赠送的750元话费，首月赠送15元，次月起连续35个月每月赠送21元', '高流量用户', '购机+云存储', '36个月', '全国', TRUE),
(600000420081, '159元畅享家接续通用版', '个人套餐', '区域专属套餐', 159.0, 159.0, TRUE, '参与活动后，从活动生效当月起每月承诺套餐月租消费159元，每月可享50GB辽宁地区通用流量（可共享）', '辽宁用户', '50GB', '36个月', '辽宁', TRUE),
(600000420082, '全家享129元合约优惠70元接续通用版', '个人套餐', '全家享套餐', 59.0, 129.0, TRUE, '参与活动后，从活动生效次月起每月可存入70元月租费，合约期24个月。活动生效24个月内终止活动，收取违约金30元', '家庭用户', '套餐优惠', '24个月', '全国', TRUE),
(600000420083, '移动爱家健康守护福袋标准版360档通用版', '数字化权益', '健康服务', 360.0, 360.0, TRUE, '一次性支付360元，办理当月享36小时GPU娱乐型云电脑服务；合约期24个月，可享受健康讲堂基础版、健康档案、健康评估等健康养老服务', '家庭用户', '健康服务', '24个月', '全国', TRUE),
(600000420084, '移动爱家安全防护福袋优惠版480档通用版', '数字化权益', '智能安防', 480.0, 480.0, TRUE, '一次性支付480元，办理当月享45小时GPU娱乐型云电脑服务；合约期24个月，可享受7天全天云存+15项家庭AI等安防服务', '家庭用户', '安防服务', '24个月', '全国', TRUE),
(600000420085, '家庭权益包智能门锁B通用版', '硬件', '智能家居', 530.0, 530.0, TRUE, '活动办理立即生效，合约期24个月，办理当月收费530元，可享一台智能门锁和7天事件云存储服务，第2个月到第12个月不收取费用', '家庭用户', '智能门锁', '24个月', '全国', TRUE),
(600000420086, '新入网599元档位购泛终端直降2000元预存2000元通用版', '硬件', '终端购机', 599.0, 599.0, TRUE, '活动提供的200000个5G金币已兑换2000元购机优惠券并使用，预存的2000元话费，首月存入40元，次月起连续35个月每月存入56元', '新用户', '购机优惠', '36个月', '全国', TRUE),
(600000420087, '随心听优惠5元活动通用版', '数字化权益', '音乐会员', 0.0, 5.0, TRUE, '0元/月，办理立即生效，合约期3个月，随心听会员优惠5元费用，到期后优惠自动失效', '音乐用户', '音乐会员', '3个月', '全国', TRUE),
(600000420088, '优惠购机套餐购机直降1000元500元云存24个月通用版', '硬件', '终端购机', 500.0, 500.0, TRUE, '活动办理当月包含500GB云盘定向流量月包，仅当月有效。赠送的500元话费，首月赠送40元，次月起连续23个月每月赠送20元', '高流量用户', '购机+云存储', '24个月', '全国', TRUE),
(600000420089, '优惠购机219元档位购机直降1000元预存500元通用版', '硬件', '终端购机', 219.0, 239.0, TRUE, '活动提供的100000个5G金币已兑换1000元购机优惠券并使用，预存的500元话费，自办理当月起连续25个月每月存入20元', '新用户', '购机+流量', '25个月', '省内', TRUE),
(600000420090, '50元语音包特惠购通用版', '语音包', '语音包', 50.0, 50.0, TRUE, '享受650分钟国内主叫通话时长、450分钟辽宁地区主叫通话时长、5GB辽宁地区通用流量。以上通话时长均不支持共享、流量不支持共享及结转', '中流量用户', '1100分钟+5GB', '12个月', '全国+省内', TRUE),
(600000420091, '承诺最低消费68元享语音数字化好礼通用版', '个人套餐', '承诺消费套餐', 68.0, 68.0, TRUE, '本月起连续12个月，每月承诺消费68元，可享2GB国内套外流量、500分钟网内通话、优+畅看云盘包', '中流量用户', '2GB+500分钟', '12个月', '全国', TRUE),
(600000420092, '79及以上套餐优惠30元接续通用版', '个人套餐', '套餐优惠', 49.0, 79.0, TRUE, '参与活动后，活动生效当月起可享每月月租费优惠30元，优惠期24个月。活动生效24个月内终止活动需收取违约金30元', '中流量用户', '套餐优惠', '24个月', '全国', TRUE),
(600000420093, '电影卡100元通用版', '数字化权益', '视频会员', 100.0, 100.0, TRUE, '可登录视频APP，进入我的—电影购票—我的—优惠券—兑换—输入兑换码进行兑换', '视频用户', '电影卡', '长期', '全国', TRUE),
(600000420094, '校园彩铃包月1元优惠购活动通用版', '数字化权益', '校园增值服务', 1.0, 1.0, TRUE, '资费1元/月，有效期48个月，每月包含视频彩铃6元包', '校园用户', '彩铃服务', '48个月', '全国', TRUE),
(600000420095, '全家享99元合约优惠50元接续B通用版', '个人套餐', '全家享套餐', 49.0, 99.0, TRUE, '参与活动后，从活动生效当月起每月可享受存入50元话费优惠，合约期24个月。不收取违约金', '家庭用户', '套餐优惠', '24个月', '全国', TRUE),
(600000420096, '流量任我享30元20G通用版', '流量包', '通用流量包', 30.0, 30.0, TRUE, '活动有效期12个月，生效当月起，每月可享受30元20GB国内流量（流量不含港澳台，不支持多终端共享及结转）', '中流量用户', '20GB', '12个月', '全国', TRUE),
(600000420097, '铁岭优惠购机金币79元飞享正常预存1300元通用版', '硬件', '终端购机', 79.0, 79.0, TRUE, '活动提供的130000个5G金币已兑换1300元购机优惠券并使用，预存的1300元话费，首月存入58元，次月起连续23个月每月存入54元', '铁岭用户', '购机优惠', '24个月', '铁岭', TRUE),
(600000420098, '铁岭客户新入网300分钟语音优惠通用版', '语音包', '区域语音包', 0.0, 0.0, TRUE, '每月可享300分钟国内主叫国内通话优惠，活动期12个月，活动到期后如双方无异议将自动接续，每次接续12个月', '铁岭用户', '300分钟', '12个月', '全国', TRUE),
(600000420099, '铁岭分公司安防统付减免一年活动通用版', '数字化权益', '智能安防', 0.0, 0.0, TRUE, '参与活动后，实现指定云存储业务费用减免，订购立即生效，有效期12个月，到期自动取消，不再享受指定业务减免优惠', '铁岭用户', '安防服务', '12个月', '铁岭', TRUE),
(600000420100, '铁岭客户新入网200分钟语音优惠通用版', '语音包', '区域语音包', 0.0, 0.0, TRUE, '每月可享200分钟国内主叫国内通话优惠，活动期12个月，活动到期后如双方无异议将自动接续，每次接续12个月', '铁岭用户', '200分钟', '12个月', '全国', TRUE)
  ON CONFLICT DO NOTHING;

-- 新增170个产品记录（第101-150个）
INSERT INTO products (id, name, category, sub_category, price, original_price, discount_supported, description, target_user_type, package_size, valid_period, applicable_scope, is_active) VALUES
(600000420101, '铁岭公司2021年开原财政局集团成员保有58元活动通用版', '个人套餐', '集团优惠套餐', 48.0, 58.0, TRUE, '活动办理后立即生效，参与活动后每月优惠10元套餐费，每月可额外享受10G全国流量及700分钟全国主叫通话，合约期24个月', '集团用户', '10GB+700分钟', '24个月', '全国', TRUE),
(600000420102, '铁岭预存200元享400元40个月通用版', '个人套餐', '话费优惠', 200.0, 200.0, TRUE, '参与活动后预存200元享400元（20个月）业务立即生效，次月起连续20个月，每月返还10元话费，活动合约期21个月', '铁岭用户', '话费返还', '21个月', '铁岭', TRUE),
(600000420103, '2024年抚顺集团客户接续活动99元返60通用版', '个人套餐', '集团优惠套餐', 39.0, 99.0, TRUE, '参与活动后2024年抚顺集团客户接续活动99元返60业务立即生效/次月生效，0元/月', '抚顺用户', '话费返还', '长期', '抚顺', TRUE),
(600000420104, '2024年抚顺校园迎新赠送480元话费活动通用版', '个人套餐', '校园优惠', 0.0, 0.0, TRUE, '活动提供的480元话费分成48个月为您充值，每月充值10元，当月立即生效，到期后自动失效', '校园用户', '话费返还', '48个月', '抚顺', TRUE),
(600000420105, '2023年抚顺集团客户价值保有规模提升活动100G区域流量通用版', '流量包', '区域流量包', 0.0, 0.0, TRUE, '每月赠送100G抚顺流量，活动开始时间，活动结束时间', '抚顺用户', '100GB', '长期', '抚顺', TRUE),
(600000420106, '2024年抚顺全家享优惠购活动50G通用版', '流量包', '区域流量包', 0.0, 0.0, TRUE, '承诺参与全家享优惠购活动，本月起连续36个月，可享50G辽宁省内流量，流量支持共享，不支持结转', '抚顺用户', '50GB', '36个月', '抚顺', TRUE),
(600000420107, '2024年国家税务总局抚顺市税务局39元飞享通用版', '个人套餐', '集团优惠套餐', 39.0, 39.0, TRUE, '2024年国家税务总局抚顺市税务局39元飞享，实际39元/月。活动开始时间，活动结束时间', '集团用户', '套餐优惠', '长期', '抚顺', TRUE),
(600000420108, '2024年抚顺石化惠民爱家活动通用版', '个人套餐', '集团优惠套餐', 0.0, 0.0, TRUE, '参与活动后享受全家享打3折，从参与当月起，连续返还36个月，到期自动取消', '抚顺用户', '套餐优惠', '36个月', '抚顺', TRUE),
(600000420109, '2024年抚顺集团客户接续活动送100分钟语音通话通用版', '语音包', '区域语音包', 0.0, 0.0, TRUE, '参与活动2024年抚顺集团客户接续活动送100分钟语音通话立即生效/次月生效，0元/月', '抚顺用户', '100分钟', '长期', '抚顺', TRUE),
(600000420110, '2024年集团客户29返16活动通用版', '个人套餐', '集团优惠套餐', 13.0, 29.0, TRUE, '参与活动后赠送16元话费/月，赠送23G国内流量、200G本地流量、100分钟语音', '集团用户', '23GB+200GB+100分钟', '长期', '全国+本地', TRUE),
(600000420111, '2024年抚顺全家享优惠购活动30G通用版', '流量包', '区域流量包', 0.0, 0.0, TRUE, '承诺参与全家享优惠购活动，本月起连续36个月，可享30G辽宁省内流量，流量支持共享，不支持结转', '抚顺用户', '30GB', '36个月', '抚顺', TRUE),
(600000420112, '集团客户全家享套餐专属优惠活动优惠90元通用版', '个人套餐', '集团优惠套餐', 0.0, 0.0, TRUE, '不收取费用，办理立即生效，合约期25个月。活动办理次月起每月充值90元，连续充值24个月，活动到期自动失效', '集团用户', '话费返还', '25个月', '全国', TRUE),
(600000420113, '2024年集团客户29元套餐流量包通用版', '流量包', '集团流量包', 0.0, 0.0, TRUE, '参与活动后赠送38G国内流量、50G省内、100G本地流量。到期自动取消，不支持结转与共享', '集团用户', '188GB', '长期', '全国+省内+本地', TRUE),
(600000420114, '2023年抚顺集团客户价值保有规模提升活动网内500分钟通用版', '语音包', '区域语音包', 0.0, 0.0, TRUE, '每月赠送网内500分钟，活动开始时间，活动结束时间', '抚顺用户', '500分钟', '长期', '抚顺', TRUE),
(600000420115, '承诺消费159元享好礼通用版', '个人套餐', '承诺消费套餐', 159.0, 159.0, TRUE, '从活动生效当月起连续24个月，每月需承诺消费159元，享受200分钟国内主叫和10GB辽宁流量，资源优先于套餐内国内资源使用', '高流量用户', '10GB+200分钟', '24个月', '全国+辽宁', TRUE),
(600000420116, '承诺消费79元享好礼通用版', '个人套餐', '承诺消费套餐', 79.0, 79.0, TRUE, '从活动生效当月起连续24个月，每月需承诺消费79元，享受100分钟国内主叫和5GB辽宁流量，资源优先于套餐内国内资源使用', '中流量用户', '5GB+100分钟', '24个月', '全国+辽宁', TRUE),
(600000420117, '20元20G流量优惠活动通用版', '流量包', '通用流量包', 20.0, 20.0, TRUE, '5G特惠流量包，每月20元，包含10GB国内通用流量，活动办理立即生效，每月可额外多享10GB国内流量，活动有效期12个月', '中流量用户', '20GB', '12个月', '全国', TRUE),
(600000420118, '鞍山乐享10G流量活动通用版', '流量包', '区域流量包', 0.0, 0.0, TRUE, '活动期内，每月可享10GB辽宁省内流量，不收取费用。以上资源不含港澳台，不可结转，不支持多终端共享', '鞍山用户', '10GB', '12个月', '辽宁', TRUE),
(600000420119, '鞍山乐享5G流量活动通用版', '流量包', '区域流量包', 0.0, 0.0, TRUE, '活动期内，每月可享5GB辽宁省内流量，不收取费用。以上资源不含港澳台，不可结转，不支持多终端共享', '鞍山用户', '5GB', '12个月', '辽宁', TRUE),
(600000420120, '鞍山2024语音特惠活动300分钟通用版', '语音包', '区域语音包', 0.0, 0.0, TRUE, '办理后每月元可享300分钟本地主叫国内移动通话，以上资费不含港澳台，有效期36个月，办理后活动立即生效', '鞍山用户', '300分钟', '36个月', '鞍山', TRUE),
(600000420121, '2021年鞍山语音优惠包新入网通用版', '语音包', '区域语音包', 0.0, 0.0, TRUE, '本月起每月可享受省内主叫国内网内5000分钟，超出后0.1元/分钟，网间主叫0.1元/分钟。全国被叫免费', '鞍山用户', '5000分钟', '24个月', '鞍山', TRUE),
(600000420122, '2024年惠鞍山会员享120消费券活动2.0通用版', '数字化权益', '区域权益包', 0.0, 0.0, TRUE, '办理活动当月起连续3个月，每月系统充值40元话费，同时每月可领40元本地消费券权益', '鞍山用户', '话费+消费券', '3个月', '鞍山', TRUE),
(600000420123, '鞍山2024语音轻享活动30元500分钟通用版', '语音包', '区域语音包', 30.0, 30.0, TRUE, '办理后每月30元可享500分钟本地主叫国内移动通话，以上资费不含港澳台。有效期36个月', '鞍山用户', '500分钟', '36个月', '鞍山', TRUE),
(600000420124, '鞍山3元10G特惠流量12个月通用版', '流量包', '区域流量包', 3.0, 3.0, TRUE, '活动期内，每月3元可享10GB辽宁通用流量，办理立即生效，有效期12个月办理后立即生效', '鞍山用户', '10GB', '12个月', '辽宁', TRUE),
(600000420125, '四档预存13968元分36月返还鞍山通用版', '个人套餐', '话费优惠', 13968.0, 13968.0, TRUE, '活动有效期内每月还388元话费，活动办理立即生效，活动有效期36个月，到期自动取消', '鞍山用户', '话费返还', '36个月', '鞍山', TRUE),
(600000420126, '十档预存348元分6月返还鞍山通用版', '个人套餐', '话费优惠', 348.0, 348.0, TRUE, '活动有效期内每月还58元话费，活动办理立即生效，活动有效期6个月，到期自动取消', '鞍山用户', '话费返还', '6个月', '鞍山', TRUE),
(600000420127, '套餐费7折优惠新入网通用版', '个人套餐', '新入网优惠', 0.0, 0.0, TRUE, '活动期内，每月可享套餐费7折优惠，办理立即生效，有效期12个月，到期后双方无异议将按原活动政策续延原活动优惠', '新用户', '套餐优惠', '12个月', '全国', TRUE),
(600000420128, '拥J优惠叠加包1G流量版通用版', '流量包', '通用流量包', 0.0, 0.0, TRUE, '本月起连续24个月，每月享受1GB国内通用流量、20GB定向流量、50分钟国内通话，活动期24个月', '中流量用户', '21GB+50分钟', '24个月', '全国+定向', TRUE),
(600000420129, '48启航权益活动通用版', '数字化权益', '校园权益包', 15.0, 15.0, TRUE, '费用15元/月，办理立即生效，合约期48个月，享惠生活权益。办理活动后不支持变更48元及以下套餐', '校园用户', '生活权益', '48个月', '全国', TRUE),
(600000420130, '积分兑换139邮箱5元版年包通用版', '数字化权益', '邮箱服务', 0.0, 0.0, TRUE, '6000积分一次性收取。开始时间，结束时间。活动到期自动失效', '所有用户', '邮箱服务', '12个月', '全国', TRUE),
(600000420131, '校园权益副卡升级版48个月通用版', '数字化权益', '校园权益包', 10.0, 10.0, TRUE, '可获得校园黄金会员升级版身份，享受折扣价消费优惠和权益超市黄金会员服务及每月20元生活消费券权益', '校园用户', '会员权益', '48个月', '全国', TRUE),
(600000420132, '优惠购机119元档位购机直降800元预存800元接续通用版', '硬件', '终端购机', 119.0, 159.0, TRUE, '参与活动后，从活动生效当月起连续36个月每月可享受40元套餐优惠及15GB辽宁地区通用流量', '新用户', '15GB', '36个月', '省内', TRUE),
(600000420133, '承诺消费200元享80G辽宁流量通用版', '流量包', '区域流量包', 200.0, 200.0, TRUE, '参与活动后，每月承诺消费200元，可享80GB辽宁地区通用流量（不支持结转及共享，需在主套餐内流量用尽后使用）', '高流量用户', '80GB', '24个月', '辽宁', TRUE),
(600000420134, '团圆礼包20元档活动通用版', '数字化权益', '节日权益包', 20.0, 20.0, TRUE, '20元/月，立即生效，每月可领取3张10元超市无门槛抵用券。活动到期后恢复标准价格，按20元/月收取', '家庭用户', '超市券', '12个月', '全国', TRUE),
(600000420135, '89元档位享600元和包券预存600元接续通用版', '硬件', '终端购机', 89.0, 129.0, TRUE, '参与活动后，从活动生效当月起连续36个月每月可享受40元套餐优惠及10GB辽宁地区通用流量', '新用户', '10GB', '36个月', '省内', TRUE),
(600000420136, '优惠购机套餐购机直降4000元4000元云存36个月通用版', '硬件', '终端购机', 4000.0, 4000.0, TRUE, '活动办理当月包含4000GB云盘定向流量月包，仅当月有效。赠送的4000元话费，首月赠送115元，次月起连续35个月每月赠送111元', '高流量用户', '购机+云存储', '36个月', '全国', TRUE),
(600000420137, '旺铺套餐合约499档位回馈通用版', '集团业务', '企业套餐', 399.0, 499.0, TRUE, '活动期间，承诺套餐月租消费不低于499元，可继续享受旺铺套餐合约活动中已选业务优惠，上限不超过120元/月，同时享受套餐费优惠100元/月', '企业用户', '套餐优惠', '24个月', '全国', TRUE),
(600000420138, '校园权益包plus版活动通用版', '数字化权益', '校园权益包', 30.0, 30.0, TRUE, '有效期24个月。30元/月，办理立即生效，享惠校园权益、随心选会员权益', '校园用户', '校园权益', '24个月', '全国', TRUE),
(600000420139, '优惠购机和包199元全家享月优惠60元24个月通用版', '个人套餐', '全家享套餐', 139.0, 199.0, TRUE, '从次月起连续24个月，每月享话费直降60元优惠，并充值和包红包60元', '家庭用户', '话费优惠', '24个月', '全国', TRUE),
(600000420140, '2024年秋季开学校园黄金会员升级版48个月活动通用版', '数字化权益', '校园权益包', 0.0, 0.0, TRUE, '不收取费用，每月可享校园黄金会员升级版身份，在小程序内可享受购物返利优惠、权益超市黄金会员服务及每月20元生活消费券权益', '校园用户', '会员权益', '48个月', '全国', TRUE),
(600000420141, '80元话费通用版', '数字化权益', '话费优惠', 0.0, 0.0, TRUE, '话费立即到账。活动办理立即生效，有效期24小时，到期自动失效；终止立即失效，无违约金', '所有用户', '话费券', '24小时', '全国', TRUE),
(600000420142, '优惠购机套餐购机直降4000元2000元云存36个月通用版', '硬件', '终端购机', 2000.0, 2000.0, TRUE, '活动办理当月包含2000GB云盘定向流量月包，仅当月有效。赠送的2000元话费，首月赠送75元，次月起连续35个月每月赠送55元', '高流量用户', '购机+云存储', '36个月', '全国', TRUE),
(600000420143, '办宽带套餐享优惠20档48个月通用版', '家庭宽带', '宽带优惠', 0.0, 20.0, TRUE, '参与活动后20元套餐费优惠立即生效，0元/月享20元套餐费优惠，有效期48个月，到期自动取消', '宽带用户', '套餐优惠', '48个月', '全国', TRUE),
(600000420144, '大连金惠购机新入网99元全家享预存1100元通用版', '硬件', '终端购机', 99.0, 99.0, TRUE, '活动提供的110000个5G金币已兑换1100元购机优惠券使用，预存的1100元话费在活动首月返还65元，将在次月起至合约期结束每月返还45元', '大连用户', '购机优惠', '24个月', '大连', TRUE),
(600000420145, '大连金惠购机新入网199档位预存4320元通用版', '硬件', '终端购机', 199.0, 199.0, TRUE, '活动提供的288000个5G金币已兑换2880元购机优惠券并使用，预存的4320元话费将在活动首月全额返还', '大连用户', '购机优惠', '36个月', '大连', TRUE),
(600000420146, '国内100G流量政企专属通用版', '流量包', '集团流量包', 0.0, 0.0, TRUE, '合约期24个月，每月可享受国内100G流量（政企专属）（流量仅限当月使用），流量仅限国内使用（不含港澳台），流量不支持共享', '企业用户', '100GB', '24个月', '全国', TRUE),
(600000420147, '新大连爱家光网35元月包存量千兆流量版通用版', '家庭宽带', '宽带融合', 35.0, 35.0, TRUE, '合约期36个月，合约期内返还399元，首月返还14元，次月至第36月每月返还11元；可享FTTR一主、一从设备使用权，每月送10G省内流量', '家庭用户', '千兆宽带+流量', '36个月', '大连', TRUE),
(600000420148, '智慧校园老生民大专属3通用版', '个人套餐', '校园专属套餐', 30.0, 30.0, TRUE, '参与本活动要求用户为启航卡38元套餐并办理智慧校园套餐，活动办理后立即生效，合约期48个月，包含每月10元话费优惠、大连200M校园宽带权益', '校园用户', '话费+宽带', '48个月', '大连', TRUE),
(600000420149, '预存7200元话费平均24个月返还通用版', '个人套餐', '话费优惠', 7200.0, 7200.0, TRUE, '即日起每月返还300元话费，活动有效期24个月。若有有退订需求请到厅办理，剩余预存款不再返还', '所有用户', '话费返还', '24个月', '全国', TRUE),
(600000420150, '大连金惠购机新入网239元全家享预存4300元通用版', '硬件', '终端购机', 239.0, 239.0, TRUE, '活动提供的430000个5G金币已兑换4300元购机优惠券使用，预存的4300元话费在活动首月返还135元，将在次月起至合约期结束每月返还119元', '大连用户', '购机优惠', '36个月', '大连', TRUE)
  ON CONFLICT DO NOTHING;

-- 新增170个产品记录（第151-170个）
INSERT INTO products (id, name, category, sub_category, price, original_price, discount_supported, description, target_user_type, package_size, valid_period, applicable_scope, is_active) VALUES
(600000420151, '大连金惠购机新入网199档位预存3400元通用版', '硬件', '终端购机', 199.0, 199.0, TRUE, '活动提供的230000个5G金币已兑换2300元购机优惠券使用，预存的3400元话费，首月一次性返款3400元', '大连用户', '购机优惠', '24个月', '大连', TRUE),
(600000420152, '爱家光网25元月包存量千兆通用版', '家庭宽带', '智能组网', 25.0, 25.0, TRUE, '每月收费25元，合约期36个月，活动期间套餐不允许降档，可享FTTR一主、一从设备使用权，FTTR装机费100元', '家庭用户', 'FTTR设备', '36个月', '全国', TRUE),
(600000420153, '大连金惠购机新入网129元全家享预存1200元通用版', '硬件', '终端购机', 129.0, 129.0, TRUE, '活动提供的230000个5G金币已兑换2300元购机优惠券使用，预存的1200元话费在活动首月返还45元，将在次月起至合约期结束每月返还33元', '大连用户', '购机优惠', '36个月', '大连', TRUE),
(600000420154, '大连金惠购机新入网199档位预存1800元通用版', '硬件', '终端购机', 199.0, 199.0, TRUE, '活动提供的350000个5G金币已兑换3500元购机优惠券使用，预存的1800元话费，首月一次性返款1800元', '大连用户', '购机优惠', '36个月', '大连', TRUE),
(600000420155, '大连金惠购机新入网79档位预存2070元通用版', '硬件', '终端购机', 79.0, 79.0, TRUE, '活动提供的138000个5G金币已兑换1380元购机优惠券并使用，预存的2070元话费将在活动首月全额返还', '大连用户', '购机优惠', '36个月', '大连', TRUE),
(600000420156, '预存21600元话费平均36个月返还通用版', '个人套餐', '话费优惠', 21600.0, 21600.0, TRUE, '即日起每月返还600元话费，活动有效期36个月。若有有退订需求请到厅办理，剩余预存款不再返还', '所有用户', '话费返还', '36个月', '全国', TRUE),
(600000420157, '大连金惠购机299元全家享免预存直降1000元通用版', '硬件', '终端购机', 299.0, 299.0, TRUE, '活动提供的100000个5G金币已兑换1000元购机优惠券并使用，活动前6个月（不含办理当月）手机号码需在参与活动终端的指定卡槽使用', '大连用户', '购机优惠', '24个月', '大连', TRUE),
(600000420158, '大连金惠购机新入网239档位预存1390元通用版', '硬件', '终端购机', 239.0, 239.0, TRUE, '活动提供的278000个5G金币已兑换2780元购机优惠券并使用，预存的1390元话费将在活动首月全额返还', '大连用户', '购机优惠', '24个月', '大连', TRUE),
(600000420159, '4G飞享套餐58元接续活动58不限速版通用版', '个人套餐', '4G套餐', 58.0, 58.0, TRUE, '新入网58元飞享套餐促销活动失效次月起连续24个月每月赠送15GB不限速流量、700分钟国内主叫国内', '中流量用户', '15GB+700分钟', '24个月', '全国', TRUE),
(600000420160, '大连金惠购机新入网599元全家享预存5300元通用版', '硬件', '终端购机', 599.0, 599.0, TRUE, '活动提供的1060000个5G金币已兑换10600元购机优惠券使用，预存的5300元话费在活动首月返还155元，将在次月起至合约期结束每月返还147元', '大连用户', '购机优惠', '36个月', '大连', TRUE),
(600000420161, '大连全家享合约99档位接续通用版', '个人套餐', '全家享套餐', 69.0, 99.0, TRUE, '合约期24个月，合约期内承诺套餐月租消费不低于99元，可继续享受全家享合约活动中已选业务费用减免，减免金额上限为30元/月', '家庭用户', '套餐优惠', '24个月', '大连', TRUE)
  ON CONFLICT DO NOTHING;


-- 新增170个产品记录（第1-50个）
INSERT INTO products (id, name, category, sub_category, price, original_price, discount_supported, description, target_user_type, package_size, valid_period, applicable_scope, is_active) VALUES
(600000420170, '5G月流量积分兑换包', '流量包', '通用流量包', 0.0, 0.0, TRUE, '使用2500积分兑换5GB国内月流量（不含港澳台），立即生效，仅限当月使用，使用完毕或到期自动失效，需在套餐内流量使用完毕后使用。流量不支持结转，不支持多终端共享，不支持转增', '积分用户', '5GB', '当月有效', '全国', TRUE),
(600000420171, '升舱3.0升级畅享50GB套餐208元档', '个人套餐', '5G套餐', 208.0, 208.0, TRUE, '活动立即生效；活动有效期24个月，从参与活动次月起，每月实收套餐费为208元', '高流量用户', '50GB', '24个月', '全国', TRUE),
(600000420172, '1元20G流量叠加包', '流量包', '区域流量包', 1.0, 1.0, TRUE, '1元/月，每月可享20GB辽宁地区通用流量（不支持结转及共享），合约期24个月，到期自动失效', '辽宁用户', '20GB', '24个月', '辽宁', TRUE),
(600000420173, '爱家美食烹饪福袋标准版1200档', '数字化权益', '综合权益包', 1200.0, 1200.0, TRUE, '一次性支付1200元，办理当月享100小时GPU娱乐型云电脑服务；合约期24个月，可享受健康养老服务、视频免流包、视频会员等服务', '家庭用户', '综合权益', '24个月', '全国', TRUE),
(600000420174, '优惠购机套餐优惠39元档位79减40接续', '个人套餐', '优惠套餐', 39.0, 79.0, TRUE, '参与活动后，从活动生效当月起连续36个月每月可享受40元套餐优惠，活动办理立即生效，合约期36个月，每月承诺最低消费39元', '低流量用户', '套餐优惠', '36个月', '全国', TRUE),
(600000420175, '旺铺套餐合约239档位回馈', '集团业务', '企业套餐', 179.0, 239.0, TRUE, '活动期间，承诺套餐月租消费不低于239元，可继续享受旺铺套餐合约活动中已选业务优惠，上限不超过60元/月，同时享受套餐费优惠60元/月。合约期24个月', '企业用户', '套餐优惠', '24个月', '全国', TRUE),
(600000420176, '承诺消费80元享80G辽宁流量', '流量包', '区域流量包', 80.0, 80.0, TRUE, '参与活动后，每月承诺消费80元，可享80GB辽宁地区通用流量（不支持结转及共享，需在主套餐内流量用尽后使用）。活动办理立即/次月生效，合约期24个月', '辽宁用户', '80GB', '24个月', '辽宁', TRUE),
(600000420177, '优惠购机金币399元全家享免预存购机直降1400元', '硬件', '终端购机', 399.0, 399.0, TRUE, '活动提供的140000个5G金币已兑换1400元购机优惠券并使用。活动前6个月（不含办理当月）手机号码需在参与活动终端的指定卡槽使用，且每月至少产生500MB国内上网流量', '新用户', '购机优惠', '24个月', '全国', TRUE),
(600000420178, '智能组网WiFi6营销活动自提版', '家庭宽带', '智能组网', 144.0, 144.0, TRUE, '合约期12个月，订购首月一次性收取139元，同时每月收取5元的月功能费，可享智能组网WiFi6路由器一台、合约期内以换代修延伸服务、护苗防诈服务以及网络管家服务', '家庭用户', 'WIFI6设备', '12个月', '全国', TRUE),
(600000420179, '2024秋季开学营销享50GB校园分区流量24个月活动', '流量包', '校园流量包', 0.0, 0.0, TRUE, '不收取费用，每月可享50GB指定校园分区流量（不支持结转及共享），仅在指定校园分区范围可受流量优惠。活动办理立即生效，合约期24个月', '校园用户', '50GB', '24个月', '校园区域', TRUE),
(600000420180, '339元档位购泛终端直降1000元预存500元接续', '硬件', '终端购机', 279.0, 339.0, TRUE, '参与活动后，从活动生效当月起连续36个月每月可享受60元套餐优惠及370GB辽宁地区通用流量，活动办理立即生效，合约期36个月', '高流量用户', '370GB', '36个月', '辽宁', TRUE),
(600000420181, '优惠购机和包239元全家享月优惠70元12个月', '个人套餐', '优惠套餐', 169.0, 239.0, TRUE, '从次月起连续12个月，每月享话费直降70元优惠，并充值和包红包70元，其中前6个月（不含办理当月）手机号码需在参与活动终端的指定卡槽使用', '新用户', '话费优惠', '12个月', '全国', TRUE),
(600000420182, '血压宝240元话费版', '硬件', '健康设备', 240.0, 240.0, TRUE, '活动立即生效，合约期24个月，订购首月一次性收取240元，享血压计1台、健康数据管理服务、3元爱家健康云服务', '老年用户', '健康设备', '24个月', '全国', TRUE),
(600000420183, '全家享合约159档位2024版接续', '个人套餐', '全家享套餐', 159.0, 159.0, TRUE, '活动生效当月起，可享受已选应用优惠，上限不超过50元/月。合约期24个月，活动到期后，如双方无异议将按原优惠自动接续，每次接续24个月', '家庭用户', '应用优惠', '24个月', '全国', TRUE),
(600000420184, '优惠购机新入网159元档位套餐购机直降2000元2000元云存24个月', '硬件', '终端购机', 159.0, 159.0, TRUE, '活动一次性收取2000元，每月承诺最低消费159元。活动办理当月包含2000GB移动云盘定向流量月包，仅当月有效', '高流量用户', '购机+云存储', '24个月', '全国', TRUE),
(600000420185, '优惠购机套餐优惠179元档位199减20', '个人套餐', '优惠套餐', 179.0, 199.0, TRUE, '参与活动后，从活动生效次月起连续35个月每月可享受20元套餐优惠，同时每月叠加回馈60GB辽宁地区通用流量，100分钟国内主叫通话时长', '中流量用户', '60GB+100分钟', '36个月', '辽宁', TRUE),
(600000420186, '吉祥号码预存1200元', '个人套餐', '话费优惠', 0.0, 0.0, TRUE, '预存1200元话费，用于抵扣吉祥号码相关费用', '高端用户', '话费预存', '长期', '全国', TRUE),
(600000420187, '339元档位购泛终端直降1000元预存1000元', '硬件', '终端购机', 279.0, 339.0, TRUE, '活动提供的100000个5G金币已兑换1000元购机优惠券并使用，预存的1000元话费，自办理当月起连续25个月每月存入40元', '高流量用户', '购机+话费', '25个月', '全国', TRUE),
(600000420188, '福气畅聊包10元', '语音包', '老年语音包', 10.0, 10.0, TRUE, '10元/月，订购立即生效，合约期12个月，含500分钟省内主叫省内移动通话时长，仅限60周岁及以上的客户办理', '老年用户', '500分钟', '12个月', '省内', TRUE),
(600000420189, '移动爱家教育伴学福袋标准版740档', '数字化权益', '教育权益包', 740.0, 740.0, TRUE, '一次性支付740元，办理当月享60小时GPU娱乐型云电脑服务；合约期24个月，可享受健康养老服务、视频免流包、视频会员等服务', '家庭用户', '教育权益', '24个月', '全国', TRUE),
(600000420190, '49元优惠活动非转套餐', '个人套餐', '优惠套餐', 49.0, 129.0, TRUE, '49元/月即可享受原价129元的129档位全家享套餐优惠，活动有效期24个月，到期自动接续，延续成功后本活动延续24个月', '家庭用户', '套餐优惠', '24个月', '全国', TRUE),
(600000420191, '129元优惠活动转套餐', '个人套餐', '优惠套餐', 129.0, 299.0, TRUE, '129元/月即可享受原价299元的299档位全家享套餐优惠，活动有效期24个月，到期自动接续，延续成功后本活动延续24个月', '高流量用户', '套餐优惠', '24个月', '全国', TRUE),
(600000420192, '59元套餐叠加包', '个人套餐', '套餐叠加', 59.0, 79.0, TRUE, '办理全家享79元套餐，实收59元/月，合约期24个月，本月起，连续24个月每月加赠30G国内通用流量，30G本地流量，300分钟通话', '中流量用户', '60GB+300分钟', '24个月', '全国+本地', TRUE),
(600000420193, '一高中接续活动', '个人套餐', '校园专属套餐', 19.0, 79.0, TRUE, '从本月起连36个月，每月赠送25G全国流量，200G本地流量，可享以19元/月的优惠价格订购全家享79元套餐', '校园用户', '225GB', '36个月', '全国+本地', TRUE),
(600000420194, '2022年葫芦岛市公安局8元自由选话费优惠活动', '个人套餐', '集团优惠套餐', 8.0, 8.0, TRUE, '参与的“2022年葫芦岛市公安局优惠8元自由选套餐费活动”立即生效，合约期12个月', '集团用户', '套餐优惠', '12个月', '葫芦岛', TRUE),
(600000420195, '39元优惠活动非转套餐', '个人套餐', '优惠套餐', 39.0, 99.0, TRUE, '39元/月即可享受原价99元的99档位全家享套餐优惠，活动有效期24个月，到期自动接续，延续成功后本活动延续24个月', '家庭用户', '套餐优惠', '24个月', '全国', TRUE),
(600000420196, '辽核5G金币299元活动', '硬件', '终端购机', 299.0, 299.0, TRUE, '使用5G金币参与购机活动，享受终端优惠', '集团用户', '购机优惠', '长期', '辽宁', TRUE),
(600000420197, '核电流量活动四', '流量包', '区域流量包', 0.0, 0.0, TRUE, '参与活动后核电流量活动四活动业务立即生效，每月赠送200G本地流量。立即生效，活动期24个月，到期自动取消', '集团用户', '200GB', '24个月', '本地', TRUE),
(600000420198, '29元优惠活动非转套餐', '个人套餐', '优惠套餐', 29.0, 79.0, TRUE, '29元/月即可享受原价79元的79档位全家享套餐优惠，活动有效期24个月，到期自动接续，延续成功后本活动延续24个月', '低流量用户', '套餐优惠', '24个月', '全国', TRUE),
(600000420199, '39元海飞活动', '个人套餐', '区域专属套餐', 39.0, 79.0, TRUE, '办理79元全家享套餐，每月可享40元套餐费减免优惠。每月除可享用79元全家享套餐套内15G全国流量及300分钟国内通话外，还可额外享受35G全国流量、200G本地流量及100分钟国内通话', '区域用户', '250GB+400分钟', '36个月', '全国+本地', TRUE),
(600000420200, '葫芦岛受灾区域专属100GB流量关怀活动12个月', '流量包', '区域流量包', 10.0, 10.0, TRUE, '本月起连续12个月，每月可享100GB葫芦岛本地区域流量，葫芦岛区域内可用，流量不支持共享与结转，且办理之后套餐内及所有流量均不支持结转', '葫芦岛用户', '100GB', '12个月', '葫芦岛', TRUE),
(600000420201, '双台子区域随心聊5元优惠购', '语音包', '区域语音包', 5.0, 20.0, TRUE, '以5元/月的优惠价格办理原价20元/月的随心聊业务，立即生效，每月可享受5000分钟在双台子区内主叫国内移动客户通话时长', '区域用户', '5000分钟', '长期', '双台子区', TRUE),
(600000420202, '办理30元流量包额外赠送10G流量和1000分钟国内通话', '流量包', '流量语音包', 30.0, 30.0, TRUE, '办理30元流量包额外赠送10G流量和1000分钟国内通话', '中流量用户', '10GB+1000分钟', '长期', '全国', TRUE),
(600000420203, '2023盘锦高校套餐1元云盘', '数字化权益', '云存储服务', 1.0, 1.0, TRUE, '云盘每月1元，立即生效生效，活动有效期48个月，到期自动取消', '校园用户', '云存储', '48个月', '全国', TRUE),
(600000420204, '15元10G国内流量', '流量包', '通用流量包', 15.0, 15.0, TRUE, '15元/月，包含10G国内(不含港澳台)流量，活动期24个月，不支持结转与共享', '低流量用户', '10GB', '24个月', '全国', TRUE),
(600000420205, '2023年28元资费29套餐和10元随心聊', '个人套餐', '组合套餐', 28.0, 40.0, TRUE, '办理29元及以上套餐且办理10元随心聊优惠购活动后方可参与此活动，活动包含套餐费优惠11元，13G国内通用流量，600分钟国内语音通话，30G县（区）域流量', '中流量用户', '13GB+600分钟+30GB', '12个月', '全国+县域', TRUE),
(600000420206, '健康守护关爱活动智能音箱趸交话费版', '硬件', '健康设备', 600.0, 600.0, TRUE, '一次性收取600元，合约期24个月，可享健康视频咨询服务、健康数据管理服务（含智能音箱1台）', '家庭用户', '健康设备', '24个月', '全国', TRUE),
(600000420207, '全家享99元合约优惠69元接续', '个人套餐', '全家享套餐', 30.0, 99.0, TRUE, '参与活动后，从活动生效次月起每月可存入69元月租费，合约期24个月。活动到期后，如双方无异议将按与原活动相同的套餐优惠自动续延', '家庭用户', '套餐优惠', '24个月', '全国', TRUE),
(600000420208, '5G智享套餐298档7折12个月', '个人套餐', '5G套餐', 208.6, 298.0, TRUE, '活动生效当月起，每月可享套餐费7折优惠，优惠后208.6元/月，合约期12个月', '高流量用户', '套餐优惠', '12个月', '全国', TRUE),
(600000420209, '黄金会员升级优惠活动', '数字化权益', '会员服务', 0.0, 0.0, TRUE, '0元/月，办理立即生效，可享每月众多权益超市黄金会员升级权益（具体权益以领取页面为准），合约期12个月', '所有用户', '会员权益', '12个月', '全国', TRUE),
(600000420210, '30元爱家光网千兆提速包月优惠活动', '家庭宽带', '宽带提速', 30.0, 30.0, TRUE, '每月30元,包含FTTR和千兆提速，合约期36个月。合约到期后,千兆提速每月5元,FTTR不再收费', '家庭用户', '千兆宽带', '36个月', '全国', TRUE),
(600000420211, '2023年抚顺市政府行业及重要异网集团239元全家享购机直降5500元36个月免预存', '硬件', '终端购机', 239.0, 239.0, TRUE, '参与活动后2023年抚顺市政府行业及重要异网集团239元全家享购机直降5500元（36个月）免预存立即生效，239元/月；到期自动取消', '集团用户', '购机优惠', '36个月', '抚顺', TRUE),
(600000420212, '集团成员30G流量包', '流量包', '集团流量包', 0.0, 0.0, TRUE, '集团成员专享30G流量包', '集团用户', '30GB', '长期', '全国', TRUE),
(600000420213, '5G全家享套餐159元新入网享3折优惠活动', '个人套餐', '新入网优惠', 47.7, 159.0, TRUE, '业务办理立即生效，套餐费用47.7元/月，合约期12个月，到期后活动自动失效，套餐恢复至159元/月', '新用户', '套餐优惠', '12个月', '全国', TRUE),
(600000420214, '5G全家享套餐79元新入网享3折优惠活动', '个人套餐', '新入网优惠', 23.7, 79.0, TRUE, '业务办理立即生效，套餐费用23.7元/月，合约期12个月，到期后活动自动失效，套餐恢复至79元/月', '新用户', '套餐优惠', '12个月', '全国', TRUE),
(600000420215, '2023年抚顺供电公司129元套餐返还70元话费', '个人套餐', '集团优惠套餐', 59.0, 129.0, TRUE, '办理129元全家享套餐每月返还70元，59元/月。业务优惠期间，需保持在网络下使用', '集团用户', '话费返还', '长期', '抚顺', TRUE),
(600000420216, '2023年抚顺武警纪委及发改委199元套餐档位购机直降2390元24个月免预存', '硬件', '终端购机', 199.0, 199.0, TRUE, '2023年抚顺武警纪委及发改委199元套餐档位购机直降2390元（24个月）免预存,每月最低消费199元，立即生效/次月生效，活动有效期24个月', '集团用户', '购机优惠', '24个月', '抚顺', TRUE),
(600000420217, '2024年集团客户29返20活动', '个人套餐', '集团优惠套餐', 9.0, 29.0, TRUE, '参与活动后赠送20元话费/月，赠送3G国内流量、200G本地流量。到期自动取消，不支持结转与共享', '集团用户', '3GB+200GB', '长期', '全国+本地', TRUE),
(600000420218, '抚顺1元100GB流量特惠活动', '流量包', '区域流量包', 1.0, 1.0, TRUE, '活动期内，每月收取1元，享受100GB辽宁通用套外流量，包含流量需在套餐内流量用尽后使用，以上资源不含港澳台，不可结转，不支持多终端共享', '抚顺用户', '100GB', '24个月', '辽宁', TRUE),
(600000420219, '2024年国家税务总局抚顺市税务局29元飞享返10元活动', '个人套餐', '集团优惠套餐', 19.0, 29.0, TRUE, '2024年国家税务总局抚顺市税务局29元飞享返10元活动，实际19元/月', '集团用户', '套餐优惠', '长期', '抚顺', TRUE)
  ON CONFLICT DO NOTHING;

-- 新增170个产品记录（第51-100个）
INSERT INTO products (id, name, category, sub_category, price, original_price, discount_supported, description, target_user_type, package_size, valid_period, applicable_scope, is_active) VALUES
(600000420220, '5G全家享套餐159元新入网享6折优惠活动', '个人套餐', '新入网优惠', 95.4, 159.0, TRUE, '业务办理立即生效，套餐费用95.4元/月，合约期12个月，到期后活动自动失效，套餐恢复至159元/月', '新用户', '套餐优惠', '12个月', '全国', TRUE),
(600000420221, '抚顺公司亲情网加优惠购活动', '个人套餐', '亲情网优惠', 0.0, 10.0, TRUE, '立即生效，每月减免10元亲情网+功能费，活动有效期24个月。同时本活动享受权益接续服务，活动到期后，双方无异议我们将继续为您提供原活动相同的优惠服务', '抚顺用户', '亲情网优惠', '24个月', '抚顺', TRUE),
(600000420222, '存130送130', '个人套餐', '话费优惠', 130.0, 130.0, TRUE, '预存130元话费，赠送130元话费', '所有用户', '话费优惠', '长期', '全国', TRUE),
(600000420223, '旺铺套餐合约159档位接续', '集团业务', '企业套餐', 159.0, 159.0, TRUE, '活动期间，承诺每月套餐费消费不低于159元，可继续享受旺铺套餐合约活动中已选业务优惠，上限不超过50元/月。合约期24个月', '企业用户', '套餐优惠', '24个月', '全国', TRUE),
(600000420224, '福气流量包升级版优享10元', '流量包', '老年流量包', 10.0, 10.0, TRUE, '10元/月，包含10G国内（不含港澳台）流量，超出后0.29元/M（达5元可使用至1G，达15元可享3元用至1G）、15G定向流量，流量不支持结转及共享。优惠期12个月', '老年用户', '25GB', '12个月', '全国+定向', TRUE),
(600000420225, '旺铺套餐合约99档位接续', '集团业务', '企业套餐', 99.0, 99.0, TRUE, '活动期间，承诺套餐月租消费不低于99元，可继续享受旺铺套餐合约活动中已选业务优惠，上限不超过30元/月。合约期24个月', '企业用户', '套餐优惠', '24个月', '全国', TRUE),
(600000420226, '50元80GB流量畅用包', '流量包', '区域流量包', 50.0, 50.0, TRUE, '优惠期间，50元/月，每月可享80GB辽宁通用流量，不支持结转及共享。活动办理立即/次月生效，有效期12个月', '辽宁用户', '80GB', '12个月', '辽宁', TRUE),
(600000420227, '5G智享套餐128档8折6个月', '个人套餐', '5G套餐', 102.4, 128.0, TRUE, '活动有效期6个月，活动生效期间享套餐费8折优惠。活动期内需保持在网络下，如需办理停机保号、申请预销号、销户、清退预存款等需先进行终止活动', '中流量用户', '套餐优惠', '6个月', '全国', TRUE),
(600000420228, '权益副卡赠10元话费券活动', '数字化权益', '话费优惠', 0.0, 0.0, TRUE, '0元/月，办理立即生效，合约期1个月，可享10元话费充值优惠，到期后优惠自动失效', '副卡用户', '话费券', '1个月', '全国', TRUE),
(600000420229, '优惠购机269元档位购机直降1000元预存1000元', '硬件', '终端购机', 239.0, 269.0, TRUE, '活动提供的100000个5G金币已兑换1000元购机优惠券并使用，预存的1000元话费，自办理当月起连续25个月每月存入40元', '新用户', '购机+话费', '25个月', '全国', TRUE),
(600000420230, '大连金惠购机新入网239档位预存6400元直降4300元36个月', '硬件', '终端购机', 239.0, 239.0, TRUE, '活动提供的430000个5G金币已兑换4300元购机优惠券使用，预存的6400元话费，首月一次性返款6400元', '大连用户', '购机+话费', '36个月', '大连', TRUE),
(600000420231, '关爱C优惠多终端共享功能费12个月', '数字化权益', '共享服务', 0.0, 10.0, TRUE, '活动生效期间，每月可享优惠10元流量多终端共享功能费用，活动有效期12个月，到期自动取消', '家庭用户', '共享优惠', '12个月', '全国', TRUE),
(600000420232, '关爱B优惠5G套外流量12个月', '流量包', '通用流量包', 0.0, 0.0, TRUE, '本月起可享每月5GB国内（不含港澳台）流量，流量需在套餐内流量用完后使用，不支持结转及多终端共享，活动有效期12个月', '所有用户', '5GB', '12个月', '全国', TRUE),
(600000420233, '全家享优惠购plus版升级399减60', '个人套餐', '全家享套餐', 339.0, 399.0, TRUE, '参与活动后，从活动生效次月起连续35个月每月可享受60元套餐优惠，同时每月叠加回馈370GB辽宁地区通用流量及400分钟国内主叫通话时长', '高流量用户', '370GB+400分钟', '36个月', '辽宁', TRUE),
(600000420234, '5G旺铺套餐50元优惠活动', '集团业务', '企业套餐', 109.0, 159.0, TRUE, '活动期内办理5G全店享159元套餐，即可享受更多业务（含移动高清和智能硬件）50元优惠。有效期24个月', '企业用户', '套餐优惠', '24个月', '全国', TRUE),
(600000420235, '乡友专属0.68元话费福利', '数字化权益', '话费优惠', 0.0, 0.0, TRUE, '话费一次性充值到账，不支持开具发票。活动终止立即失效', '区域用户', '话费券', '一次性', '全国', TRUE),
(600000420236, '全家享合约599档位接续', '个人套餐', '全家享套餐', 419.0, 599.0, TRUE, '活动期间，承诺每月套餐费消费不低于599元，可继续享受全家享合约活动中已选业务优惠，上限不超过180元/月。合约期24个月', '高端用户', '套餐优惠', '24个月', '全国', TRUE),
(600000420237, '任我选生活小包活动', '数字化权益', '生活权益包', 5.0, 5.0, TRUE, '5元/月，每月可领取本地(商场、超市消费券等)生活类权益任选其一；同时还可领取主流视频APP融合定向流量或小时流量2选1', '所有用户', '生活权益', '12个月', '全国', TRUE),
(600000420238, '校园权益副卡升级版36个月', '数字化权益', '校园权益包', 10.0, 10.0, TRUE, '10元/月，可获得校园黄金会员升级版身份，享受折扣价消费优惠和权益超市黄金会员服务及每月20元生活消费券权益', '校园用户', '会员权益', '36个月', '全国', TRUE),
(600000420239, '健康守护关爱活动音箱499话费版', '硬件', '健康设备', 499.0, 499.0, TRUE, '一次性收取499元，可享每月1次健康视频咨询服务、健康数据管理服务（含智能音箱1台）。合约期36个月', '家庭用户', '健康设备', '36个月', '全国', TRUE),
(600000420240, '新入网129元档位购泛终端直降1300元预存1300元', '硬件', '终端购机', 129.0, 129.0, TRUE, '活动提供的130000个5G金币已兑换1300元购机优惠券并使用，预存的1300元话费，首月存入40元，次月起连续35个月每月存入36元', '新用户', '购机+话费', '36个月', '全国', TRUE),
(600000420241, '移动爱家居家办公福袋标准版240档', '数字化权益', '办公权益包', 240.0, 240.0, TRUE, '一次性支付240元，办理当月享25小时GPU娱乐型云电脑服务；合约期24个月，可享受健康养老服务、视频免流包、视频会员等服务', '家庭用户', '办公权益', '24个月', '全国', TRUE),
(600000420242, '2023年秋季迎新专属套餐费优惠20元12个月活动', '个人套餐', '校园优惠', 0.0, 20.0, TRUE, '活动期内，不收取费用，可享每月套餐费优惠20元，优惠期12个月。活动办理立即生效，到期套餐费优惠自动失效', '校园用户', '套餐优惠', '12个月', '全国', TRUE),
(600000420243, '优惠购机金币59元飞享免预存购机直降400元24个月', '硬件', '终端购机', 59.0, 59.0, TRUE, '活动提供的40000个5G金币已兑换400元购机优惠券并使用。活动合约期内不能降档，且设置与套餐档位一致的最低消费额度', '新用户', '购机优惠', '24个月', '全国', TRUE),
(600000420244, '移动优选PLUS会员10元优选月包存量机', '数字化权益', '会员服务', 10.0, 10.0, TRUE, '合约期12个月，费用按月收取为10元/月，可通过“移动优选会员”小程序-会员专区领取以旧换新旧机加价券、守机宝碎屏险、贴膜优惠券、手机软件免费服务券', '存量用户', '会员权益', '12个月', '全国', TRUE),
(600000420245, '5G智享套餐198档8折12个月', '个人套餐', '5G套餐', 158.4, 198.0, TRUE, '活动生效当月起，每月可享套餐费8折优惠，优惠后158.4元/月，合约期12个月', '高流量用户', '套餐优惠', '12个月', '全国', TRUE),
(600000420246, '全家享优惠购升级299减30', '个人套餐', '全家享套餐', 269.0, 299.0, TRUE, '参与活动后，从活动生效次月起连续35个月每月可享受30元套餐优惠，同时每月叠加回馈180GB辽宁地区通用流量及300分钟国内主叫通话时长', '家庭用户', '180GB+300分钟', '36个月', '辽宁', TRUE),
(600000420247, '全家享合约159档位接续', '个人套餐', '全家享套餐', 109.0, 159.0, TRUE, '活动期间，承诺每月套餐费消费不低于159元，可继续享受全家享合约活动中已选业务优惠，上限不超过50元/月。合约期24个月', '家庭用户', '套餐优惠', '24个月', '全国', TRUE),
(600000420248, '全家享合约219档位回馈', '个人套餐', '全家享套餐', 159.0, 219.0, TRUE, '活动期间，承诺套餐月租消费不低于219元，可继续享受全家享合约活动中已选业务优惠，上限不超过60元/月，同时享受套餐费优惠20元/月。合约期24个月', '家庭用户', '套餐优惠', '24个月', '全国', TRUE),
(600000420249, '网盘随心享体验包', '数字化权益', '云存储服务', 0.01, 16.9, TRUE, '首月享受优惠价0.01元，次月起恢复原价16.9元/月，合约期2个月，每月可享受网盘VIP会员月卡权益和5GB定向流量', '新用户', '5GB', '2个月', '定向APP', TRUE),
(600000420250, '承诺消费198元档位活动', '个人套餐', '承诺消费套餐', 198.0, 198.0, TRUE, '每月承诺消费198元，即可享受500分钟国内主叫通话时长、1000分钟国内拨打国内移动号码通话时长、20G国内流量，活动有效期至合约结束', '高流量用户', '20GB+1500分钟', '长期', '全国', TRUE),
(600000420251, '全家享129元合约优惠80元接续', '个人套餐', '全家享套餐', 49.0, 129.0, TRUE, '参与活动后，从活动生效次月起每月可存入80元月租费，合约期24个月。活动到期后，如双方无异议将按与原活动相同的套餐优惠自动续延', '家庭用户', '套餐优惠', '24个月', '全国', TRUE),
(600000420252, '优惠购机金币199元全家享预存1100元', '硬件', '终端购机', 0.0, 0.0, TRUE, '活动提供的220000个5G金币已兑换2200元购机优惠券并使用，预存的1100元话费，首月存入50元，次月起连续35个月每月存入30元', '新用户', '购机+话费', '36个月', '全国', TRUE),
(600000420253, '爱家美食烹饪福袋优惠版1200档', '数字化权益', '综合权益包', 1200.0, 1200.0, TRUE, '一次性支付1200元，办理当月享100小时GPU娱乐型云电脑服务；合约期24个月，可享受健康养老服务、视频免流包、视频会员等服务', '家庭用户', '综合权益', '24个月', '全国', TRUE),
(600000420254, '全家享79元合约优惠55元接续B', '个人套餐', '全家享套餐', 24.0, 79.0, TRUE, '参与活动后，从活动生效当月起每月可享受存入55元话费优惠，合约期24个月。活动到期后，如双方无异议按原活动政策续延原活动月租优惠', '家庭用户', '套餐优惠', '24个月', '全国', TRUE),
(600000420255, '优惠购机套餐优惠29元档位59减30', '个人套餐', '优惠套餐', 29.0, 59.0, TRUE, '参与活动后，从活动生效次月起连续35个月每月可享受30元套餐优惠，活动办理立即生效，合约期36个月，每月承诺最低消费29元', '低流量用户', '套餐优惠', '36个月', '全国', TRUE),
(600000420256, '优惠购机套餐优惠299元档位399减100接续', '个人套餐', '优惠套餐', 299.0, 399.0, TRUE, '参与活动后，从活动生效当月起连续36个月每月可享受100元套餐优惠，同时每月叠加回馈230GB辽宁地区通用流量，100分钟国内主叫通话时长', '高流量用户', '230GB+100分钟', '36个月', '辽宁', TRUE),
(600000420257, '华为专属权益套餐Pro版599元', '个人套餐', '高端权益套餐', 599.0, 599.0, TRUE, '每月自动获得25张权益券，可兑换生活权益、通信权益、视频会员或音频会员，每月还享小云助理尊享版服务，包含AI助理、家人防骚扰等功能', '高端用户', '综合权益', '24个月', '全国', TRUE),
(600000420258, '优惠购机主推机型159元全家享预存300元', '硬件', '终端购机', 0.0, 0.0, TRUE, '活动提供的55000个5G金币已兑换550元购机优惠券并使用，预存的300元话费，首月存入25元，次月起连续11个月每月存入25元', '新用户', '购机+话费', '12个月', '全国', TRUE),
(600000420259, '优惠购机59元档位购机直降600元接续', '个人套餐', '优惠套餐', 59.0, 79.0, TRUE, '参与活动后，从活动生效当月起连续36个月每月可享受20元套餐优惠及10GB辽宁地区通用流量，活动办理立即生效，合约期36个月', '中流量用户', '10GB', '36个月', '辽宁', TRUE),
(600000420260, '拥J优惠叠加包20G流量版', '流量包', '通用流量包', 0.0, 0.0, TRUE, '本月起连续24个月，每月可享受20GB国内通用流量、20G定向流量、100分钟国内通话，活动期24个月，到期自动取消', '中流量用户', '40GB+100分钟', '24个月', '全国+定向', TRUE),
(600000420261, '全家享优惠购升级99减20接续', '个人套餐', '全家享套餐', 79.0, 99.0, TRUE, '活动办理立即生效，从活动生效当月起每月可享受20元套餐优惠，合约期36个月。活动到期后，如双方无异议将按与原活动相同的套餐优惠自动接续', '家庭用户', '套餐优惠', '36个月', '全国', TRUE),
(600000420262, '移动爱家美食烹饪福袋优惠版1000档', '数字化权益', '综合权益包', 1000.0, 1000.0, TRUE, '一次性支付1000元，办理当月享85小时GPU娱乐型云电脑服务；合约期24个月，可享受健康养老服务、视频免流包、视频会员等服务', '家庭用户', '综合权益', '24个月', '全国', TRUE),
(600000420263, '全家享铂金会员优惠5元活动', '数字化权益', '会员服务', 0.0, 5.0, TRUE, '0元/月，办理立即生效，合约期3个月，每月享全家享铂金融合会员优惠5元费用，到期后优惠自动失效', '家庭用户', '会员优惠', '3个月', '全国', TRUE),
(600000420264, '移动优选PLUS会员199元优选年包', '数字化权益', '会员服务', 199.0, 199.0, TRUE, '有效期12个月。活动一次性收取199元，可通过小程序领取以旧换新旧机加价券、新机优惠券、碎屏险服务、贴膜优惠券、手机软件免费服务券', '新用户', '会员权益', '12个月', '全国', TRUE),
(600000420265, '信用卡轻合约299元新机礼包', '硬件', '终端购机', 299.0, 299.0, TRUE, '活动于生效日生效，办理299元价值的新机礼包，承诺在网6个月。合约期内每月可享2G国内流量，并可获得7000元额度的免息分期贷款', '新用户', '2GB', '6个月', '全国', TRUE),
(600000420266, '旺铺套餐合约259档位回馈', '集团业务', '企业套餐', 219.0, 259.0, TRUE, '活动期间，承诺套餐月租消费不低于259元，可继续享受旺铺套餐合约活动中已选业务优惠，上限不超过70元/月，同时享受套餐费优惠40元/月', '企业用户', '套餐优惠', '24个月', '全国', TRUE),
(600000420267, '动感地带5G通行证2020版30元', '个人套餐', '5G套餐', 30.0, 30.0, TRUE, '含10GB国内通用流量和热门APP、游戏专属免流；享5G优享速率，享VR畅享包、视频彩铃、云盘白银会员；赠送权益超市新星会员', '年轻用户', '10GB', '长期', '全国', TRUE),
(600000420268, '30元流量畅玩包12月', '流量包', '通用流量包', 30.0, 30.0, TRUE, '每月可享40GB辽宁通用流量及80GB抖音快手定向流量，不支持共享。优惠期12个月，到期自动失效', '高流量用户', '120GB', '12个月', '辽宁+定向', TRUE),
(600000420269, '移动高清千兆优惠活动20元月', '家庭宽带', '宽带提速', 20.0, 20.0, TRUE, '合约期24个月，活动订购立即生效，可享宽带提速至1000M服务、高清基础+影视VIP服务+语音遥控器及语音功能', '家庭用户', '千兆宽带', '24个月', '全国', TRUE),
(600000420270, '校园秋季迎新专属0元10G国内通用流量包', '流量包', '校园流量包', 0.0, 0.0, TRUE, '活动合约期48个月，可享10GB国内通用流量权益，无功能费，流量不支持结转，支持副卡共享，到期活动及流量权益自动失效', '校园用户', '10GB', '48个月', '全国', TRUE),
(600000420271, '智能组网WIFI6全家享', '家庭宽带', '智能组网', 15.0, 15.0, TRUE, '合约期24个月，享每月一次WIFI调测服务、一台WIFI6路由器以及合约期内以换代修服务。到期后，按照5元/月价格收取', '家庭用户', 'WIFI6设备', '24个月', '全国', TRUE),
(600000420272, '全家享优惠购升级159减40', '个人套餐', '全家享套餐', 119.0, 159.0, TRUE, '活动办理立即生效，从活动生效次月起每月可享受40元套餐优惠，合约期36个月。36个月内终止活动收取违约金40元', '家庭用户', '套餐优惠', '36个月', '全国', TRUE),
(600000420273, '大连爱家硬件合约活动79档位', '家庭宽带', '硬件合约', 79.0, 79.0, TRUE, '合约期36个月。合约期内承诺使用79元5G全家享套餐并满足套餐低消不低于79元，每月可享受25元应用产品优惠。合约期内返还399元', '家庭用户', '硬件+优惠', '36个月', '大连', TRUE),
(600000420274, '全家享新春版129元档活动', '个人套餐', '节日权益包', 129.0, 129.0, TRUE, '预存300元，仅支持限全家享129元档位套餐客户办理，有效期12个月。可领取6张满100-50元超市满减券及100元餐饮券或出行券', '家庭用户', '节日权益', '12个月', '全国', TRUE),
(600000420275, '2024秋季开学营销享50GB校园分区流量', '流量包', '校园流量包', 0.0, 0.0, TRUE, '每月包含50GB校园分区流量（不支持结转及共享）。合约期48个月，活动办理立即生效，到期自动取消', '校园用户', '50GB', '48个月', '校园区域', TRUE),
(600000420276, 'IoT商城25元活动服务包B', '数字化权益', '物联网服务', 25.0, 25.0, TRUE, '活动生效后可凭借办理手机号登陆物联网商城兑换相应产品，费用为25元/月，到期自动取消。若同时参加全家享优惠活动可进行相应减免', '物联网用户', 'IoT服务', '长期', '全国', TRUE),
(600000420277, '40元流量乐玩包接续', '流量包', '通用流量包', 40.0, 40.0, TRUE, '每月包含80G国内通用流量及50G抖音快手定向流量，流量均不含港澳台，不支持共享及结转，国内通用流量需在套餐内流量用尽后使用', '高流量用户', '130GB', '12个月', '全国+定向', TRUE),
(600000420278, '爱家礼包全家WiFi尊享版1199趸交优惠活动', '家庭宽带', '智能组网', 1199.0, 1199.0, TRUE, '订购首月一次性收取1199元，合约期12个月，可享一年1000M宽带提速服务、全家WiFi尊享版主光猫一台、从光猫一台、分光器一台', '家庭用户', '千兆宽带+设备', '12个月', '全国', TRUE),
(600000420279, '109元档位购泛终端直降800元接续', '硬件', '终端购机', 109.0, 129.0, TRUE, '参与活动后，从活动生效当月起连续36个月每月可享受20元套餐优惠及20GB辽宁地区通用流量，活动办理立即生效，合约期36个月', '新用户', '20GB', '36个月', '辽宁', TRUE),
(600000420280, '移动爱家居家办公福袋优惠版240档', '数字化权益', '办公权益包', 240.0, 240.0, TRUE, '一次性支付240元，办理当月享25小时GPU娱乐型云电脑服务；合约期24个月，可享受健康养老服务、视频免流包、视频会员等服务', '家庭用户', '办公权益', '24个月', '全国', TRUE),
(600000420281, '5GB流量关怀活动6个月', '流量包', '关怀流量包', 0.0, 0.0, TRUE, '每月可享5GB辽宁地区通用流量，不支持结转及共享，需在套餐内流量用尽后使用。活动办理立即生效，有效期6个月，到期自动取消', '低流量用户', '5GB', '6个月', '辽宁', TRUE),
(600000420282, '150元流量包折扣享', '流量包', '通用流量包', 75.0, 150.0, TRUE, '可享以每月75元的优惠价格使用标准价150元的流量包，包含50GB国内通用流量，需在套餐内流量用完后使用，活动期24个月', '高流量用户', '50GB', '24个月', '全国', TRUE),
(600000420283, '爱家光网与千兆二宽融合月包40元399', '家庭宽带', '宽带融合', 40.0, 40.0, TRUE, '且订购首月一次性收取399元的爱家光网方案设计服务费，合约期36个月。首月返还话费14元，第2-36月每月返还话费11元，连续返还36个月', '家庭用户', '千兆宽带+设备', '36个月', '全国', TRUE),
(600000420284, '手表优惠金币129元全家享预存898元', '硬件', '智能穿戴', 0.0, 0.0, TRUE, '活动提供的89800个5G金币已兑换898元电子消费券并使用，预存的898元话费，首月存入24元，次月起连续23个月每月存入38元', '家庭用户', '智能手表', '24个月', '全国', TRUE),
(600000420285, '升舱3.0升级5G套餐298元优惠30', '个人套餐', '5G套餐', 268.0, 298.0, TRUE, '5G智享套餐（个人版）298元/月，从参与活动次月起连续24个月，每月可享30元优惠，相当于实收套餐费268元/月', '高流量用户', '套餐优惠', '24个月', '全国', TRUE),
(600000420286, '铂金会员优惠5元次月活动', '数字化权益', '会员服务', 0.0, 5.0, TRUE, '0元/月，办理立即生效，合约期4个月，次月起每月享铂金会员优惠5元费用，到期后优惠自动失效', '高端用户', '会员优惠', '4个月', '全国', TRUE),
(600000420287, '辽友会专属11.11元话费券', '数字化权益', '话费优惠', 0.0, 0.0, TRUE, '话费立即到账。活动办理立即生效，有效期24小时，到期自动失效；终止立即失效，无违约金', '所有用户', '话费券', '24小时', '全国', TRUE),
(600000420288, '家用电器福袋10元月包流量应用版', '数字化权益', '智能家居', 10.0, 10.0, TRUE, '活动办理立即生效，办理活动享受云宽带标准版服务1个月，包含护苗宽带、教育加速、电竞加速三种云宽带服务，一次收费150元', '家庭用户', '智能家居', '24个月', '全国', TRUE),
(600000420289, '2024年抚顺校园迎新国内主叫500分钟通话', '语音包', '校园语音包', 0.0, 0.0, TRUE, '本月起连续48个月，每月可享国内主叫500分钟通话时长，以上资源均不含港澳台，立即生效，到期自动失效', '校园用户', '500分钟', '48个月', '全国', TRUE),
(600000420290, '集团成员200分钟语音包', '语音包', '集团语音包', 0.0, 0.0, TRUE, '集团成员专享200分钟国内主叫通话时长，活动办理立即生效，合约期24个月，到期自动失效', '集团用户', '200分钟', '24个月', '全国', TRUE),
(600000420291, '2024抚顺高新区19元套餐', '个人套餐', '区域专属套餐', 9.0, 19.0, TRUE, '参与活动后2024抚顺高新区19元套餐立即生效；每月减免话费10元，并赠送50G省内流量、100G本地流量，活动立即生效，合约期24个月', '区域用户', '150GB', '24个月', '抚顺', TRUE),
(600000420292, '集团客户全家享套餐专属优惠活动优惠10元', '个人套餐', '集团优惠套餐', 0.0, 0.0, TRUE, '不收取费用，办理立即生效，合约期25个月。活动办理次月起每月充值10元，连续充值24个月，活动到期自动失效', '集团用户', '话费返还', '25个月', '全国', TRUE),
(600000420293, '2023年抚顺集团客户价值保有规模提升活动79元全家享返30', '个人套餐', '集团优惠套餐', 49.0, 79.0, TRUE, '实际49元/月。活动开始时间，活动结束时间', '集团用户', '套餐优惠', '长期', '抚顺', TRUE),
(600000420294, '2023年抚顺石化集团及附属公司赠送300分钟国内语音通话', '语音包', '集团语音包', 0.0, 0.0, TRUE, '每月赠送300分钟主叫时长，业务优惠期间，需保持在网络下使用，如需办理停机保号、申请预销户、销户业务，可联系客户经理', '集团用户', '300分钟', '长期', '全国', TRUE),
(600000420295, '2023年抚顺集团客户价值保有规模提升活动网内300分钟', '语音包', '集团语音包', 0.0, 0.0, TRUE, '每月赠送300分钟，活动开始时间，活动结束时间', '集团用户', '300分钟', '长期', '抚顺', TRUE),
(600000420296, '2024年集团客户39套餐减免及语音包', '个人套餐', '集团优惠套餐', 0.0, 39.0, TRUE, '2024年集团客户39套餐减免及语音包立即生效，0元/月；办理后立即生效，办理后每月返还40元话费，赠送700分钟语音', '集团用户', '700分钟', '长期', '全国', TRUE),
(600000420297, '129元全家享优惠38元', '个人套餐', '全家享套餐', 91.0, 129.0, TRUE, '合约期12个月，办理立即生效，从活动生效当月起连续12个月，可享5G全家享套餐129元套餐每月优惠38元', '家庭用户', '套餐优惠', '12个月', '全国', TRUE),
(600000420298, '营口新入网享套餐3折优惠活动', '个人套餐', '新入网优惠', 0.0, 0.0, TRUE, '活动办理后立即生效，每月可享基础套餐费3折优惠（以减免方式实现，不支持打印发票）。活动生效期间基础套餐不支持降档', '新用户', '套餐优惠', '12个月', '营口', TRUE),
(600000420299, '500分钟国内主叫国内网内通话时长12个月', '语音包', '语音包', 0.0, 0.0, TRUE, '从活动生效月起连续12个月，每月不收取费用，可享受500分钟国内主叫国内网内通话时长，仅限拨打移动电话使用', '中流量用户', '500分钟', '12个月', '网内', TRUE)
  ON CONFLICT DO NOTHING;

-- 新增170个产品记录（第101-150个）
INSERT INTO products (id, name, category, sub_category, price, original_price, discount_supported, description, target_user_type, package_size, valid_period, applicable_scope, is_active) VALUES
(600000420300, '2025年锦鲤尊奢年包金蛇狂舞版', '数字化权益', '节日权益包', 0.0, 0.0, TRUE, '活动办理立即生效，到期自动取消，不支持结转与共享', '高端用户', '节日权益', '长期', '全国', TRUE),
(600000420301, '2024年二季度锦州阳光能源50元员工优惠套餐', '个人套餐', '集团优惠套餐', 50.0, 79.0, TRUE, '办理活动立即生效，可享以50元/月的优惠价格订购飞享79元套餐，活动有效期24个月，到期后活动自动取消', '集团用户', '套餐优惠', '24个月', '锦州', TRUE),
(600000420302, '2024年集团客户1元50G省内流量', '流量包', '集团流量包', 1.0, 1.0, TRUE, '1元购买50G省内流量。到期自动取消，不支持结转与共享', '集团用户', '50GB', '长期', '省内', TRUE),
(600000420303, '2024年抚顺全家享优惠购活动100G', '流量包', '区域流量包', 0.0, 0.0, TRUE, '承诺参与全家享优惠购活动，本月起连续36个月，可享100G辽宁省内流量，流量支持共享，不支持结转', '抚顺用户', '100GB', '36个月', '抚顺', TRUE),
(600000420304, '2023年抚顺石化集团及附属公司99元全家享打7折', '个人套餐', '集团优惠套餐', 69.3, 99.0, TRUE, '办理99元全家享套餐7折购，69.3元/月，业务优惠期间，需保持在网络下使用', '集团用户', '套餐优惠', '长期', '抚顺', TRUE),
(600000420305, '2023年抚顺石化集团及附属公司赠送400分钟国内语音通话', '语音包', '集团语音包', 0.0, 0.0, TRUE, '每月赠送400分钟主叫时长，业务优惠期间，需保持在网络下使用', '集团用户', '400分钟', '长期', '全国', TRUE),
(600000420306, '2023年抚顺集团客户价值保有规模提升活动129元全家享返10', '个人套餐', '集团优惠套餐', 119.0, 129.0, TRUE, '实际119元/月。活动开始时间，活动结束时间', '集团用户', '套餐优惠', '长期', '抚顺', TRUE),
(600000420307, '2023年抚顺供电公司赠30G全国流量活动', '流量包', '集团流量包', 0.0, 0.0, TRUE, '每月赠送30G全国流量，业务优惠期间，需保持在网络下使用', '集团用户', '30GB', '长期', '全国', TRUE),
(600000420308, '营销活动赠送国内主叫国内500分钟语音包', '语音包', '语音包', 0.0, 0.0, TRUE, '国内主叫国内500分钟语音包业务，0元/月，包含500分钟套外/国内/（需在套餐内流量用完后使用）', '中流量用户', '500分钟', '长期', '全国', TRUE),
(600000420309, '2024年抚顺集团客户接续活动送20G省内流量', '流量包', '区域流量包', 0.0, 0.0, TRUE, '参与活动2024年抚顺集团客户接续活动送20G省内流量立即生效/次月生效，0元/月', '抚顺用户', '20GB', '长期', '抚顺', TRUE),
(600000420310, '5G全家享套餐79元新入网享7折优惠活动', '个人套餐', '新入网优惠', 55.3, 79.0, TRUE, '业务办理立即生效，套餐费用55.3元/月，合约期12个月，到期后活动自动失效，套餐恢复至79元/月', '新用户', '套餐优惠', '12个月', '全国', TRUE),
(600000420311, '全家享99元返还70元话费', '个人套餐', '全家享套餐', 99.0, 99.0, TRUE, '参与活动后赠送1680元话费，从参与当月/次月起连续返还24个月，每月返还70元话费', '家庭用户', '话费返还', '24个月', '全国', TRUE),
(600000420312, '套餐八折优惠活动', '个人套餐', '套餐优惠', 0.0, 0.0, TRUE, '活动办理次月生效，合约期12个月，合约期间可享套餐费8折优惠，不支持重复办理，与其它套餐类优惠不支持同时享受', '所有用户', '套餐优惠', '12个月', '全国', TRUE),
(600000420313, '办宽带套餐享优惠30档48个月', '家庭宽带', '宽带优惠', 0.0, 30.0, TRUE, '参与活动后30元套餐费优惠立即生效，0元/月享30元套餐费优惠，有效期48个月，到期自动取消', '宽带用户', '套餐优惠', '48个月', '全国', TRUE),
(600000420314, '68元4G套餐活动中远海运', '个人套餐', '集团优惠套餐', 68.0, 68.0, TRUE, '活动办理次月生效，每月系统充值50.8元，活动有效期24个月，到期活动自动失效，不再进行系统充值', '集团用户', '话费返还', '24个月', '全国', TRUE),
(600000420315, '流量补充包80GB辽宁流量36个月', '流量包', '区域流量包', 0.0, 0.0, TRUE, '合约期内不收取费用，每月可享80GB辽宁通用流量，流量需在辽宁区域内使用，不支持共享和结转', '辽宁用户', '80GB', '36个月', '辽宁', TRUE),
(600000420316, '红沿河集团专属优惠活动次月享优惠', '个人套餐', '集团优惠套餐', 0.0, 0.0, TRUE, '次月起可享20G国内流量，可共享可结转，60G基站流量，不支持共享和结转，1000分钟国内网内语音，100条短信包', '集团用户', '综合权益', '25个月', '全国', TRUE),
(600000420317, '集团客户全家享套餐专属优惠活动优惠100元', '个人套餐', '集团优惠套餐', 0.0, 0.0, TRUE, '不收取费用，办理立即生效，合约期25个月。活动办理次月起每月充值100元，连续充值24个月，活动到期自动失效', '集团用户', '话费返还', '25个月', '全国', TRUE),
(600000420318, '新大连爱家光网35元月包二宽', '家庭宽带', '宽带融合', 35.0, 35.0, TRUE, '合约期36个月，合约期内返还399元，首月返还14元，次月至第36月每月返还11元；可享FTTR一主、一从设备使用权、二宽千兆提速', '家庭用户', '千兆宽带+设备', '36个月', '大连', TRUE),
(600000420319, '大连客户回馈100分钟国内语音3个月', '语音包', '区域语音包', 0.0, 0.0, TRUE, '参与活动后有效期内每月赠送100分钟国内语音，优先级高于套内语音资源。业务立即生效，不收取月费，有效期3个月', '大连用户', '100分钟', '3个月', '全国', TRUE),
(600000420320, '移动爱家福袋提速版月包', '家庭宽带', '宽带提速', 10.0, 10.0, TRUE, '合约期24个月，可享1000M宽带提速服务，健康讲堂基础版、健康档案、健康评估、健康管理计划、购药优惠、预约挂号等健康养老服务', '家庭用户', '千兆宽带+健康服务', '24个月', '全国', TRUE),
(600000420321, '优惠购机套餐购机直降2000元2000元云存24个月', '硬件', '终端购机', 2000.0, 2000.0, TRUE, '活动办理当月包含2000GB云盘定向流量月包，仅当月有效。赠送的2000元话费，首月赠送91元，次月起连续23个月每月赠送83元', '高流量用户', '购机+云存储', '24个月', '全国', TRUE),
(600000420322, '成员49元优惠活动24个月', '个人套餐', '集团优惠套餐', 0.0, 159.0, TRUE, '每月可享110元套餐费优惠，优惠期24个月，到期后优惠自动取消', '集团用户', '套餐优惠', '24个月', '全国', TRUE),
(600000420323, '电影卡50元', '数字化权益', '视频会员', 50.0, 50.0, TRUE, '可登录视频APP，进入我的—电影购票—我的—优惠券—兑换—输入兑换码进行兑换', '视频用户', '电影卡', '长期', '全国', TRUE),
(600000420324, '优惠购机金币安防云存月包30天存储版购机直降190元', '硬件', '智能安防', 0.0, 0.0, TRUE, '活动包含安防云存月包（30天存储版），2GB省内流量，活动提供的19000个5G金币已兑换190元购机优惠券并使用', '家庭用户', '安防设备', '24个月', '省内', TRUE),
(600000420325, '优惠购机套餐购机直降1500元750元云存36个月', '硬件', '终端购机', 750.0, 750.0, TRUE, '活动办理当月包含750GB云盘定向流量月包，仅当月有效。赠送的750元话费，首月赠送15元，次月起连续35个月每月赠送21元', '高流量用户', '购机+云存储', '36个月', '全国', TRUE),
(600000420326, '159元畅享家接续', '个人套餐', '区域专属套餐', 159.0, 159.0, TRUE, '参与活动后，从活动生效当月起每月承诺套餐月租消费159元，每月可享50GB辽宁地区通用流量（可共享）', '辽宁用户', '50GB', '36个月', '辽宁', TRUE),
(600000420327, '全家享129元合约优惠70元接续', '个人套餐', '全家享套餐', 59.0, 129.0, TRUE, '参与活动后，从活动生效次月起每月可存入70元月租费，合约期24个月。活动生效24个月内终止活动，收取违约金30元', '家庭用户', '套餐优惠', '24个月', '全国', TRUE),
(600000420328, '移动爱家健康守护福袋标准版360档', '数字化权益', '健康服务', 360.0, 360.0, TRUE, '一次性支付360元，办理当月享36小时GPU娱乐型云电脑服务；合约期24个月，可享受健康讲堂基础版、健康档案、健康评估等健康养老服务', '家庭用户', '健康服务', '24个月', '全国', TRUE),
(600000420329, '移动爱家安全防护福袋优惠版480档', '数字化权益', '智能安防', 480.0, 480.0, TRUE, '一次性支付480元，办理当月享45小时GPU娱乐型云电脑服务；合约期24个月，可享受7天全天云存+15项家庭AI等安防服务', '家庭用户', '安防服务', '24个月', '全国', TRUE),
(600000420330, '家庭权益包智能门锁B', '硬件', '智能家居', 530.0, 530.0, TRUE, '活动办理立即生效，合约期24个月，办理当月收费530元，可享一台智能门锁和7天事件云存储服务，第2个月到第12个月不收取费用', '家庭用户', '智能门锁', '24个月', '全国', TRUE),
(600000420331, '新入网599元档位购泛终端直降2000元预存2000元', '硬件', '终端购机', 599.0, 599.0, TRUE, '活动提供的200000个5G金币已兑换2000元购机优惠券并使用，预存的2000元话费，首月存入40元，次月起连续35个月每月存入56元', '新用户', '购机+话费', '36个月', '全国', TRUE),
(600000420332, '随心听优惠5元活动', '数字化权益', '音乐会员', 0.0, 5.0, TRUE, '0元/月，办理立即生效，合约期3个月，随心听会员优惠5元费用，到期后优惠自动失效', '音乐用户', '音乐会员', '3个月', '全国', TRUE)
  ON CONFLICT DO NOTHING;
-- 新增150个产品记录（第1-50个）
INSERT INTO products (id, name, category, sub_category, price, original_price, discount_supported, description, target_user_type, package_size, valid_period, applicable_scope, is_active) VALUES
(600000420170, '30元20GB国内通用流量及100GB铁岭区域流量包', '流量包', '区域流量包', 30.0, 30.0, TRUE, '每月可享20GB国内通用流量（不含港澳台）及100GB铁岭区域流量，流量资源不可结转及共享，合约期24个月，合约到期自动接续', '铁岭用户', '120GB', '24个月', '全国+铁岭', TRUE),
(600000420171, '铁岭客户新入网100GB国内流量优惠包', '流量包', '区域流量包', 0.0, 0.0, TRUE, '每月可享100GB国内流量优惠，合约期12个月，活动享受接续服务，如双方无异议将按相同套餐优惠自动接续，每次接续12个月', '铁岭用户', '100GB', '12个月', '全国', TRUE),
(600000420172, '15元10GB国内通用流量及40GB铁岭区域流量包', '流量包', '区域流量包', 15.0, 15.0, TRUE, '每月可享10GB国内通用流量（不含港澳台）及40GB铁岭区域流量，流量资源不可结转及共享，合约期24个月，合约到期自动接续', '铁岭用户', '50GB', '24个月', '全国+铁岭', TRUE),
(600000420173, '铁岭优惠购机79元飞享套餐预存900元', '硬件', '终端购机', 79.0, 79.0, TRUE, '活动提供900元购机优惠券，预存900元话费，首月存入37.5元，次月起连续23个月每月存入37.5元，合约期24个月', '铁岭用户', '购机优惠', '24个月', '铁岭', TRUE),
(600000420174, '40元25GB国内通用流量及125GB铁岭区域流量包', '流量包', '区域流量包', 40.0, 40.0, TRUE, '每月可享25GB国内通用流量（不含港澳台）及125GB铁岭区域流量，流量资源不可结转及共享，合约期24个月，活动到期自动接续', '铁岭用户', '150GB', '24个月', '全国+铁岭', TRUE),
(600000420175, '铁岭优惠购机38元启航卡预存400元', '硬件', '终端购机', 38.0, 38.0, TRUE, '活动提供400元购机优惠券，预存400元话费，首月存入32元，次月起连续23个月每月存入16元，合约期24个月', '铁岭用户', '购机优惠', '24个月', '铁岭', TRUE),
(600000420176, '流量特惠1元10GB铁岭区域流量包', '流量包', '区域流量包', 1.0, 1.0, TRUE, '每月可享10GB铁岭区域流量，流量资源不可结转及共享，合约期12个月，活动到期自动接续', '铁岭用户', '10GB', '12个月', '铁岭', TRUE),
(600000420177, '铁岭网龄回馈全光WIFI500元优惠购活动', '家庭宽带', '智能组网', 0.0, 500.0, TRUE, '参与活动后当月一次性返还79元话费，次月起每月返还话费40元，返还23个月，包含FTTR设备使用权', '铁岭用户', 'FTTR设备', '24个月', '铁岭', TRUE),
(600000420178, '铁岭预存100元享200元话费返还', '个人套餐', '话费优惠', 100.0, 100.0, TRUE, '预存100元享200元，次月起连续10个月，每月返还10元话费，活动合约期11个月', '铁岭用户', '话费返还', '11个月', '铁岭', TRUE),
(600000420179, '抚顺新钢铁保有营销活动20GB国内流量', '流量包', '集团流量包', 0.0, 0.0, TRUE, '每月赠送20GB国内流量，有效期24个月，此流量不含港澳台，在套餐内流量使用完后再使用此活动流量', '集团用户', '20GB', '24个月', '全国', TRUE),
(600000420180, '抚顺石化集团50GB全国流量活动', '流量包', '集团流量包', 0.0, 0.0, TRUE, '每月赠送50GB全国流量，业务优惠期间需保持在网络下使用，终止次月失效，不收取违约金', '集团用户', '50GB', '长期', '全国', TRUE),
(600000420181, '抚顺邮政保有营销活动30GB全国流量+22元话费优惠', '流量包', '集团流量包', 0.0, 0.0, TRUE, '每月可享受30GB国内流量和22元话费优惠，有效期24个月，此流量不含港澳台，在套餐内流量使用完后再使用', '集团用户', '30GB+话费优惠', '24个月', '全国', TRUE),
(600000420182, '抚顺20GB本地流量特惠活动', '流量包', '区域流量包', 1.0, 1.0, TRUE, '每月收取1元，享受20GB抚顺分区套外流量，包含流量优先于套餐内流量，有效期24个月，活动到期自动退订', '抚顺用户', '20GB', '24个月', '抚顺', TRUE),
(600000420183, '5G全家享套餐159元新入网7折优惠', '个人套餐', '5G套餐', 111.3, 159.0, TRUE, '套餐费用111.3元/月，合约期12个月，到期后活动自动失效，套餐恢复至159元/月', '新用户', '套餐优惠', '12个月', '全国', TRUE),
(600000420184, '抚顺集团客户99元全家享返10元活动', '个人套餐', '集团优惠套餐', 89.0, 99.0, TRUE, '实际89元/月，活动开始时间，活动结束时间', '集团用户', '套餐优惠', '长期', '抚顺', TRUE),
(600000420185, '5G全家享套餐199元新入网6折优惠', '个人套餐', '5G套餐', 119.4, 199.0, TRUE, '套餐费用119.4元/月，合约期12个月，到期后活动自动失效，套餐恢复至199元/月', '新用户', '套餐优惠', '12个月', '全国', TRUE),
(600000420186, '抚顺供电公司100GB区域流量活动', '流量包', '区域流量包', 0.0, 0.0, TRUE, '每月赠送100GB区域流量，业务优惠期间需保持在网络下使用，终止次月失效，不收取违约金', '抚顺用户', '100GB', '长期', '抚顺', TRUE),
(600000420187, 'bilibili30GB定向流量包', '流量包', '定向流量包', 0.0, 0.0, TRUE, '连续24个月可享受30GB定向流量，流量可用于bilibiliAPP使用，到期后自动取消', '视频用户', '30GB', '24个月', '定向APP', TRUE),
(600000420188, '400分钟语音优惠活动', '语音包', '语音包', 0.0, 0.0, TRUE, '连续12个月享400分钟国内主叫国内通话时长，活动期12个月，到期后自动取消，享受权益接续服务', '中流量用户', '400分钟', '12个月', '全国', TRUE),
(600000420189, '大连全家享客户1元10GB省内流量活动', '流量包', '区域流量包', 1.0, 1.0, TRUE, '可1元享10GB省内流量，合约期24个月，到期自动取消，活动提前终止无需承担相关违约责任', '大连用户', '10GB', '24个月', '辽宁', TRUE),
(600000420190, '239元档位全家享套餐充值2520元活动', '个人套餐', '全家享套餐', 239.0, 239.0, TRUE, '合约期36个月，从参与活动当月起连续36个月每月以系统充值方式存入70元话费，活动到期自动失效', '家庭用户', '话费返还', '36个月', '全国', TRUE),
(600000420191, '20元20GB全国流量+20元30GB定向流量活动', '流量包', '组合流量包', 40.0, 40.0, TRUE, '连续12个月享20GB全国流量和30GB定向流量，以上流量均不支持结转与共享，活动期12个月', '中流量用户', '50GB', '12个月', '全国+定向', TRUE),
(600000420192, '大连金惠购机299元购机直降2100元免预存', '硬件', '终端购机', 299.0, 299.0, TRUE, '活动提供2100元购机优惠券，合约期24个月，活动前6个月手机号码需在指定卡槽使用，且每月至少产生500MB国内上网流量', '大连用户', '购机优惠', '24个月', '大连', TRUE),
(600000420193, '500M企带套餐专属合约活动', '集团业务', '企业宽带', 0.0, 0.0, TRUE, '合约期内活动不收取费用，合约期24个月，合约期内若办理停机保号等业务，需提前终止本活动', '企业用户', '500M宽带', '24个月', '全国', TRUE),
(600000420194, '159元档位全家享套餐充值1440元活动', '个人套餐', '全家享套餐', 159.0, 159.0, TRUE, '合约期36个月，从参与活动当月起连续36个月每月以系统充值方式存入40元话费，活动到期自动失效', '家庭用户', '话费返还', '36个月', '全国', TRUE),
(600000420195, '100GB专属流量包', '流量包', '专属流量包', 0.0, 0.0, TRUE, '包含100GB专属流量（不含港澳台），该流量优先级高于套餐内流量，不支持结转与共享，合约期24个月', '高流量用户', '100GB', '24个月', '全国', TRUE),
(600000420196, '鞍山随心购预存120享120消费券活动', '数字化权益', '区域权益包', 120.0, 120.0, TRUE, '预存120元，合约期12个月，每月返还10元话费，同时每月可领10元本地消费券权益', '鞍山用户', '话费+消费券', '12个月', '鞍山', TRUE),
(600000420197, '六档预存5472元分24月返还', '个人套餐', '话费优惠', 5472.0, 5472.0, TRUE, '活动有效期内每月还228元话费，活动办理立即生效，活动有效期24个月，到期自动取消', '鞍山用户', '话费返还', '24个月', '鞍山', TRUE),
(600000420198, '鞍山高校500M宽带普通合约', '家庭宽带', '校园宽带', 0.0, 22.0, TRUE, '1人承诺每月消费满足22元，可享500M宽带服务，资费0元/月，活动有效期48个月', '校园用户', '500M宽带', '48个月', '鞍山', TRUE),
(600000420199, '鞍山乐享20GB流量活动', '流量包', '区域流量包', 0.0, 0.0, TRUE, '每月可享20GB辽宁省内流量，不收取费用，有效期12个月，活动到期后自动退订', '鞍山用户', '20GB', '12个月', '辽宁', TRUE),
(600000420200, '鞍山50GB特惠流量优惠活动', '流量包', '区域流量包', 5.0, 5.0, TRUE, '每月可5元享受50GB辽宁通用流量，有效期24个月，活动到期后自动退订', '鞍山用户', '50GB', '24个月', '辽宁', TRUE),
(600000420201, '存量客户回馈180元话费活动', '个人套餐', '话费优惠', 0.0, 0.0, TRUE, '活动有效期12个月，办理后当月起连续12个月，每月充值15元，到期后自动失效', '存量用户', '话费返还', '12个月', '全国', TRUE),
(600000420202, '鞍山10元20GB特惠流量包', '流量包', '区域流量包', 10.0, 10.0, TRUE, '每月10元可享20GB辽宁通用流量，有效期12个月，到期后双方无异议将按原活动政策续延', '鞍山用户', '20GB', '12个月', '辽宁', TRUE),
(600000420203, '鞍山乐享50GB流量活动', '流量包', '区域流量包', 0.0, 0.0, TRUE, '每月可享50GB辽宁省内流量，不收取费用，有效期12个月，活动到期后自动退订', '鞍山用户', '50GB', '12个月', '辽宁', TRUE),
(600000420204, '新入网25GB特惠流量包', '流量包', '区域流量包', 0.0, 0.0, TRUE, '每月可享25GB辽宁通用流量，有效期12个月，到期后双方无异议将按原活动政策续延', '新用户', '25GB', '12个月', '辽宁', TRUE),
(600000420205, '家庭固话吉祥号码预存948元', '家庭宽带', '固话服务', 948.0, 948.0, TRUE, '预存948元分6个月返还，活动开始时间，活动结束时间', '家庭用户', '话费返还', '6个月', '鞍山', TRUE),
(600000420206, '98元套餐档位活动', '个人套餐', '套餐优惠', 68.0, 98.0, TRUE, '合约期12个月，可享每月30元套餐费减免、200分钟国内主叫通话时长、500分钟国内拨打国内移动号码通话时长', '中流量用户', '套餐优惠+700分钟', '12个月', '全国', TRUE),
(600000420207, '20元和校园优惠活动', '数字化权益', '校园增值服务', 0.0, 0.0, TRUE, '连续12个月可享和校园功能及5G国内通用流量，活动期间不收费，到期后自动续延', '校园用户', '校园服务+5GB', '12个月', '全国', TRUE),
(600000420208, '公交专享5元优惠包', '个人套餐', '行业专属套餐', 5.0, 5.0, TRUE, '公交行业专享优惠包，活动开始时间，活动结束时间', '行业用户', '行业优惠', '长期', '全国', TRUE),
(600000420209, '鞍山2024年乐享流量活动50GB版', '流量包', '区域流量包', 0.0, 0.0, TRUE, '每月可享受50GB辽宁地区通用套外流量，活动赠送流量需在主套餐内所含资源用尽后使用，有效期36个月', '鞍山用户', '50GB', '36个月', '辽宁', TRUE),
(600000420210, '鞍山市网格员融合套餐99元档位', '个人套餐', '行业专属套餐', 44.0, 99.0, TRUE, '可享受使用5G全家享套餐99元每月减免套餐费55元的优惠，优惠期12个月，到期后自动续延', '行业用户', '套餐优惠', '12个月', '鞍山', TRUE),
(600000420211, '套餐费减免10元新入网活动', '个人套餐', '新入网优惠', 0.0, 10.0, TRUE, '当月起可享每月减免10元套餐费的优惠，活动有效期12个月，到期后自动续延', '新用户', '套餐优惠', '12个月', '全国', TRUE),
(600000420212, '鞍山高校300M宽带普通合约', '家庭宽带', '校园宽带', 10.0, 10.0, TRUE, '1人每月承诺消费0元，宽带费收取10元/月，即可享受300M光和宽带，活动合约期45个月', '校园用户', '300M宽带', '45个月', '鞍山', TRUE),
(600000420213, '套餐费4折优惠新入网活动', '个人套餐', '新入网优惠', 0.0, 0.0, TRUE, '当月起可享每月套餐费4折优惠，活动有效期12个月，到期后自动续延', '新用户', '套餐优惠', '12个月', '全国', TRUE),
(600000420214, '鞍山2024年乐享流量活动30GB版', '流量包', '区域流量包', 0.0, 0.0, TRUE, '每月可享受30GB辽宁地区通用套外流量，活动赠送流量需在主套餐内所含资源用尽后使用，有效期36个月', '鞍山用户', '30GB', '36个月', '辽宁', TRUE),
(600000420215, '承诺消费68元享流量优惠活动', '个人套餐', '承诺消费套餐', 68.0, 68.0, TRUE, '承诺每月消费68元及以上，连续12个月每月享有20GB辽宁省流量，活动到期自动取消', '中流量用户', '20GB', '12个月', '辽宁', TRUE),
(600000420216, '锦州石化分公司员工30元套餐', '个人套餐', '集团优惠套餐', 30.0, 30.0, TRUE, '承诺每月最低消费30元，可享受500分钟国内语音通话、200条短信权益，活动有效期36个月', '集团用户', '500分钟+200条', '36个月', '全国', TRUE),
(600000420217, '承诺消费108元享语音优惠活动', '个人套餐', '承诺消费套餐', 108.0, 108.0, TRUE, '承诺每月消费108元及以上，连续12个月每月享有800分钟辽宁省通话，活动到期自动取消', '高流量用户', '800分钟', '12个月', '辽宁', TRUE),
(600000420218, '宝地物业员工宽带69元套餐优惠', '个人套餐', '集团优惠套餐', 69.0, 129.0, TRUE, '可享以69元/月的优惠价格订购全家享套餐129元产品，并可享套餐外100分钟语音时长、宽带500M提升至1000M、25GB流量权益', '集团用户', '套餐+100分钟+25GB+千兆宽带', '24个月', '全国', TRUE),
(600000420219, '锦州市公安局惠警活动3元10GB省内流量', '流量包', '行业专属流量包', 3.0, 3.0, TRUE, '连续12个月可享以3元/月享套餐外10GB省内流量权益，活动有效期12个月，到期后自动取消', '行业用户', '10GB', '12个月', '辽宁', TRUE)
  ON CONFLICT DO NOTHING;

-- 新增150个产品记录（第51-100个）
INSERT INTO products (id, name, category, sub_category, price, original_price, discount_supported, description, target_user_type, package_size, valid_period, applicable_scope, is_active) VALUES
(600000420220, '承诺消费68元享语音优惠活动', '个人套餐', '承诺消费套餐', 68.0, 68.0, TRUE, '承诺每月消费68元及以上，连续12个月每月享有500分钟辽宁省通话，活动到期自动取消', '中流量用户', '500分钟', '12个月', '辽宁', TRUE),
(600000420221, '太和高校教职工29元套餐优惠', '个人套餐', '校园优惠套餐', 29.0, 99.0, TRUE, '可享以29元/月的优惠价格订购全家享99元产品，10GB流量权益，活动有效期24个月', '校园用户', '10GB', '24个月', '全国', TRUE),
(600000420222, '宝地物业员工家属单卡9元套餐优惠', '个人套餐', '集团优惠套餐', 9.0, 29.0, TRUE, '可享以9元/月的优惠价格订购飞享29元产品，并可享套餐外100分钟语音时长和10GB流量权益', '集团用户', '100分钟+10GB', '24个月', '全国', TRUE),
(600000420223, '锦州航星集团有限公司营销活动49元', '个人套餐', '集团优惠套餐', 49.0, 99.0, TRUE, '可享以49元/月的优惠价格订购5G全家享99元产品，并可享套餐外10GB流量权益及100分钟国内通话', '集团用户', '10GB+100分钟', '24个月', '全国', TRUE),
(600000420224, '2024年省内100GB教师专属流量', '流量包', '行业专属流量包', 0.0, 0.0, TRUE, '每月可享100GB辽宁省内流量，流量可共享不结转，合约期12个月，到期自动取消', '教师用户', '100GB', '12个月', '辽宁', TRUE),
(600000420225, '锦州高校迎新套餐费优惠9元', '个人套餐', '校园优惠套餐', 9.0, 9.0, TRUE, '可享套餐费优惠9元/月，办理立即生效，到期自动失效，活动有效期48个月', '校园用户', '套餐优惠', '48个月', '锦州', TRUE),
(600000420226, '锦州高校迎新套餐费优惠19元', '个人套餐', '校园优惠套餐', 19.0, 19.0, TRUE, '可享套餐费优惠19元/月，办理立即生效，到期自动失效，活动有效期48个月', '校园用户', '套餐优惠', '48个月', '锦州', TRUE),
(600000420227, '锦州公交公司套餐七折优惠', '个人套餐', '行业专属套餐', 0.0, 0.0, TRUE, '每月可享受套餐七折优惠，活动优惠期36个月，到期后优惠自动取消', '行业用户', '套餐优惠', '36个月', '锦州', TRUE),
(600000420228, '2024年省内300分钟教师专属语音', '语音包', '行业专属语音包', 0.0, 0.0, TRUE, '每月可享300分钟在辽宁地区主叫辽宁移动号码通话时长，合约期12个月，到期自动取消', '教师用户', '300分钟', '12个月', '辽宁', TRUE),
(600000420229, '锦州199元全家享购机预存800元购机直降1700元', '硬件', '终端购机', 199.0, 199.0, TRUE, '活动提供1700元购机优惠券，预存800元话费，首月存入18元，次月起连续23个月每月存入34元', '锦州用户', '购机优惠', '24个月', '锦州', TRUE),
(600000420230, '锦州79元全家享购机预存500元购机直降1000元', '硬件', '终端购机', 79.0, 79.0, TRUE, '活动提供1000元购机优惠券，预存500元话费，首月存入10元，次月起连续35个月每月存入14元', '锦州用户', '购机优惠', '36个月', '锦州', TRUE),
(600000420231, '华润电力锦州有限公司49元套餐', '个人套餐', '集团优惠套餐', 49.0, 79.0, TRUE, '可享以49元/月的优惠价格订购全家享79元产品，并可享套餐外200分钟国内通话、全国20GB流量和本地100GB流量权益', '集团用户', '200分钟+120GB', '24个月', '全国+本地', TRUE),
(600000420232, '锦州129元全家享购机预存600元购机直降1100元', '硬件', '终端购机', 129.0, 129.0, TRUE, '活动提供1100元购机优惠券，预存600元话费，首月存入25元，次月起连续23个月每月存入25元', '锦州用户', '购机优惠', '24个月', '锦州', TRUE),
(600000420233, '义县部队专属套餐', '个人套餐', '行业专属套餐', 0.0, 0.0, TRUE, '部队专属优惠套餐，具体详情请咨询当地营业厅', '行业用户', '行业专属', '长期', '义县', TRUE),
(600000420234, '辽河油田锦州采油厂49元套餐', '个人套餐', '集团优惠套餐', 49.0, 79.0, TRUE, '可享以49元/月的优惠价格订购全家享套餐79元，活动有效期36个月', '集团用户', '套餐优惠', '36个月', '锦州', TRUE),
(600000420235, '锦州客户专属流量活动1元10GB省内', '流量包', '区域流量包', 1.0, 1.0, TRUE, '可享受10GB省内流量，活动有效期12个月，到期不自动接续', '锦州用户', '10GB', '12个月', '辽宁', TRUE),
(600000420236, '58元4G套餐不限量流量包优惠购', '流量包', '通用流量包', 30.0, 30.0, TRUE, '活动生效期间每月可享30元20GB国内流量，活动有效期24个月，享受接续服务', '中流量用户', '20GB', '24个月', '全国', TRUE),
(600000420237, '营口超值流量季包100元活动', '流量包', '区域流量包', 100.0, 130.0, TRUE, '前3个月一次性收取100元，可享受200GB辽宁地区通用流量；后3个月10元/月，可享受10GB辽宁地区通用流量', '营口用户', '230GB', '6个月', '辽宁', TRUE),
(600000420238, '50元流量优享包扩容40GB活动', '流量包', '组合流量包', 50.0, 50.0, TRUE, '含20GB国内通用流量、20GB抖音快手专属定向流量、10GB月末通用流量，此外每月获赠40GB辽宁通用流量', '高流量用户', '90GB', '12个月', '全国+定向+辽宁', TRUE),
(600000420239, '48个月3GB国内通用流量包', '流量包', '通用流量包', 0.0, 0.0, TRUE, '包含每月3GB国内通用流量（不含港澳台），不支持流量结转和共享，有效期48个月', '低流量用户', '3GB', '48个月', '全国', TRUE),
(600000420240, '营口吉祥号码预存9312元', '个人套餐', '话费优惠', 9312.0, 9312.0, TRUE, '预存的9312元话费，从本月起，每月返还388元，连续返还24个月', '营口用户', '话费返还', '24个月', '营口', TRUE),
(600000420241, '集团分区流量优惠100GB', '流量包', '集团流量包', 10.0, 10.0, TRUE, '含100GB特定区域流量，合约期12个月，立即生效，到期自动取消，不支持结转与共享', '集团用户', '100GB', '12个月', '特定区域', TRUE),
(600000420242, '集团分区流量优惠50GB', '流量包', '集团流量包', 5.0, 5.0, TRUE, '含50GB特定区域流量，合约期12个月，立即生效，到期自动取消，不支持结转与共享', '集团用户', '50GB', '12个月', '特定区域', TRUE),
(600000420243, '20元任我选抖音快手娱乐礼包', '数字化权益', '定向权益包', 20.0, 20.0, TRUE, '每月可享受任我选生活会员权益优惠券N选一、20GB抖音快手定向流量，活动期12个月', '视频用户', '会员权益+20GB', '12个月', '定向APP', TRUE),
(600000420244, '靓号优惠活动', '个人套餐', '号码优惠', 0.0, 0.0, TRUE, '参与活动可降低吉祥号码月保底消费金额，若有退订需求请到厅办理', '靓号用户', '号码优惠', '长期', '全国', TRUE),
(600000420245, '大连2元20GB分区流量特惠购', '流量包', '区域流量包', 2.0, 2.0, TRUE, '可以2元/月的优惠价格，享20GB分区流量，需在指定分区范围内使用，不支持共享和结转', '大连用户', '20GB', '12个月', '大连', TRUE),
(600000420246, '9元15GB快手流量包优惠活动', '流量包', '定向流量包', 0.0, 9.0, TRUE, '前2个月每月0元，第3个月起产品恢复原价9元/月，每月可享15GB快手定向流量，活动合约期4个月', '视频用户', '15GB', '4个月', '快手APP', TRUE),
(600000420247, '承诺消费188元享流量优惠活动', '个人套餐', '承诺消费套餐', 188.0, 188.0, TRUE, '承诺每月消费188元及以上，连续12个月每月享有60GB省内流量优惠，活动到期自动取消', '高流量用户', '60GB', '12个月', '辽宁', TRUE),
(600000420248, '锦州79集团军19元档位', '个人套餐', '行业专属套餐', 19.0, 29.0, TRUE, '可享以19元/月的优惠价格订购飞享29元套餐，套餐内国内通用流量2GB/月，国内通话100分钟/月，套餐外加赠国内通用流量18GB/月', '行业用户', '20GB+100分钟', '12个月', '全国', TRUE),
(600000420249, '辽河油田锦州采油厂39元套餐', '个人套餐', '集团优惠套餐', 39.0, 79.0, TRUE, '可享以39元/月的优惠价格订购全家享套餐79元，活动有效期36个月', '集团用户', '套餐优惠', '36个月', '锦州', TRUE),
(600000420250, '锦州客户新入网10GB辽宁流量优惠', '流量包', '区域流量包', 0.0, 0.0, TRUE, '每月可享10GB辽宁流量优惠，共12个月，流量支持共享、不能结转', '锦州用户', '10GB', '12个月', '辽宁', TRUE),
(600000420251, '2025年锦鲤尊奢年包日进斗金版', '数字化权益', '节日权益包', 0.0, 0.0, TRUE, '活动办理立即生效，到期自动取消，不支持结转与共享', '高端用户', '节日权益', '长期', '全国', TRUE),
(600000420252, '臻选客户话费礼赞存100享220活动', '个人套餐', '话费优惠', 100.0, 100.0, TRUE, '前10个月每月返还20元话费，第11-第12个月每月返还10元话费，到期自动取消', '高端用户', '话费返还', '12个月', '全国', TRUE),
(600000420253, '铁岭2024年网龄回馈全光WIFI300元优惠购', '家庭宽带', '智能组网', 0.0, 300.0, TRUE, '参与活动后当月一次性返还49元话费，次月起每月返还话费22元，返还23个月，包含FTTR设备使用权', '铁岭用户', 'FTTR设备', '24个月', '铁岭', TRUE),
(600000420254, '鞍山乐享30GB流量活动', '流量包', '区域流量包', 0.0, 0.0, TRUE, '每月可享30GB辽宁省内流量，不收取费用，有效期12个月，活动到期后自动退订', '鞍山用户', '30GB', '12个月', '辽宁', TRUE),
(600000420255, '锦州高校教职工50元套餐优惠', '个人套餐', '校园优惠套餐', 50.0, 99.0, TRUE, '可享以50元/月的优惠价格订购全家享99元产品，15GB流量权益，活动有效期24个月', '校园用户', '15GB', '24个月', '全国', TRUE),
(600000420256, '营口新入网享套餐5折优惠活动', '个人套餐', '新入网优惠', 0.0, 0.0, TRUE, '活动办理后立即生效，每月可享基础套餐费5折优惠，活动生效期间基础套餐不支持降档', '新用户', '套餐优惠', '12个月', '营口', TRUE),
(600000420257, '大连金惠购机159元全家享预存2000元', '硬件', '终端购机', 159.0, 159.0, TRUE, '活动提供2000元购机优惠券，预存2000元话费，首月存入83元，次月起连续23个月每月存入83元', '大连用户', '购机优惠', '24个月', '大连', TRUE),
(600000420258, '抚顺集团客户价值保有129元全家享返20', '个人套餐', '集团优惠套餐', 109.0, 129.0, TRUE, '实际109元/月，活动开始时间，活动结束时间', '集团用户', '套餐优惠', '长期', '抚顺', TRUE),
(600000420259, '鞍山2024年乐享流量活动20GB版', '流量包', '区域流量包', 0.0, 0.0, TRUE, '每月可享受20GB辽宁地区通用套外流量，活动赠送流量需在主套餐内所含资源用尽后使用，有效期36个月', '鞍山用户', '20GB', '36个月', '辽宁', TRUE),
(600000420260, '锦州客户专属语音活动100分钟', '语音包', '区域语音包', 0.0, 0.0, TRUE, '每月可享100分钟辽宁省通话，活动有效期12个月，到期自动取消', '锦州用户', '100分钟', '12个月', '辽宁', TRUE),
(600000420261, '铁岭预存200元享400元话费返还', '个人套餐', '话费优惠', 200.0, 200.0, TRUE, '预存200元享400元，次月起连续20个月，每月返还10元话费，活动合约期21个月', '铁岭用户', '话费返还', '21个月', '铁岭', TRUE),
(600000420262, '营口吉祥号码预存5000元', '个人套餐', '话费优惠', 5000.0, 5000.0, TRUE, '预存的5000元话费，从本月起，每月返还208元，连续返还24个月', '营口用户', '话费返还', '24个月', '营口', TRUE),
(600000420263, '大连全家享客户2元20GB省内流量', '流量包', '区域流量包', 2.0, 2.0, TRUE, '可2元享20GB省内流量，合约期24个月，到期自动取消，活动提前终止无需承担相关违约责任', '大连用户', '20GB', '24个月', '辽宁', TRUE),
(600000420264, '鞍山高校迎新500分钟语音优惠', '语音包', '校园语音包', 0.0, 0.0, TRUE, '连续12个月享500分钟国内主叫国内通话时长，活动期12个月，到期后自动取消', '校园用户', '500分钟', '12个月', '全国', TRUE),
(600000420265, '锦州石化惠民爱家活动套餐3折', '个人套餐', '集团优惠套餐', 0.0, 0.0, TRUE, '参与活动后享受全家享打3折，从参与当月起，连续返还36个月，到期自动取消', '锦州用户', '套餐优惠', '36个月', '锦州', TRUE),
(600000420266, '抚顺校园迎新赠送480元话费', '个人套餐', '校园优惠', 0.0, 0.0, TRUE, '活动提供的480元话费分成48个月为您充值，每月充值10元，当月立即生效，到期后自动失效', '校园用户', '话费返还', '48个月', '抚顺', TRUE),
(600000420267, '铁岭安防统付减免一年活动', '数字化权益', '智能安防', 0.0, 0.0, TRUE, '参与活动后，实现指定云存储业务费用减免，订购立即生效，有效期12个月，到期自动取消', '铁岭用户', '安防服务', '12个月', '铁岭', TRUE),
(600000420268, '鞍山2024语音特惠活动500分钟', '语音包', '区域语音包', 50.0, 50.0, TRUE, '办理后每月50元可享500分钟本地主叫国内移动通话，有效期36个月', '鞍山用户', '500分钟', '36个月', '鞍山', TRUE),
(600000420269, '锦州客户新入网20GB辽宁流量', '流量包', '区域流量包', 0.0, 0.0, TRUE, '每月可享20GB辽宁流量优惠，共12个月，流量支持共享、不能结转', '锦州用户', '20GB', '12个月', '辽宁', TRUE),
(600000420270, '营口公司2024年超值流量季包200元', '流量包', '区域流量包', 200.0, 200.0, TRUE, '前3个月一次性收取200元，可享受400GB辽宁地区通用流量；后3个月20元/月，可享受20GB辽宁地区通用流量', '营口用户', '460GB', '6个月', '辽宁', TRUE),
(600000420271, '大连金惠购机299元全家享预存3000元', '硬件', '终端购机', 299.0, 299.0, TRUE, '活动提供3000元购机优惠券，预存3000元话费，首月存入125元，次月起连续23个月每月存入125元', '大连用户', '购机优惠', '24个月', '大连', TRUE),
(600000420272, '鞍山乐享100G流量活动', '流量包', '区域流量包', 0.0, 0.0, TRUE, '每月可享100GB辽宁省内流量，不收取费用，有效期12个月，活动到期后自动退订', '鞍山用户', '100GB', '12个月', '辽宁', TRUE),
(600000420273, '锦州2024年教师专属流量50GB', '流量包', '行业专属流量包', 0.0, 0.0, TRUE, '每月可享50GB辽宁省内流量，流量可共享不结转，合约期12个月，到期自动取消', '教师用户', '50GB', '12个月', '辽宁', TRUE),
(600000420274, '铁岭客户新入网20GB流量优惠', '流量包', '区域流量包', 0.0, 0.0, TRUE, '每月可享20GB国内流量优惠，合约期12个月，活动享受接续服务', '铁岭用户', '20GB', '12个月', '全国', TRUE),
(600000420275, '抚顺集团客户接续活动99元返60', '个人套餐', '集团优惠套餐', 39.0, 99.0, TRUE, '参与活动后每月返还60元话费，0元/月，活动开始时间，活动结束时间', '抚顺用户', '话费返还', '长期', '抚顺', TRUE),
(600000420276, '鞍山2024年乐享流量活动10GB版', '流量包', '区域流量包', 0.0, 0.0, TRUE, '每月可享受10GB辽宁地区通用套外流量，活动赠送流量需在主套餐内所含资源用尽后使用，有效期36个月', '鞍山用户', '10GB', '36个月', '辽宁', TRUE),
(600000420277, '锦州客户专属流量活动2元20GB省内', '流量包', '区域流量包', 2.0, 2.0, TRUE, '可享受20GB省内流量，活动有效期12个月，到期不自动接续', '锦州用户', '20GB', '12个月', '辽宁', TRUE),
(600000420278, '营口预存3000元分24月返还', '个人套餐', '话费优惠', 3000.0, 3000.0, TRUE, '活动有效期内每月还125元话费，活动办理立即生效，活动有效期24个月，到期自动取消', '营口用户', '话费返还', '24个月', '营口', TRUE),
(600000420279, '大连全家享客户3元30GB省内流量', '流量包', '区域流量包', 3.0, 3.0, TRUE, '可3元享30GB省内流量，合约期24个月，到期自动取消，活动提前终止无需承担相关违约责任', '大连用户', '30GB', '24个月', '辽宁', TRUE),
(600000420280, '鞍山高校迎新1000分钟语音优惠', '语音包', '校园语音包', 0.0, 0.0, TRUE, '连续12个月享1000分钟国内主叫国内通话时长，活动期12个月，到期后自动取消', '校园用户', '1000分钟', '12个月', '全国', TRUE)
  ON CONFLICT DO NOTHING;

-- 新增150个产品记录（第101-150个）
INSERT INTO products (id, name, category, sub_category, price, original_price, discount_supported, description, target_user_type, package_size, valid_period, applicable_scope, is_active) VALUES
(600000420281, '锦州石化惠民爱家活动套餐5折', '个人套餐', '集团优惠套餐', 0.0, 0.0, TRUE, '参与活动后享受全家享打5折，从参与当月起，连续返还24个月，到期自动取消', '锦州用户', '套餐优惠', '24个月', '锦州', TRUE),
(600000420282, '抚顺校园迎新赠送600元话费', '个人套餐', '校园优惠', 0.0, 0.0, TRUE, '活动提供的600元话费分成48个月为您充值，每月充值12.5元，当月立即生效，到期后自动失效', '校园用户', '话费返还', '48个月', '抚顺', TRUE),
(600000420283, '铁岭客户新入网30GB流量优惠', '流量包', '区域流量包', 0.0, 0.0, TRUE, '每月可享30GB国内流量优惠，合约期12个月，活动享受接续服务', '铁岭用户', '30GB', '12个月', '全国', TRUE),
(600000420284, '鞍山2024语音轻享活动50元800分钟', '语音包', '区域语音包', 50.0, 50.0, TRUE, '办理后每月50元可享800分钟本地主叫国内移动通话，有效期36个月', '鞍山用户', '800分钟', '36个月', '鞍山', TRUE),
(600000420285, '锦州2024年教师专属语音500分钟', '语音包', '行业专属语音包', 0.0, 0.0, TRUE, '每月可享500分钟在辽宁地区主叫辽宁移动号码通话时长，合约期12个月，到期自动取消', '教师用户', '500分钟', '12个月', '辽宁', TRUE),
(600000420286, '营口公司2024年超值流量季包300元', '流量包', '区域流量包', 300.0, 300.0, TRUE, '前3个月一次性收取300元，可享受600GB辽宁地区通用流量；后3个月30元/月，可享受30GB辽宁地区通用流量', '营口用户', '690GB', '6个月', '辽宁', TRUE),
(600000420287, '大连金惠购机399元全家享预存4000元', '硬件', '终端购机', 399.0, 399.0, TRUE, '活动提供4000元购机优惠券，预存4000元话费，首月存入167元，次月起连续23个月每月存入167元', '大连用户', '购机优惠', '24个月', '大连', TRUE),
(600000420288, '鞍山乐享150G流量活动', '流量包', '区域流量包', 0.0, 0.0, TRUE, '每月可享150GB辽宁省内流量，不收取费用，有效期12个月，活动到期后自动退订', '鞍山用户', '150GB', '12个月', '辽宁', TRUE),
(600000420289, '锦州客户新入网30GB辽宁流量', '流量包', '区域流量包', 0.0, 0.0, TRUE, '每月可享30GB辽宁流量优惠，共12个月，流量支持共享、不能结转', '锦州用户', '30GB', '12个月', '辽宁', TRUE),
(600000420290, '铁岭预存300元享600元话费返还', '个人套餐', '话费优惠', 300.0, 300.0, TRUE, '预存300元享600元，次月起连续30个月，每月返还10元话费，活动合约期31个月', '铁岭用户', '话费返还', '31个月', '铁岭', TRUE),
(600000420291, '抚顺集团客户价值保有规模提升活动200GB区域流量', '流量包', '区域流量包', 0.0, 0.0, TRUE, '每月赠送200GB抚顺流量，活动开始时间，活动结束时间', '抚顺用户', '200GB', '长期', '抚顺', TRUE),
(600000420292, '鞍山2024年乐享流量活动40GB版', '流量包', '区域流量包', 0.0, 0.0, TRUE, '每月可享受40GB辽宁地区通用套外流量，活动赠送流量需在主套餐内所含资源用尽后使用，有效期36个月', '鞍山用户', '40GB', '36个月', '辽宁', TRUE),
(600000420293, '锦州客户专属语音活动200分钟', '语音包', '区域语音包', 0.0, 0.0, TRUE, '每月可享200分钟辽宁省通话，活动有效期12个月，到期自动取消', '锦州用户', '200分钟', '12个月', '辽宁', TRUE),
(600000420294, '营口吉祥号码预存10000元', '个人套餐', '话费优惠', 10000.0, 10000.0, TRUE, '预存的10000元话费，从本月起，每月返还417元，连续返还24个月', '营口用户', '话费返还', '24个月', '营口', TRUE),
(600000420295, '大连全家享客户5元50GB省内流量', '流量包', '区域流量包', 5.0, 5.0, TRUE, '可5元享50GB省内流量，合约期24个月，到期自动取消，活动提前终止无需承担相关违约责任', '大连用户', '50GB', '24个月', '辽宁', TRUE),
(600000420296, '鞍山高校迎新1500分钟语音优惠', '语音包', '校园语音包', 0.0, 0.0, TRUE, '连续12个月享1500分钟国内主叫国内通话时长，活动期12个月，到期后自动取消', '校园用户', '1500分钟', '12个月', '全国', TRUE),
(600000420297, '锦州石化惠民爱家活动套餐4折', '个人套餐', '集团优惠套餐', 0.0, 0.0, TRUE, '参与活动后享受全家享打4折，从参与当月起，连续返还30个月，到期自动取消', '锦州用户', '套餐优惠', '30个月', '锦州', TRUE),
(600000420298, '抚顺校园迎新赠送720元话费', '个人套餐', '校园优惠', 0.0, 0.0, TRUE, '活动提供的720元话费分成48个月为您充值，每月充值15元，当月立即生效，到期后自动失效', '校园用户', '话费返还', '48个月', '抚顺', TRUE),
(600000420299, '铁岭客户新入网50GB流量优惠', '流量包', '区域流量包', 0.0, 0.0, TRUE, '每月可享50GB国内流量优惠，合约期12个月，活动享受接续服务', '铁岭用户', '50GB', '12个月', '全国', TRUE),
(600000420300, '鞍山2024语音特惠活动80元1000分钟', '语音包', '区域语音包', 80.0, 80.0, TRUE, '办理后每月80元可享1000分钟本地主叫国内移动通话，有效期36个月', '鞍山用户', '1000分钟', '36个月', '鞍山', TRUE),
(600000420301, '锦州2024年教师专属流量80GB', '流量包', '行业专属流量包', 0.0, 0.0, TRUE, '每月可享80GB辽宁省内流量，流量可共享不结转，合约期12个月，到期自动取消', '教师用户', '80GB', '12个月', '辽宁', TRUE),
(600000420302, '营口公司2024年超值流量季包400元', '流量包', '区域流量包', 400.0, 400.0, TRUE, '前3个月一次性收取400元，可享受800GB辽宁地区通用流量；后3个月40元/月，可享受40GB辽宁地区通用流量', '营口用户', '920GB', '6个月', '辽宁', TRUE),
(600000420303, '大连金惠购机499元全家享预存5000元', '硬件', '终端购机', 499.0, 499.0, TRUE, '活动提供5000元购机优惠券，预存5000元话费，首月存入208元，次月起连续23个月每月存入208元', '大连用户', '购机优惠', '24个月', '大连', TRUE),
(600000420304, '鞍山乐享200G流量活动', '流量包', '区域流量包', 0.0, 0.0, TRUE, '每月可享200GB辽宁省内流量，不收取费用，有效期12个月，活动到期后自动退订', '鞍山用户', '200GB', '12个月', '辽宁', TRUE),
(600000420305, '锦州客户新入网50GB辽宁流量', '流量包', '区域流量包', 0.0, 0.0, TRUE, '每月可享50GB辽宁流量优惠，共12个月，流量支持共享、不能结转', '锦州用户', '50GB', '12个月', '辽宁', TRUE),
(600000420306, '铁岭预存500元享1000元话费返还', '个人套餐', '话费优惠', 500.0, 500.0, TRUE, '预存500元享1000元，次月起连续50个月，每月返还10元话费，活动合约期51个月', '铁岭用户', '话费返还', '51个月', '铁岭', TRUE),
(600000420307, '抚顺集团客户接续活动送50GB语音通话', '语音包', '区域语音包', 0.0, 0.0, TRUE, '参与活动送50GB语音通话立即生效/次月生效，0元/月', '抚顺用户', '50GB', '长期', '抚顺', TRUE),
(600000420308, '鞍山2024年乐享流量活动60GB版', '流量包', '区域流量包', 0.0, 0.0, TRUE, '每月可享受60GB辽宁地区通用套外流量，活动赠送流量需在主套餐内所含资源用尽后使用，有效期36个月', '鞍山用户', '60GB', '36个月', '辽宁', TRUE),
(600000420309, '锦州客户专属流量活动3元30GB省内', '流量包', '区域流量包', 3.0, 3.0, TRUE, '可享受30GB省内流量，活动有效期12个月，到期不自动接续', '锦州用户', '30GB', '12个月', '辽宁', TRUE),
(600000420310, '营口预存5000元分24月返还', '个人套餐', '话费优惠', 5000.0, 5000.0, TRUE, '活动有效期内每月还208元话费，活动办理立即生效，活动有效期24个月，到期自动取消', '营口用户', '话费返还', '24个月', '营口', TRUE),
(600000420311, '大连全家享客户8元80GB省内流量', '流量包', '区域流量包', 8.0, 8.0, TRUE, '可8元享80GB省内流量，合约期24个月，到期自动取消，活动提前终止无需承担相关违约责任', '大连用户', '80GB', '24个月', '辽宁', TRUE),
(600000420312, '鞍山高校迎新2000分钟语音优惠', '语音包', '校园语音包', 0.0, 0.0, TRUE, '连续12个月享2000分钟国内主叫国内通话时长，活动期12个月，到期后自动取消', '校园用户', '2000分钟', '12个月', '全国', TRUE),
(600000420313, '锦州石化惠民爱家活动套餐6折', '个人套餐', '集团优惠套餐', 0.0, 0.0, TRUE, '参与活动后享受全家享打6折，从参与当月起，连续返还18个月，到期自动取消', '锦州用户', '套餐优惠', '18个月', '锦州', TRUE),
(600000420314, '抚顺校园迎新赠送840元话费', '个人套餐', '校园优惠', 0.0, 0.0, TRUE, '活动提供的840元话费分成48个月为您充值，每月充值17.5元，当月立即生效，到期后自动失效', '校园用户', '话费返还', '48个月', '抚顺', TRUE),
(600000420315, '铁岭客户新入网80GB流量优惠', '流量包', '区域流量包', 0.0, 0.0, TRUE, '每月可享80GB国内流量优惠，合约期12个月，活动享受接续服务', '铁岭用户', '80GB', '12个月', '全国', TRUE),
(600000420316, '鞍山2024语音轻享活动80元1200分钟', '语音包', '区域语音包', 80.0, 80.0, TRUE, '办理后每月80元可享1200分钟本地主叫国内移动通话，有效期36个月', '鞍山用户', '1200分钟', '36个月', '鞍山', TRUE),
(600000420317, '锦州2024年教师专属语音800分钟', '语音包', '行业专属语音包', 0.0, 0.0, TRUE, '每月可享800分钟在辽宁地区主叫辽宁移动号码通话时长，合约期12个月，到期自动取消', '教师用户', '800分钟', '12个月', '辽宁', TRUE),
(600000420318, '营口公司2024年超值流量季包500元', '流量包', '区域流量包', 500.0, 500.0, TRUE, '前3个月一次性收取500元，可享受1000GB辽宁地区通用流量；后3个月50元/月，可享受50GB辽宁地区通用流量', '营口用户', '1150GB', '6个月', '辽宁', TRUE),
(600000420319, '大连金惠购机599元全家享预存6000元', '硬件', '终端购机', 599.0, 599.0, TRUE, '活动提供6000元购机优惠券，预存6000元话费，首月存入250元，次月起连续23个月每月存入250元', '大连用户', '购机优惠', '24个月', '大连', TRUE)
  ON CONFLICT DO NOTHING;

INSERT INTO products (id, name, category, sub_category, price, original_price, discount_supported, description, target_user_type, package_size, valid_period, applicable_scope, is_active, created_at) VALUES
(600000396654, '全家享优惠购（plus版）升级239减20接续', '个人套餐', '全家享套餐', 219.0, 239.0, TRUE, '参与活动后，从活动生效当月起连续36个月每月可享受20元套餐优惠，同时每月叠加回馈100GB辽宁地区通用流量及300分钟国内主叫通话时长（不含港澳台），需在套餐所含语音使用完毕后方可使用，活动办理立即生效，合约期36个月。', '家庭用户', '100GB+300分钟', '36个月', '辽宁', TRUE, NOW()),
(600000265802, '新入网客户预存100元话费（立即到账）', '话费充值', '预存话费', 0.0, 100.0, TRUE, '新入网客户预存100元话费，立即到账，活动办理立即生效，有效期24小时，到期自动失效。', '新用户', '100元话费', '24小时', '全国', TRUE, NOW()),
(600000395268, '300元话费', '话费充值', '话费赠送', 0.0, 300.0, FALSE, '通过辽友会小程序成功领取300元话费，话费立即到账。活动办理立即生效，有效期24小时，到期自动失效。', '活跃用户', '300元话费', '24小时', '全国', TRUE, NOW()),
(600000404652, '爱家光网40元月包返费活动599（提速版）', '家庭宽带', '光纤宽带', 40.0, 639.0, TRUE, '40元/月，且订购首月一次性收取599元的爱家光网方案设计服务费，合约期36个月。首月返还话费39元，第2-36月每月返还话费16元，连续返还36个月。可享三年1000M宽带提速服务、爱家光网主光猫一台、从光猫一台以及合约期内设备以换代修服务。', '家庭用户', '1000M宽带', '36个月', '全国', TRUE, NOW()),
(600000396666, '全家享优惠购（plus版）升级79减20接续', '个人套餐', '全家享套餐', 59.0, 79.0, TRUE, '参与活动后，从活动生效当月起连续36个月每月可享受20元套餐优惠，同时每月叠加回馈10GB辽宁地区通用流量及50分钟国内主叫通话时长（不含港澳台），需在套餐所含语音使用完毕后方可使用，活动办理立即生效，合约期36个月。', '家庭用户', '10GB+50分钟', '36个月', '辽宁', TRUE, NOW()),
(600000396657, '全家享优惠购（plus版）升级159减20接续', '个人套餐', '全家享套餐', 139.0, 159.0, TRUE, '参与活动后，从活动生效当月起连续36个月每月可享受20元套餐优惠，同时每月叠加回馈25GB辽宁地区通用流量及200分钟国内主叫通话时长（不含港澳台），需在套餐所含语音使用完毕后方可使用，活动办理立即生效，合约期36个月。', '家庭用户', '25GB+200分钟', '36个月', '辽宁', TRUE, NOW()),
(600000416920, '新入网预存850元', '话费充值', '预存话费', 0.0, 850.0, TRUE, '活动需预存850元话费，当月返还45元，次月起至第36个月，每月返还23元，有效期36个月，活动办理立即生效，到期后自动失效。', '新用户', '850元话费', '36个月', '全国', TRUE, NOW()),
(600000325820, '2022年沈阳高校办校园套餐享国内流量优惠活动（20G）', '流量包', '校园流量', 0.0, 0.0, FALSE, '本活动不收取费用，活动期内每月包含20GB国内（不含港澳台）通用流量，支持动感地带副卡共享，不支持结转。活动办理后立即生效，合约期48个月，到期自动取消。', '学生用户', '20GB', '48个月', '全国', TRUE, NOW()),
(600000402456, '2024沈阳校园3元优享包活动4.0（转入版）', '个人套餐', '校园套餐', 3.0, 3.0, FALSE, '本活动3元/月，活动期内每月享受200分钟国内主叫国内通话、100GB辽宁地区流量、60GB沈阳地区流量（以上资源均不含港澳台）及任我选生活mini包，每月任选1款本地生活类权益优惠券领取。活动办理后次月生效，合约期48个月，到期自动取消。', '学生用户', '200分钟+160GB', '48个月', '辽宁/沈阳', TRUE, NOW()),
(600000401719, '2024年沈阳高校享120元话费活动（12个月）', '话费充值', '校园话费', 0.0, 120.0, TRUE, '本活动不收取费用，活动办理月起每月可享10元话费优惠，活动有效期12个月。活动办理后立即生效，到期自动取消。', '学生用户', '120元话费', '12个月', '全国', TRUE, NOW())
  ON CONFLICT DO NOTHING;

INSERT INTO strategies (id, name, category, description, product_ids, conditions, channel_preference, discount_ratio, avg_conversion_rate, avg_roi, avg_click_rate, sample_count, is_active, created_at, updated_at) VALUES
(100001, '重点客户30G抖音流量定向推送策略', '交叉销售', '针对高价值客户的抖音定向流量优惠策略，提升用户粘性和流量使用', '600000305882', 'ARPU>80 AND social_media_user=1', 'APP推送', 1.0, 0.28, 1.9, 0.52, 1200, TRUE, NOW(), NOW()),
(100002, '新入网50G特惠省内流量激活策略', '激活', '针对新入网用户的省内流量优惠激活策略，提升新用户留存率', '600000397595', 'new_subscriber=1 AND location="辽宁"', '短信', 1.0, 0.35, 2.1, 0.58, 1500, TRUE, NOW(), NOW()),
(100003, '全家享套餐90元优惠交叉销售策略', '交叉销售', '针对家庭用户的全家享套餐高额优惠策略，促进家庭业务发展', '600000368102', 'family_size>=3 AND ARPU>150', '人工外呼', 0.62, 0.32, 2.3, 0.65, 980, TRUE, NOW(), NOW()),
(100004, '50元流量优享包扩容40G升级策略', '升级', '针对流量重度用户的优享包扩容升级策略，提升ARPU值', '600000356286', 'data_usage>80% AND ARPU>60', '网厅', 0.0, 0.26, 1.8, 0.48, 1100, TRUE, NOW(), NOW()),
(100005, '30元流量优享包扩容20G升级策略', '升级', '针对中等流量用户的优享包扩容策略，平衡用户体验和收益', '600000356284', 'data_usage>60% AND ARPU>40', 'APP推送', 0.0, 0.24, 1.7, 0.45, 1300, TRUE, NOW(), NOW()),
(100006, '100享300权益客户回馈挽留策略', '挽留', '针对高价值客户的存费享优惠回馈策略，降低流失风险', '600000402848', 'vip_level>=3 AND churn_risk_high=1', '短信', 0.8, 0.38, 2.5, 0.62, 850, TRUE, NOW(), NOW()),
(100007, '20G国内流量基础包激活策略', '激活', '针对低流量用户的国内流量激活策略，提升基础流量使用', '600000314751', 'data_usage<30% AND inactive_30days=1', '电子外呼', 1.0, 0.22, 1.6, 0.41, 1400, TRUE, NOW(), NOW()),
(100008, '0元20G定向流量体验策略', '激活', '针对视频用户的免费定向流量体验策略，培养使用习惯', '600000389316', 'video_app_user=1 AND new_feature_user=1', '公众号', 1.0, 0.31, 2.0, 0.54, 1600, TRUE, NOW(), NOW()),
(100009, '宽带阶段性活动优惠20元策略', '交叉销售', '针对宽带用户的阶段性话费返还策略，提升宽带业务粘性', '600000400162', 'broadband_customer=1 AND tenure>6', '营业厅', 0.0, 0.19, 1.5, 0.38, 720, TRUE, NOW(), NOW()),
(100010, '狂欢包30元档位大流量策略', '升级', '针对辽宁地区用户的超大流量包策略，满足高流量需求', '600000392209', 'location="辽宁" AND data_usage>90%', '小程序', 0.0, 0.29, 2.2, 0.56, 1050, TRUE, NOW(), NOW()),
(100011, '全家享套餐55元优惠策略', '交叉销售', '针对中等价值家庭用户的全家享套餐优惠策略', '600000368126', 'family_size>=2 AND ARPU>100', '人工外呼', 0.77, 0.27, 1.9, 0.51, 880, TRUE, NOW(), NOW()),
(100012, '全家享套餐70元优惠策略', '交叉销售', '针对高价值家庭用户的全家享套餐优惠策略', '600000368114', 'family_size>=3 AND ARPU>180', '10000号', 0.71, 0.33, 2.4, 0.67, 760, TRUE, NOW(), NOW()),
(100013, '集团客户全家享10元优惠激活策略', '激活', '针对集团客户的全家享套餐小额优惠激活策略', '600000324758', 'corporate_customer=1 AND family_plan_eligible=1', '沙盘', 1.0, 0.18, 1.4, 0.35, 650, TRUE, NOW(), NOW()),
(100014, '集团客户全家享30元优惠激活策略', '激活', '针对集团客户的全家享套餐中额优惠激活策略', '600000324746', 'corporate_customer=1 AND family_size>=2', '沙盘', 1.0, 0.21, 1.6, 0.39, 580, TRUE, NOW(), NOW()),
(100015, '集团客户全家享40元优惠激活策略', '激活', '针对集团客户的全家享套餐较高额优惠激活策略', '600000324743', 'corporate_customer=1 AND ARPU>120', '沙盘', 1.0, 0.24, 1.8, 0.43, 520, TRUE, NOW(), NOW()),
(100016, '集团客户全家享70元优惠激活策略', '激活', '针对高价值集团客户的全家享套餐高额优惠激活策略', '600000324752', 'corporate_customer=1 AND ARPU>200', '沙盘', 1.0, 0.28, 2.1, 0.51, 480, TRUE, NOW(), NOW()),
(100017, '2024年辽阳惠享30元100G流量策略', '升级', '针对辽阳地区用户的超大流量优惠策略', '600000401676', 'location="辽阳" AND data_usage>70%', '网厅', 0.0, 0.32, 2.3, 0.59, 920, TRUE, NOW(), NOW()),
(100018, '2024年辽阳约惠加10元流量策略', '升级', '针对辽阳地区用户的增量流量优惠策略', '600000401792', 'location="辽阳" AND current_plan="基础套餐"', 'APP推送', 0.0, 0.25, 1.7, 0.46, 840, TRUE, NOW(), NOW()),
(100019, '39元飞享入网存100享340元策略', '激活', '针对新入网用户的高额话费返还策略', '600000381638', 'new_subscriber=1 AND plan="39元飞享"', '营业厅', 0.29, 0.36, 2.6, 0.64, 1250, TRUE, NOW(), NOW()),
(100020, '2022年辽阳高校迎新200分钟策略', '激活', '针对高校新生的语音通话优惠策略', '600000326002', 'student=1 AND campus="辽阳高校"', '校园推广', 1.0, 0.41, 2.8, 0.72, 1800, TRUE, NOW(), NOW())
  ON CONFLICT DO NOTHING;

INSERT INTO products (id, name, category, sub_category, price, original_price, discount_supported, description, target_user_type, package_size, valid_period, applicable_scope, is_active, created_at) VALUES
(600000407344, '新入网99元档位购泛终端直降1000元（预存1000元）', '个人套餐', '终端优惠', 0.0, 1000.0, TRUE, '新入网99元档位用户购泛终端直降1000元，预存1000元话费分36个月返还，首月20元，次月起每月28元', '新用户', '终端直降1000元', '36个月', '全国', TRUE, NOW()),
(600000350624, '流量特惠购（40元40G次月）', '流量包', '通用流量', 40.0, 40.0, FALSE, '40元40GB国内流量，不含港澳台，不支持共享及结转，流量超出后按自身资费执行', '高流量用户', '40GB', '12个月', '全国', TRUE, NOW()),
(600000408078, '219元档位享1000元和包券（预存1000元）', '个人套餐', '和包券优惠', 0.0, 1000.0, TRUE, '219元档位用户享1000元和包券，预存1000元话费分25个月每月40元，次月起享20元套餐优惠及100GB辽宁流量', '高价值用户', '1000元和包券+100GB', '25个月', '辽宁', TRUE, NOW()),
(600000349119, '优惠购机（和包）—99元全家享月优惠30元（24个月）', '个人套餐', '全家享优惠', 0.0, 30.0, TRUE, '99元全家享套餐月优惠30元，连续24个月，前6个月需在指定卡槽使用且月流量≥500MB', '家庭用户', '30元优惠', '24个月', '全国', TRUE, NOW()),
(600000409903, '2024云电脑活动（基础版）', '数字化权益', '云电脑服务', 10.0, 10.0, FALSE, '云电脑基础版月包，2核CPU，4G内存，80G硬盘，需登录移动云电脑官网使用', '数字服务用户', '云电脑基础版', '24个月', '全国', TRUE, NOW()),
(600000319289, '燃气泄漏探测服务优惠活动', '数字化权益', '智能家居', 10.0, 10.0, FALSE, '燃气泄漏报警服务，包含两年本地报警和远程报警功能', '家庭用户', '燃气探测服务', '24个月', '全国', TRUE, NOW()),
(600000383421, '随心看半年包优惠10元（次月）活动', '数字化权益', '视频会员', 0.0, 0.0, TRUE, '随心看半年包0元/月，次月起每月享10元话费充值优惠', '视频用户', '视频会员半年包', '4个月', '全国', TRUE, NOW()),
(600000396655, '全家享优惠购（plus版）升级159减40接续', '个人套餐', '全家享plus', 0.0, 40.0, TRUE, '全家享plus版159减40，连续36个月每月40元优惠，叠加15GB辽宁通用流量', '家庭用户', '40元优惠+15GB', '36个月', '辽宁', TRUE, NOW()),
(600000343213, '全家享新春版129元档活动', '个人套餐', '全家享新春', 0.0, 300.0, TRUE, '全家享新春版129元档，预存300元，享超市满减券及餐饮券，副卡用户第三个月起月返30元', '家庭用户', '129元套餐+权益', '12个月', '全国', TRUE, NOW()),
(600000403832, '2024秋季开学营销享50GB校园分区流量（月付版）', '流量包', '校园流量', 0.0, 0.0, FALSE, '50GB校园分区流量，不含港澳台，不支持结转及共享，专为学生用户设计', '学生用户', '50GB', '48个月', '校园区域', TRUE, NOW()),
(600000394905, 'IoT商城25元活动服务包B', '数字化权益', '物联网服务', 25.0, 25.0, TRUE, 'IoT商城25元活动服务包，可兑换相应物联网产品，全家享用户可享受减免', '物联网用户', 'IoT服务包', '长期', '全国', TRUE, NOW()),
(600000382063, '40元流量乐玩包（接续）', '流量包', '通用+定向', 40.0, 40.0, FALSE, '40元/月含80G国内通用流量+50G抖音快手定向流量，通用流量需套餐内用尽后使用', '高流量用户', '80G+50G', '12个月', '全国', TRUE, NOW()),
(600000390921, '爱家礼包全家WiFi尊享版1199趸交优惠活动（提速版）', '家庭宽带', 'WiFi尊享', 1199.0, 1199.0, FALSE, '1199元趸交享千兆宽带提速、全家WiFi尊享版设备、三年云盘会员等权益', '家庭宽带用户', '千兆宽带+WiFi设备', '12个月', '全国', TRUE, NOW()),
(600000407120, '109元档位购泛终端直降800元（预存800元）接续', '个人套餐', '终端优惠', 0.0, 800.0, TRUE, '109元档位用户终端直降800元，预存800元享20元套餐优惠及20GB辽宁流量，36个月', '终端升级用户', '800元直降+20GB', '36个月', '辽宁', TRUE, NOW()),
(600000417272, '移动爱家居家办公福袋优惠版240档', '数字化权益', '综合服务包', 240.0, 240.0, FALSE, '240元一次性支付，含GPU云电脑、健康养老、咪咕视频钻石会员、智能插座优惠券等', '居家办公用户', '综合数字服务包', '24个月', '全国', TRUE, NOW()),
(600000384492, '500分钟国内语音优惠活动（24个月）', '语音包', '国内语音', 0.0, 0.0, TRUE, '500分钟国内语音通话，不含港澳台，24个月有效期', '语音重度用户', '500分钟', '24个月', '全国', TRUE, NOW()),
(600000351020, '300M企带套餐专属合约活动', '家庭宽带', '企业宽带', 0.0, 0.0, FALSE, '300M企业宽带专属合约，0元/月，24个月合约期，需归还光猫设备', '企业用户', '300M宽带', '24个月', '全国', TRUE, NOW()),
(600000403055, '流量补充包120GB辽宁流量（36个月）', '流量包', '区域流量', 0.0, 0.0, TRUE, '120GB辽宁通用流量，需在辽宁区域内使用，不支持共享和结转，36个月不降档承诺', '辽宁用户', '120GB', '36个月', '辽宁', TRUE, NOW()),
(600000373700, '129元优惠活动（转套餐）', '个人套餐', '套餐优惠', 129.0, 299.0, TRUE, '129元/月享受原价299元全家享套餐，24个月有效期，到期自动接续', '套餐升级用户', '全家享299档', '24个月', '全国', TRUE, NOW()),
(600000369249, '葫芦岛分区5元80分钟国内主叫', '语音包', '区域语音', 5.0, 5.0, FALSE, '5元/月含80分钟葫芦岛分区国内主叫，仅限葫芦岛本地使用，不支持结转', '葫芦岛用户', '80分钟', '24个月', '葫芦岛', TRUE, NOW())
  ON CONFLICT DO NOTHING;



INSERT INTO products (id, name, category, sub_category, price, original_price, discount_supported, description, target_user_type, package_size, valid_period, applicable_scope, is_active, created_at) VALUES
(600000305882, '重点客户30G抖音流量', '流量包', '定向流量', 0.0, 0.0, FALSE, '30G抖音定向流量，可在抖音APP内使用，不含港澳台，不支持结转与共享，合约期12个月', '重点客户', '30GB', '12个月', '全国', TRUE, NOW()),
(600000397595, '新入网0元50G特惠省内流量12个月', '流量包', '区域流量', 0.0, 0.0, FALSE, '50GB辽宁通用流量，新入网用户专享，办理立即生效，有效期12个月，到期自动取消', '新用户', '50GB', '12个月', '辽宁', TRUE, NOW()),
(600000368102, '全家享套餐优惠专属活动（优惠90元）', '个人套餐', '全家享套餐', 0.0, 90.0, TRUE, '全家享套餐每月赠送90元话费，从参与次月起连续赠送24个月，如活动终止则未获得的话费不予享受', '家庭用户', '全家享套餐', '24个月', '全国', TRUE, NOW()),
(600000356286, '50元流量优享包活动扩容40G', '流量包', '通用流量', 50.0, 50.0, FALSE, '包含20GB国内通用流量、20GB抖音快手定向流量、10GB月末通用流量，额外加享40GB辽宁流量，有效期12个月', '高流量用户', '90GB', '12个月', '全国+辽宁', TRUE, NOW()),
(600000356284, '30元流量优享包活动扩容20G', '流量包', '通用流量', 30.0, 30.0, FALSE, '包含10GB国内通用流量、10GB抖音快手定向流量、5GB月末通用流量，额外加享20GB辽宁流量，有效期12个月', '中等流量用户', '45GB', '12个月', '全国+辽宁', TRUE, NOW()),
(600000402848, '100享300权益客户回馈活动', '话费优惠', '存费送费', 100.0, 100.0, FALSE, '存100元话费，从业务办理次月起连续10个月每月享20元话费到账优惠，合约期11个月', '高价值用户', '300元话费', '11个月', '全国', TRUE, NOW()),
(600000314751, '20G国内流量', '流量包', '通用流量', 0.0, 0.0, FALSE, '20G国内流量，从参与活动当月起生效，连续优惠12个月，到期后活动自动失效', '低流量用户', '20GB', '12个月', '全国', TRUE, NOW()),
(600000389316, '0元20G定向流量', '流量包', '定向流量', 0.0, 0.0, FALSE, '20G定向流量，适用于爱奇艺、优酷、腾讯视频、快手、抖音等APP，共12个月到期自动取消', '视频用户', '20GB', '12个月', '全国', TRUE, NOW()),
(600000400162, '宽带阶段性活动优惠20元', '宽带业务', '话费返还', 0.0, 0.0, FALSE, '参与活动后赠送720元话费，从参与当月起连续返还36个月，每月返还10元话费', '宽带用户', '720元话费', '36个月', '全国', TRUE, NOW()),
(600000392209, '狂欢包30元档位', '流量包', '区域流量', 30.0, 30.0, FALSE, '100GB辽宁通用流量，需在套餐内流量使用前使用，有效期24个月，不支持结转及共享', '区域用户', '100GB', '24个月', '辽宁', TRUE, NOW()),
(600000368126, '全家享套餐优惠专属活动（优惠55元）', '个人套餐', '全家享套餐', 0.0, 55.0, TRUE, '全家享套餐每月赠送55元话费，从参与次月起连续赠送24个月，如活动终止则未获得的话费不予享受', '家庭用户', '全家享套餐', '24个月', '全国', TRUE, NOW()),
(600000368114, '全家享套餐优惠专属活动（优惠70元）', '个人套餐', '全家享套餐', 0.0, 70.0, TRUE, '全家享套餐每月赠送70元话费，从参与次月起连续赠送24个月，如活动终止则未获得的话费不予享受', '高价值家庭', '全家享套餐', '24个月', '全国', TRUE, NOW()),
(600000324758, '集团客户全家享套餐专属优惠活动（优惠10元）', '个人套餐', '集团套餐', 0.0, 10.0, TRUE, '集团客户全家享套餐专属优惠，不收取费用，办理立即生效，合约期25个月，每月充值10元连续24个月', '企业用户', '集团全家享', '25个月', '全国', TRUE, NOW()),
(600000324746, '集团客户全家享套餐专属优惠活动（优惠30元）', '个人套餐', '集团套餐', 0.0, 30.0, TRUE, '集团客户全家享套餐专属优惠，不收取费用，办理立即生效，合约期25个月，每月充值30元连续24个月', '企业用户', '集团全家享', '25个月', '全国', TRUE, NOW()),
(600000324743, '集团客户全家享套餐专属优惠活动（优惠40元）', '个人套餐', '集团套餐', 0.0, 40.0, TRUE, '集团客户全家享套餐专属优惠，不收取费用，办理立即生效，合约期25个月，每月充值40元连续24个月', '企业用户', '集团全家享', '25个月', '全国', TRUE, NOW()),
(600000324752, '集团客户全家享套餐专属优惠活动（优惠70元）', '个人套餐', '集团套餐', 0.0, 70.0, TRUE, '集团客户全家享套餐专属优惠，不收取费用，办理立即生效，合约期25个月，每月充值70元连续24个月', '高价值企业', '集团全家享', '25个月', '全国', TRUE, NOW()),
(600000401676, '2024年辽阳惠享30元100G辽宁流量', '流量包', '区域流量', 30.0, 30.0, FALSE, '100G辽宁流量，必须在辽宁分区内使用，共24个月到期自动取消，不支持结转与共享', '区域用户', '100GB', '24个月', '辽宁', TRUE, NOW()),
(600000401792, '2024年辽阳约惠加10元流量活动', '流量包', '区域流量', 10.0, 10.0, FALSE, '承诺在原消费金额不变基础上每月增加10元享50GB辽宁流量，共24个月到期自动取消', '区域用户', '50GB', '24个月', '辽宁', TRUE, NOW()),
(600000381638, '2024年39元飞享入网存100元享340元优惠活动', '话费优惠', '存费送费', 100.0, 100.0, FALSE, '存100元话费享340元话费优惠，100元入网当月返还，剩余240元次月起每月返还20元，活动期13个月', '新用户', '340元话费', '13个月', '全国', TRUE, NOW()),
(600000326002, '2022年辽阳高校迎新200分钟国内主叫国内通话包（48个月）', '语音包', '国内语音', 0.0, 0.0, FALSE, '每月可享200分钟国内主叫通话时长（不含港澳台），有效期48个月，到期后自动取消', '学生用户', '200分钟', '48个月', '全国', TRUE, NOW())
  ON CONFLICT DO NOTHING;

INSERT INTO scripts (id, content, scenario, product_id, strategy_id, user_segment, channel, compliance_status, usage_count, avg_ctr, created_at, updated_at) VALUES
(1, '【抖音流量专享】尊敬的客户，您可享受30G抖音定向流量免费送！立即生效，12个月有效，刷抖音不耗套餐流量！点击APP立即领取>>', '视频用户定向流量', 600000305882, 100001, '重点客户', 'APP推送', 'approved', 850, 0.52, NOW(), NOW()),
(2, '【新用户专享】50G辽宁流量0元送！新入网用户专享福利，立即生效12个月！回复Y办理或拨打10086咨询。', '新用户流量激活', 600000397595, 100002, '新用户', '短信', 'approved', 1200, 0.58, NOW(), NOW()),
(3, '您好！我是移动客服专员，看到您是我们的优质家庭用户，现为您推荐全家享套餐90元优惠！月省90元，包含家庭宽带和多终端共享，需要详细介绍吗？', '家庭用户交叉销售', 600000368102, 100003, '家庭用户', '人工外呼', 'approved', 620, 0.65, NOW(), NOW()),
(4, '【流量升级提醒】您的50元流量优享包现在额外加享40G辽宁流量！总流量达90G，立即通过网厅办理享受>>', '流量包升级', 600000356286, 100004, '高流量用户', '网厅', 'approved', 780, 0.48, NOW(), NOW()),
(5, '【流量优惠】30元流量优享包现在扩容20G辽宁流量！总流量45G超值享受，APP一键办理>>', '流量包升级', 600000356284, 100005, '中等流量用户', 'APP推送', 'approved', 950, 0.45, NOW(), NOW()),
(6, '【高价值客户专享】存100元享300元话费！连续10个月每月返20元，立即生效！回复Y办理>>', '高价值客户挽留', 600000402848, 100006, 'VIP客户', '短信', 'approved', 580, 0.62, NOW(), NOW()),
(7, '您好！检测到您本月流量使用较少，为您推荐20G国内流量免费送！12个月有效，需要为您开通吗？', '低流量用户激活', 600000314751, 100007, '低流量用户', '电子外呼', 'approved', 1100, 0.41, NOW(), NOW()),
(8, '【视频会员福利】20G定向流量免费送！爱奇艺、优酷、腾讯视频、抖音、快手全免流！关注公众号回复"领流量"立即领取>>', '视频用户激活', 600000389316, 100008, '视频用户', '公众号', 'approved', 1400, 0.54, NOW(), NOW()),
(9, '【宽带用户专享】参与宽带活动即送720元话费！36个月分期返还，欢迎到营业厅咨询办理！', '宽带用户交叉销售', 600000400162, 100009, '宽带用户', '营业厅', 'approved', 420, 0.38, NOW(), NOW()),
(10, '【辽阳用户专享】30元享100G辽宁流量！超大流量满足您的日常需求，小程序一键办理>>', '区域用户升级', 600000392209, 100010, '辽阳用户', '小程序', 'approved', 680, 0.56, NOW(), NOW()),
(11, '您好！为您推荐全家享套餐55元优惠！月省55元，24个月连续优惠，适合2人以上家庭使用，需要了解详情吗？', '家庭用户交叉销售', 600000368126, 100011, '家庭用户', '人工外呼', 'approved', 520, 0.51, NOW(), NOW()),
(12, '【高价值家庭专享】全家享套餐70元优惠开启！月省70元，包含更多家庭权益，拨打10000号立即咨询>>', '高价值家庭交叉销售', 600000368114, 100012, '高价值家庭', '10000号', 'approved', 480, 0.67, NOW(), NOW()),
(13, '【集团客户福利】全家享套餐10元优惠活动开启！集团客户专享，沙盘系统已为您配置，联系客户经理办理>>', '集团客户激活', 600000324758, 100013, '集团客户', '沙盘', 'approved', 320, 0.35, NOW(), NOW()),
(14, '【集团客户专享】全家享套餐30元优惠！适合2人以上家庭，沙盘系统已配置，联系您的客户经理>>', '集团客户激活', 600000324746, 100014, '集团客户', '沙盘', 'approved', 280, 0.39, NOW(), NOW()),
(15, '【集团客户福利】全家享套餐40元优惠活动！ARPU>120客户专享，沙盘系统已为您准备>>', '集团客户激活', 600000324743, 100015, '集团客户', '沙盘', 'approved', 250, 0.43, NOW(), NOW()),
(16, '【高价值集团专享】全家享套餐70元优惠！沙盘系统已配置最高优惠，联系客户经理立即办理>>', '高价值集团激活', 600000324752, 100016, '高价值集团', '沙盘', 'approved', 220, 0.51, NOW(), NOW()),
(17, '【辽阳流量特惠】30元享100G辽宁流量！辽阳用户专享，网厅办理立享优惠>>', '辽阳用户升级', 600000401676, 100017, '辽阳用户', '网厅', 'approved', 580, 0.59, NOW(), NOW()),
(18, '【辽阳增量优惠】加10元享50G辽宁流量！原套餐不变，流量翻倍，APP立即办理>>', '辽阳用户升级', 600000401792, 100018, '辽阳用户', 'APP推送', 'approved', 520, 0.46, NOW(), NOW()),
(19, '【新入网专享】39元飞享套餐存100元享340元！首月返100元，后续每月返20元，营业厅办理>>', '新用户激活', 600000381638, 100019, '新用户', '营业厅', 'approved', 820, 0.64, NOW(), NOW()),
(20, '【校园迎新福利】200分钟国内通话免费送！辽阳高校新生专享，48个月长期有效！', '学生用户激活', 600000326002, 100020, '学生用户', '校园推广', 'approved', 1500, 0.72, NOW(), NOW())
  ON CONFLICT DO NOTHING;

INSERT INTO execution_plans (id, strategy_id, audience_segment, channel, wave_count, wave_interval_hours, send_time_preference, actual_conversion_rate, actual_roi, usage_count, created_at) VALUES
(1, 100001, '抖音活跃的重点客户', 'APP推送', 3, 24, '晚间', 0.28, 1.9, 420, NOW()),
(2, 100002, '辽宁地区新入网用户', '短信', 2, 48, '上午', 0.35, 2.1, 750, NOW()),
(3, 100003, '3人以上家庭高ARPU用户', '人工外呼', 4, 12, '下午', 0.32, 2.3, 380, NOW()),
(4, 100004, '流量使用率>80%的高ARPU用户', '网厅', 5, 8, '全天', 0.26, 1.8, 520, NOW()),
(5, 100005, '流量使用率60-80%的中等ARPU用户', 'APP推送', 4, 16, '晚间', 0.24, 1.7, 680, NOW()),
(6, 100006, '高流失风险VIP客户', '短信', 3, 24, '上午', 0.38, 2.5, 320, NOW()),
(7, 100007, '30天低活跃低流量用户', '电子外呼', 2, 36, '下午', 0.22, 1.6, 850, NOW()),
(8, 100008, '视频APP活跃的新功能用户', '公众号', 6, 6, '个性化', 0.31, 2.0, 920, NOW()),
(9, 100009, '在网6个月以上的宽带用户', '营业厅', 1, 0, '全天', 0.19, 1.5, 280, NOW()),
(10, 100010, '辽宁地区流量重度用户', '小程序', 3, 12, '全天', 0.29, 2.2, 450, NOW()),
(11, 100011, '2人以上家庭中等ARPU用户', '人工外呼', 3, 24, '下午', 0.27, 1.9, 350, NOW()),
(12, 100012, '3人以上家庭高ARPU用户', '10000号', 2, 48, '全天', 0.33, 2.4, 310, NOW()),
(13, 100013, '有家庭套餐资格的集团客户', '沙盘', 1, 0, '全天', 0.18, 1.4, 180, NOW()),
(14, 100014, '2人以上家庭的集团客户', '沙盘', 1, 0, '全天', 0.21, 1.6, 160, NOW()),
(15, 100015, 'ARPU>120的集团客户', '沙盘', 1, 0, '全天', 0.24, 1.8, 140, NOW()),
(16, 100016, 'ARPU>200的高价值集团客户', '沙盘', 1, 0, '全天', 0.28, 2.1, 120, NOW()),
(17, 100017, '辽阳地区流量使用率>70%用户', '网厅', 4, 12, '晚间', 0.32, 2.3, 380, NOW()),
(18, 100018, '辽阳地区基础套餐用户', 'APP推送', 3, 16, '晚间', 0.25, 1.7, 320, NOW()),
(19, 100019, '39元飞享新入网用户', '营业厅', 2, 24, '全天', 0.36, 2.6, 620, NOW()),
(20, 100020, '辽阳高校新生用户', '校园推广', 1, 0, '全天', 0.41, 2.8, 950, NOW())
  ON CONFLICT DO NOTHING;


INSERT INTO strategies (id, name, category, description, product_ids, conditions, channel_preference, discount_ratio, avg_conversion_rate, avg_roi, avg_click_rate, sample_count, is_active, created_at, updated_at) VALUES
(100151, '50G本钢专属区域流量挽留策略', '挽留', '针对本钢厂区用户的专属流量挽留策略，提供50GB区域流量优惠', '600000388603', 'location="本钢厂区" AND churn_risk_medium=1', '短信', 1.0, 0.25, 1.8, 0.45, 1200, TRUE, NOW(), NOW()),
(100152, '全家享239减170交叉销售策略', '交叉销售', '针对高价值用户的全家享套餐优惠策略，月省170元', '600000390880', 'ARPU>200 AND family_plan_eligible=1', '人工外呼', 0.71, 0.32, 2.1, 0.68, 850, TRUE, NOW(), NOW()),
(100153, '集团客户全家享90元优惠激活策略', '激活', '针对集团客户的全家享套餐激活策略', '600000324761', 'corporate_customer=1 AND inactive_30days=1', '10000号', 1.0, 0.18, 1.5, 0.35, 620, TRUE, NOW(), NOW()),
(100154, '50元100G关爱专属流量升级策略', '升级', '针对本溪地区用户的流量升级策略', '600000385378', 'location="本溪" AND data_usage>80%', 'APP推送', 0.0, 0.28, 1.9, 0.52, 980, TRUE, NOW(), NOW()),
(100155, '重点客户150GB流量优惠挽留策略', '挽留', '针对重点客户的150GB辽宁流量优惠挽留策略', '600000402690', 'vip_level>=3 AND churn_risk_high=1', '短信', 0.91, 0.35, 2.3, 0.58, 1100, TRUE, NOW(), NOW()),
(100156, '重点客户300分钟语音挽留策略', '挽留', '针对重点客户的国内语音通话时长挽留策略', '600000317773', 'voice_heavy_user=1 AND churn_risk_medium=1', '电子外呼', 1.0, 0.22, 1.7, 0.41, 750, TRUE, NOW(), NOW()),
(100157, '重点客户20G流量激活策略', '激活', '针对重点客户的20G国内通用流量激活策略', '600000317774', 'vip_level>=3 AND low_activity=1', '公众号', 1.0, 0.29, 2.0, 0.49, 920, TRUE, NOW(), NOW()),
(100158, '30GB景区专属流量交叉销售策略', '交叉销售', '针对旅游爱好者的景区专属流量策略', '600000395578', 'travel_interest=1 AND location_near_scenic=1', '小程序', 0.0, 0.24, 1.6, 0.43, 680, TRUE, NOW(), NOW()),
(100159, '集团客户全家享70元优惠激活策略', '激活', '针对集团客户的全家享套餐70元优惠激活策略', '600000324752', 'corporate_customer=1 AND family_size>=3', '营业厅', 1.0, 0.21, 1.8, 0.38, 590, TRUE, NOW(), NOW()),
(100160, '铁岭客户10GB流量升级策略', '升级', '针对铁岭客户的辽宁10GB流量升级策略', '600000378679', 'location="铁岭" AND data_usage>70%', '网厅', 1.0, 0.26, 1.9, 0.47, 880, TRUE, NOW(), NOW()),
(100161, '铁岭5元2GB通用+13GB区域流量策略', '升级', '针对铁岭客户的复合流量包升级策略', '600000393629', 'location="铁岭" AND current_plan_low=1', 'APP推送', 0.0, 0.23, 1.7, 0.42, 720, TRUE, NOW(), NOW()),
(100162, '铁岭客户100分钟语音优惠策略', '激活', '针对铁岭客户的本地语音优惠激活策略', '600000378653', 'location="铁岭" AND voice_usage_low=1', '短信', 1.0, 0.19, 1.5, 0.36, 650, TRUE, NOW(), NOW()),
(100163, '500分钟国内语音24个月策略', '激活', '针对语音需求用户的长期语音包策略', '600000384492', 'voice_heavy_user=1 AND ARPU>50', '人工外呼', 1.0, 0.27, 1.9, 0.51, 820, TRUE, NOW(), NOW()),
(100164, '300M企带套餐专属合约策略', '交叉销售', '针对企业宽带用户的专属合约策略', '600000351020', 'business_customer=1 AND broadband_speed<300', '沙盘', 0.0, 0.15, 1.3, 0.28, 420, TRUE, NOW(), NOW()),
(100165, '120GB辽宁流量36个月策略', '升级', '针对高流量用户的超长期大流量策略', '600000403055', 'data_usage>90% AND tenure>12', '网厅', 0.0, 0.31, 2.2, 0.57, 950, TRUE, NOW(), NOW()),
(100166, '129元转套餐优惠策略', '升级', '针对中等价值用户的全家享套餐升级策略', '600000373700', 'ARPU>80 AND current_plan=79', '10000号', 0.57, 0.29, 2.0, 0.54, 880, TRUE, NOW(), NOW()),
(100167, '葫芦岛5元80分钟分区语音策略', '激活', '针对葫芦岛用户的本地语音激活策略', '600000369249', 'location="葫芦岛" AND local_call_need=1', '短信', 0.0, 0.21, 1.6, 0.39, 680, TRUE, NOW(), NOW()),
(100168, '葫芦岛川达集团39元存量策略', '激活', '针对川达集团存量用户的套餐激活策略', '600000397003', 'corporate_group="川达集团" AND inactive_60days=1', '沙盘', 0.70, 0.24, 1.8, 0.44, 520, TRUE, NOW(), NOW()),
(100169, '59元非转套餐优惠策略', '升级', '针对用户的全家享套餐升级策略', '600000373697', 'ARPU>60 AND current_plan=29', '人工外呼', 0.63, 0.26, 1.8, 0.48, 750, TRUE, NOW(), NOW()),
(100170, '吉祥号码预存7056元策略', '激活', '针对吉祥号码用户的高额预存策略', '600000363107', 'premium_number=1 AND high_value=1', '营业厅', 0.0, 0.12, 1.2, 0.22, 320, TRUE, NOW(), NOW())
  ON CONFLICT DO NOTHING;

INSERT INTO products (id, name, category, sub_category, price, original_price, discount_supported, description, target_user_type, package_size, valid_period, applicable_scope, is_active, created_at) VALUES
(600000388603, '50G本钢专属区域流量优惠活动', '流量包', '区域流量', 0.0, 0.0, FALSE, '50GB本钢厂区专属区域流量，有效期12个月，不含港澳台，不支持共享和结转', '企业用户', '50GB', '12个月', '本钢厂区', TRUE, NOW()),
(600000390880, '全家享优惠专属活动239减170', '个人套餐', '全家享套餐', 69.0, 239.0, TRUE, '全家享套餐月费239元优惠至69元，合约期24个月，包含家庭宽带和多终端共享', '家庭用户', '全家享套餐', '24个月', '全国', TRUE, NOW()),
(600000324761, '集团客户全家享套餐专属优惠活动（优惠90元）', '个人套餐', '集团套餐', 0.0, 90.0, TRUE, '集团客户全家享套餐专属优惠，每月充值90元连续24个月，合约期25个月', '企业用户', '集团全家享', '25个月', '全国', TRUE, NOW()),
(600000385378, '50元100G关爱专属流量（本溪）', '流量包', '区域流量', 50.0, 50.0, FALSE, '100G本溪地区关爱专属流量，适用于本溪地区用户', '低流量用户', '100GB', '长期', '本溪', TRUE, NOW()),
(600000402690, '2024重点客户流量优惠活动（150GB）', '流量包', '通用流量', 3.0, 33.0, TRUE, '150GB辽宁流量优惠活动，原价33元/月，优惠后3元/月，合约期12个月', '高流量用户', '150GB', '12个月', '辽宁', TRUE, NOW()),
(600000317773, '重点客户300分钟国内语音12个月（立即）', '语音包', '国内语音', 0.0, 20.0, TRUE, '300分钟国内通话时长，合约期12个月，到期自动取消', '语音重度用户', '300分钟', '12个月', '全国', TRUE, NOW()),
(600000317774, '重点客户20G流量12个月（立即）', '流量包', '通用流量', 0.0, 15.0, TRUE, '20G国内通用流量，不含港澳台，不支持共享及结转，合约期12个月', '重点客户', '20GB', '12个月', '全国', TRUE, NOW()),
(600000395578, '30GB景区专属流量优惠活动', '流量包', '景区流量', 0.0, 25.0, TRUE, '30GB景区专属流量，适用于热门旅游景区使用', '旅游用户', '30GB', '24个月', '景区区域', TRUE, NOW()),
(600000324752, '集团客户全家享套餐专属优惠活动（优惠70元）', '个人套餐', '集团套餐', 0.0, 70.0, TRUE, '集团客户全家享套餐70元优惠，每月充值70元连续24个月，合约期25个月', '企业用户', '集团全家享', '25个月', '全国', TRUE, NOW()),
(600000378679, '铁岭客户辽宁10GB流量优惠', '流量包', '区域流量', 0.0, 10.0, TRUE, '10GB辽宁流量优惠，需在套餐内流量用完后使用，不支持共享及结转', '区域用户', '10GB', '24个月', '辽宁', TRUE, NOW()),
(600000393629, '5元2GB国内通用流量及13GB铁岭区域流量（次月生效）', '流量包', '复合流量', 5.0, 5.0, FALSE, '2GB国内通用流量+13GB铁岭区域流量，流量不可结转及共享，合约期24个月', '区域用户', '15GB', '24个月', '全国+铁岭', TRUE, NOW()),
(600000378653, '铁岭客户100分钟语音优惠', '语音包', '本地语音', 0.0, 8.0, TRUE, '100分钟国内语音通话优惠，共24个月，不含港澳台', '区域用户', '100分钟', '24个月', '全国', TRUE, NOW()),
(600000384492, '500分钟国内语音优惠活动（24个月）', '语音包', '国内语音', 0.0, 40.0, TRUE, '500分钟国内语音，活动有效期24个月，到期后自动取消', '语音用户', '500分钟', '24个月', '全国', TRUE, NOW()),
(600000351020, '300M企带套餐专属合约活动', '宽带业务', '企业宽带', 0.0, 0.0, FALSE, '300M企业宽带专属合约，合约期24个月，需归还光猫设备', '企业用户', '300M宽带', '24个月', '全国', TRUE, NOW()),
(600000403055, '流量补充包120GB辽宁流量（36个月）', '流量包', '区域流量', 0.0, 0.0, FALSE, '120GB辽宁通用流量，需在辽宁区域内使用，不支持共享和结转，合约期36个月', '高流量用户', '120GB', '36个月', '辽宁', TRUE, NOW()),
(600000373700, '129元优惠活动（转套餐）', '个人套餐', '全家享套餐', 129.0, 299.0, TRUE, '129元/月享受原价299元的299档位全家享套餐优惠，活动有效期24个月', '中高价值用户', '全家享套餐', '24个月', '全国', TRUE, NOW()),
(600000369249, '葫芦岛分区5元80分钟国内主叫', '语音包', '分区语音', 5.0, 5.0, FALSE, '80分钟葫芦岛分区国内主叫通话时长，仅限在葫芦岛本地使用，不支持结转', '区域用户', '80分钟', '24个月', '葫芦岛', TRUE, NOW()),
(600000397003, '葫芦岛川达集团成员39元活动（存量）', '个人套餐', '集团套餐', 39.0, 129.0, TRUE, '39元/月享受129元全家享套餐资源，包含30G全国流量，150G本地流量', '集团用户', '集团套餐', '24个月', '葫芦岛', TRUE, NOW()),
(600000373697, '59元优惠活动（非转套餐）', '个人套餐', '全家享套餐', 59.0, 159.0, TRUE, '59元/月享受原价159元的159档位全家享套餐优惠，活动有效期24个月', '中等价值用户', '全家享套餐', '24个月', '全国', TRUE, NOW()),
(600000363107, '吉祥号码预存7056元', '话费优惠', '预存送费', 0.0, 0.0, FALSE, '预存7056元话费，有效期内每月返还588元话费，活动有效期12个月', '高价值用户', '7056元话费', '12个月', '全国', TRUE, NOW())
  ON CONFLICT DO NOTHING;

INSERT INTO scripts (id, content, scenario, product_id, strategy_id, user_segment, channel, compliance_status, usage_count, avg_ctr, created_at, updated_at) VALUES
(151, '【本钢厂区专属福利】尊敬的客户，您可享受50GB本钢专属区域流量，0元/月！立即生效，有效期12个月。回复Y办理，或拨打10086咨询。', '区域流量挽留', 600000388603, 100151, '本钢厂区用户', '短信', 'approved', 850, 0.45, NOW(), NOW()),
(152, '您好！我是移动客服专员，看到您是我们的高价值客户，现为您推荐全家享239套餐优惠至69元/月，月省170元！包含宽带、多终端共享，需要为您详细介绍吗？', '高价值客户交叉销售', 600000390880, 100152, '高ARPU用户', '人工外呼', 'approved', 620, 0.68, NOW(), NOW()),
(153, '【集团客户专享】您可办理全家享套餐90元优惠活动！不收费用，办理立即生效，合约25个月。详情请咨询10000号或前往营业厅。', '集团客户激活', 600000324761, 100153, '集团客户', '10000号', 'approved', 480, 0.35, NOW(), NOW()),
(154, '【本溪关爱流量】50元享100G专属流量！超大流量满足您的日常需求，立即通过APP办理享受优惠！', '区域流量升级', 600000385378, 100154, '本溪用户', 'APP推送', 'approved', 720, 0.52, NOW(), NOW()),
(155, '【重点客户专享】150GB辽宁流量仅需3元/月！原价33元，现在办理立享优惠，合约12个月。点击链接立即办理>>', '重点客户挽留', 600000402690, 100155, 'VIP客户', '短信', 'approved', 950, 0.58, NOW(), NOW()),
(156, '您好！检测到您本月语音使用较多，为您推荐300分钟国内语音包，0元/月，连续12个月！需要为您开通吗？', '语音用户挽留', 600000317773, 100156, '语音重度用户', '电子外呼', 'approved', 580, 0.41, NOW(), NOW()),
(157, '【重点客户福利】20G国内通用流量免费送！连续12个月，立即生效。关注公众号回复"领流量"即可领取！', '重点客户激活', 600000317774, 100157, '重点客户', '公众号', 'approved', 820, 0.49, NOW(), NOW()),
(158, '【景区流量特惠】30GB景区专属流量免费送！旅游出行无忧，通过小程序一键领取，有效期24个月！', '旅游用户交叉销售', 600000395578, 100158, '旅游兴趣用户', '小程序', 'approved', 520, 0.43, NOW(), NOW()),
(159, '【集团客户福利】全家享套餐70元优惠活动开启！每月充值70元连续24个月，合约25个月。欢迎到营业厅咨询办理！', '集团客户激活', 600000324752, 100159, '集团客户', '营业厅', 'approved', 450, 0.38, NOW(), NOW()),
(160, '【铁岭用户专享】10GB辽宁流量免费送！次月生效，连续24个月。登录网厅立即领取>>', '区域用户升级', 600000378679, 100160, '铁岭用户', '网厅', 'approved', 780, 0.47, NOW(), NOW()),
(161, '【铁岭流量组合包】5元享15GB流量！2GB全国+13GB铁岭本地，APP一键办理>>', '区域用户升级', 600000393629, 100161, '铁岭用户', 'APP推送', 'approved', 620, 0.42, NOW(), NOW()),
(162, '【铁岭语音优惠】100分钟国内通话免费送！24个月长期有效，短信回复Y立即办理>>', '区域用户激活', 600000378653, 100162, '铁岭用户', '短信', 'approved', 580, 0.36, NOW(), NOW()),
(163, '您好！为您推荐500分钟国内语音包，0元/月，连续24个月！适合经常打电话的您，需要开通吗？', '语音用户激活', 600000384492, 100163, '语音重度用户', '人工外呼', 'approved', 720, 0.51, NOW(), NOW()),
(164, '【企业宽带升级】300M企业宽带专属合约开启！联系客户经理了解详情，沙盘系统已为您配置>>', '企业客户交叉销售', 600000351020, 100164, '企业客户', '沙盘', 'approved', 320, 0.28, NOW(), NOW()),
(165, '【超大流量长期包】120GB辽宁流量免费送！36个月超长期有效，网厅立即办理>>', '高流量用户升级', 600000403055, 100165, '高流量用户', '网厅', 'approved', 850, 0.57, NOW(), NOW()),
(166, '您好！为您推荐129元全家享套餐，原价299元现在只要129元！月省170元，拨打10000号立即咨询>>', '套餐升级', 600000373700, 100166, '中高价值用户', '10000号', 'approved', 780, 0.54, NOW(), NOW()),
(167, '【葫芦岛本地优惠】5元享80分钟本地通话！仅限葫芦岛使用，24个月有效，回复Y办理>>', '区域用户激活', 600000369249, 100167, '葫芦岛用户', '短信', 'approved', 520, 0.39, NOW(), NOW()),
(168, '【川达集团专享】39元享129元套餐资源！包含180G流量+300分钟通话，沙盘系统已配置>>', '集团客户激活', 600000397003, 100168, '川达集团用户', '沙盘', 'approved', 380, 0.44, NOW(), NOW()),
(169, '您好！为您推荐59元全家享套餐，原价159元现在只要59元！月省100元，需要详细介绍吗？', '套餐升级', 600000373697, 100169, '中等价值用户', '人工外呼', 'approved', 650, 0.48, NOW(), NOW()),
(170, '【吉祥号码专享】预存7056元话费，12个月每月返588元！营业厅专属办理，详情咨询>>', '高价值用户激活', 600000363107, 100170, '吉祥号码用户', '营业厅', 'approved', 280, 0.22, NOW(), NOW())
  ON CONFLICT DO NOTHING;

INSERT INTO execution_plans (id, strategy_id, audience_segment, channel, wave_count, wave_interval_hours, send_time_preference, actual_conversion_rate, actual_roi, usage_count, created_at) VALUES
(151, 100151, '本钢厂区高流失风险用户', '短信', 3, 24, '上午', 0.25, 1.8, 420, NOW()),
(152, 100152, 'ARPU>200的家庭用户', '人工外呼', 2, 48, '下午', 0.32, 2.1, 380, NOW()),
(153, 100153, '30天未活跃的集团客户', '10000号', 1, 0, '全天', 0.18, 1.5, 290, NOW()),
(154, 100154, '本溪地区流量使用率>80%用户', 'APP推送', 4, 12, '晚间', 0.28, 1.9, 520, NOW()),
(155, 100155, '高流失风险VIP客户', '短信', 3, 24, '上午', 0.35, 2.3, 680, NOW()),
(156, 100156, '月语音使用>500分钟用户', '电子外呼', 2, 36, '下午', 0.22, 1.7, 320, NOW()),
(157, 100157, '30天低活跃重点客户', '公众号', 5, 8, '个性化', 0.29, 2.0, 480, NOW()),
(158, 100158, '旅游兴趣标签用户', '小程序', 3, 16, '全天', 0.24, 1.6, 280, NOW()),
(159, 100159, '集团客户家庭规模>=3', '营业厅', 1, 0, '全天', 0.21, 1.8, 250, NOW()),
(160, 100160, '铁岭地区流量使用率>70%用户', '网厅', 4, 12, '晚间', 0.26, 1.9, 450, NOW()),
(161, 100161, '铁岭地区低套餐用户', 'APP推送', 3, 18, '晚间', 0.23, 1.7, 380, NOW()),
(162, 100162, '铁岭地区语音使用率低用户', '短信', 2, 30, '上午', 0.19, 1.5, 320, NOW()),
(163, 100163, '语音重度使用用户', '人工外呼', 3, 20, '下午', 0.27, 1.9, 420, NOW()),
(164, 100164, '企业宽带速度<300M用户', '沙盘', 1, 0, '全天', 0.15, 1.3, 180, NOW()),
(165, 100165, '高流量使用且在网>12个月用户', '网厅', 5, 10, '全天', 0.31, 2.2, 580, NOW()),
(166, 100166, '79元套餐ARPU>80用户', '10000号', 2, 40, '全天', 0.29, 2.0, 520, NOW()),
(167, 100167, '葫芦岛本地通话需求用户', '短信', 3, 22, '上午', 0.21, 1.6, 350, NOW()),
(168, 100168, '川达集团60天未活跃用户', '沙盘', 1, 0, '全天', 0.24, 1.8, 220, NOW()),
(169, 100169, '29元套餐ARPU>60用户', '人工外呼', 3, 25, '下午', 0.26, 1.8, 420, NOW()),
(170, 100170, '吉祥号码高价值用户', '营业厅', 1, 0, '全天', 0.12, 1.2, 150, NOW())
  ON CONFLICT DO NOTHING;

-- 基于 Excel 去重后的产品，此处展示前 20 行
INSERT INTO products (id, name, category, sub_category, price, original_price, discount_supported, description, target_user_type, package_size, valid_period, applicable_scope) VALUES
(600000320919, '新入网全家享79元套餐享优惠40', '个人套餐', '全家享套餐', 39.00, 79.00, true, '新入网用户专享，连续12个月优惠40元/月，含语音流量宽带', '新用户', '79元档', '12个月', '全国'),
(600000324764, '集团客户全家享套餐专属优惠活动（优惠60元）', '集团业务', '政企套餐', 0.00, 60.00, true, '集团客户专享，每月充值60元，连续24个月', '企业用户', '60元充值', '25个月', '全国'),
(600000412065, '2024年10GB辽宁省内流量活动', '流量包', '省内流量', 0.00, 0.00, false, '套餐外10GB辽宁流量，合约期12个月', '高流量用户', '10GB', '12个月', '辽宁省内'),
(600000387885, '5G全家享大礼包79元', '个人套餐', '5G全家享', 79.00, 79.00, true, '预存300元，前三月送1500分钟+120GB辽宁流量', '新入网用户', '79元档', '12个月', '全国'),
(600000324755, '集团客户全家享套餐专属优惠活动（优惠20元）', '集团业务', '政企套餐', 0.00, 20.00, true, '集团客户专享，每月充值20元，连续24个月', '企业用户', '20元充值', '25个月', '全国'),
(600000324770, '集团客户全家享套餐专属优惠活动（优惠80元）', '集团业务', '政企套餐', 0.00, 80.00, true, '集团客户专享，每月充值80元，连续24个月', '企业用户', '80元充值', '25个月', '全国'),
(600000321714, '2022年锦州机务段36元套餐优惠活动', '个人套餐', '定向优惠', 36.00, 39.00, true, '锦州机务段员工专享，36元享39元套餐+额外流量通话', '行业用户', '36元档', '24个月', '全国'),
(600000389770, '阜新2024套餐升档回馈活动（24月）', '升级活动', '套餐升档', 0.00, 0.00, false, '升档后享3000分钟网内通话+5GB阜新流量', '存量用户', '0元', '24个月', '辽宁省内'),
(600000369108, '2023阜新流量提升活动', '流量包', '区域流量', 5.00, 5.00, false, '5元/月含2G国内+5G阜新流量', '流量提升用户', '7GB', '12个月', '国内+阜新'),
(600000321715, '2022年锦州机务段56元套餐优惠活动', '个人套餐', '定向优惠', 56.00, 79.00, true, '锦州机务段员工专享，56元享79元套餐+额外资源', '行业用户', '56元档', '24个月', '全国'),
(600000324752, '集团客户全家享套餐专属优惠活动（优惠70元）', '集团业务', '政企套餐', 0.00, 70.00, true, '集团客户专享，每月充值70元，连续24个月', '企业用户', '70元充值', '25个月', '全国'),
(600000374052, '新入网套餐优惠活动5', '个人套餐', '新入网优惠', 5.00, 5.00, false, '每月5元套餐优惠，有效期24个月', '新用户', '5元优惠', '24个月', '全国'),
(600000384906, '全家享合约客户回馈活动（30GB）', '流量包', '回馈流量', 0.00, 0.00, false, '0元享30GB辽宁流量，可共享不可结转', '合约客户', '30GB', '合约期内', '辽宁省内'),
(600000388796, '阜新政企攻坚5G金币活动199元全家享免预存直降5750元', '购机活动', '5G金币', 199.00, 199.00, true, '199元套餐，免预存直降5750元购机款', '政企客户', '199元档', '36个月', '全国'),
(600000400242, '新入网0元15G特惠流量活动', '流量包', '新入网流量', 0.00, 0.00, false, '0元享15GB辽宁通用流量，自动接续', '新用户', '15GB', '12个月', '辽宁省内'),
(600000369706, '阜新公司省内亲情网业务优惠活动0元', '数字化权益', '亲情网', 0.00, 20.00, true, '0元享省内亲情网，成员最多15人', '家庭用户', '20元优惠', '12个月', '辽宁省内'),
(600000395579, '50GB景区专属流量优惠活动', '流量包', '景区流量', 0.00, 0.00, false, '景区专属50GB流量，合约期12个月', '游客', '50GB', '12个月', '景区内'),
(600000385379, '10元20G关爱专属流量（本溪）', '流量包', '关爱流量', 10.00, 10.00, false, '10元享20GB本溪本地流量', '本溪用户', '20GB', '12个月', '本溪市内'),
(600000388620, '全家享优惠专属活动99减70', '个人套餐', '全家享优惠', 29.00, 99.00, true, '99元套餐减70元，合约期24个月', '中高端用户', '99元档', '24个月', '全国'),
(600000388603, '50G本钢专属区域流量优惠活动', '流量包', '企业专属', 0.00, 0.00, false, '0元享50GB本钢厂区专属流量', '本钢员工', '50GB', '12个月', '本钢厂区')
  ON CONFLICT DO NOTHING;


INSERT INTO strategies (id, name, category, description, product_ids, conditions, channel_preference, discount_ratio, avg_conversion_rate, avg_roi, avg_click_rate, sample_count, is_active) VALUES
('510001', '新入网用户流量激发策略', '激活', '针对新入网用户赠送大流量包，提升用户活跃', '600000400242,600000400240', '新入网且首月无流量使用', 'APP推送', 0.00, 0.35, 1.2, 0.28, 1200, true),
('510002', '集团客户全家享优惠挽留策略', '挽留', '针对高价值集团客户提供充值优惠，防止流失', '600000324764,600000324755,600000324770', '集团客户合约到期前3个月', '客户经理外呼', 1.00, 0.62, 2.1, 0.45, 800, true),
('510003', '省内流量包交叉销售策略', '交叉销售', '向流量超套用户推荐省内流量包', '600000412065,600000378679', '上月流量超套次数≥2', '短信', 0.00, 0.18, 0.9, 0.22, 3000, true),
('510004', '5G套餐升级策略', '升级', '引导4G用户升级5G全家享套餐', '600000387885,600000321715', '4G套餐用户且月流量>15GB', '人工外呼', 0.50, 0.23, 1.5, 0.31, 500, true),
('510005', '政企攻坚购机直降策略', '激活', '针对政企客户提供5G金币直降购机', '600000388796,600000388778', '政企名单客户且合约到期', '营业厅', 0.90, 0.44, 2.8, 0.52, 200, true),
('510006', '亲情网业务激活策略', '激活', '向家庭用户推荐省内亲情网优惠', '600000369706', '主卡套餐≥58元', '公众号', 1.00, 0.28, 1.1, 0.19, 650, true),
('510007', '景区流量包场景营销策略', '交叉销售', '向进入景区游客推荐景区专属流量包', '600000395579,600000395578', '位置定位在景区内', '小程序', 0.00, 0.31, 1.3, 0.27, 400, true),
('510008', '本溪关爱流量回馈策略', '挽留', '向本溪低活跃用户赠送关爱流量', '600000385379,600000385378', '本溪用户且连续3月零流量', '电子外呼', 1.00, 0.53, 1.8, 0.41, 230, true),
('510009', '全家享套餐优惠接续策略', '挽留', '合约到期前提醒并自动接续优惠', '600000388620,600000388619', '全家享套餐合约剩余1个月', '短信', 0.70, 0.67, 2.5, 0.58, 1100, true),
('510010', '厂区专属流量覆盖策略', '激活', '针对本钢等厂区员工提供0元厂区流量', '600000388603', '厂区基站覆盖用户', '电子外呼', 1.00, 0.71, 3.2, 0.63, 340, true)
  ON CONFLICT DO NOTHING;


INSERT INTO scripts (id, content, scenario, product_id, strategy_id, user_segment, channel, compliance_status, usage_count, avg_ctr) VALUES
('101001', '【流量提醒】尊敬的用户，您本月套餐内流量已用尽，现可0元领取15GB辽宁通用流量，立即生效，点击 https:// 领取。', '流量超套挽留', 600000400242, '510001', '流量超套用户', '短信', 'approved', 1250, 0.21),
('101002', '【客户经理】王总您好，贵单位合约即将到期，现可享受每月60元话费充值优惠，连续24个月，请携带证件到营业厅办理。', '政企挽留', 600000324764, '510002', '集团关键人', '人工外呼', 'approved', 380, 0.52),
('101003', '【流量加餐】10GB辽宁省内流量仅需0元，当月有效，回复“LL”立即办理，流量立即到账。', '交叉销售', 600000412065, '510003', '流量超套用户', '短信', 'approved', 2150, 0.19),
('101004', '【5G升级】您已具备5G网络使用条件，升级5G全家享79元套餐，首三月送1500分钟+120GB流量，点击办理。', '升级', 600000387885, '510004', '4G高流量用户', 'APP推送', 'approved', 890, 0.28),
('101005', '【政企专享】免预存购机直降5750元，办理199元全家享套餐即可享受，详情咨询客户经理或营业厅。', '购机激活', 600000388796, '510005', '政企客户', '营业厅', 'approved', 210, 0.48),
('101006', '【亲情网】主卡每月仅需0元即可开通省内亲情网，添加最多15个成员互打免费，回复“Q”办理。', '业务激活', 600000369706, '510006', '家庭用户', '公众号', 'approved', 550, 0.17),
('101007', '【景区流量】欢迎来到xx景区，0元领取50GB景区专属流量，刷视频更畅快，点击领取。', '场景营销', 600000395579, '510007', '景区游客', '小程序', 'approved', 390, 0.33),
('101008', '【关爱流量】尊敬的本溪用户，您可10元享20GB本地关爱流量，每月均可领取，回复“BX”办理。', '挽留', 600000385379, '510008', '低活跃用户', '电子外呼', 'approved', 180, 0.45),
('101009', '【续约提醒】您的全家享套餐优惠即将到期，自动续约可继续享受70元/月优惠，无需操作，如有疑问请回复“Y”。', '续约挽留', 600000388620, '510009', '合约到期用户', '短信', 'approved', 1020, 0.62),
('101010', '【厂区福利】本钢员工专属福利，0元领取50GB厂区流量，工作生活两不误，点击办理。', '企业激活', 600000388603, '510010', '厂区员工', '电子外呼', 'approved', 290, 0.68)
  ON CONFLICT DO NOTHING;

INSERT INTO execution_plans (id, strategy_id, audience_segment, channel, wave_count, wave_interval_hours, send_time_preference, actual_conversion_rate, actual_roi, usage_count) VALUES
('201001', '510001', '月流量超套≥1次的非5G用户', '短信', 3, 24, '晚间', 0.33, 1.1, 1200),
('201002', '510002', '合约到期前3个月的集团客户', '人工外呼', 2, 48, '上午', 0.61, 2.0, 800),
('201003', '510003', '上月流量超套2次以上的用户', '短信', 4, 12, '下午', 0.17, 0.8, 3000),
('201004', '510004', '4G套餐月流量≥15GB的用户', '人工外呼', 2, 24, '晚间', 0.22, 1.4, 500),
('201005', '510005', '政企名单内高价值客户', '营业厅', 1, NULL, '个性化', 0.43, 2.7, 200),
('201006', '510006', '主卡套餐≥58元的家庭用户', '公众号', 3, 12, '午间', 0.26, 1.0, 650),
('201007', '510007', '进入景区且打开小程序的游客', '小程序', 1, NULL, '实时', 0.29, 1.2, 400),
('201008', '510008', '本溪市连续3月零流量用户', '电子外呼', 2, 36, '上午', 0.51, 1.7, 230),
('201009', '510009', '全家享套餐剩余1个月的用户', '短信', 1, NULL, '上午', 0.65, 2.4, 1100),
('201010', '510010', '本钢厂区基站覆盖用户', '电子外呼', 2, 24, '下午', 0.70, 3.0, 340)
  ON CONFLICT DO NOTHING;

-- 基于 Excel 去重后的前 150 个产品，此处仅展示样例，完整数据可通过脚本生成
INSERT INTO products (id, name, category, sub_category, price, original_price, discount_supported, description, target_user_type, package_size, valid_period, applicable_scope, is_active) VALUES
(600000320919, '新入网全家享79元套餐享优惠40', '个人套餐', '全家享套餐', 39.00, 79.00, true, '新入网用户专享，连续12个月优惠40元/月', '新用户', '79元档', '12个月', '全国', true),
(600000324764, '集团客户全家享套餐专属优惠活动（优惠60元）', '集团业务', '政企套餐', 0.00, 60.00, true, '集团客户专享，每月充值60元，连续24个月', '企业用户', '60元充值', '25个月', '全国', true),
(600000412065, '2024年10GB辽宁省内流量活动', '流量包', '省内流量', 0.00, 0.00, false, '套餐外10GB辽宁流量，合约期12个月', '高流量用户', '10GB', '12个月', '辽宁省内', true),
(600000387885, '5G全家享大礼包79元', '个人套餐', '5G全家享', 79.00, 79.00, true, '预存300元，前三月送1500分钟+120GB辽宁流量', '新入网用户', '79元档', '12个月', '全国', true),
(600000324755, '集团客户全家享套餐专属优惠活动（优惠20元）', '集团业务', '政企套餐', 0.00, 20.00, true, '集团客户专享，每月充值20元，连续24个月', '企业用户', '20元充值', '25个月', '全国', true),
(600000324770, '集团客户全家享套餐专属优惠活动（优惠80元）', '集团业务', '政企套餐', 0.00, 80.00, true, '集团客户专享，每月充值80元，连续24个月', '企业用户', '80元充值', '25个月', '全国', true),
(600000321714, '2022年锦州机务段36元套餐优惠活动', '个人套餐', '定向优惠', 36.00, 39.00, true, '锦州机务段员工专享，36元享39元套餐+额外资源', '行业用户', '36元档', '24个月', '全国', true),
(600000389770, '阜新2024套餐升档回馈活动（24月）', '升级活动', '套餐升档', 0.00, 0.00, false, '升档后享3000分钟网内通话+5GB阜新流量', '存量用户', '0元', '24个月', '辽宁省内', true),
(600000369108, '2023阜新流量提升活动', '流量包', '区域流量', 5.00, 5.00, false, '5元/月含2G国内+5G阜新流量', '流量提升用户', '7GB', '12个月', '国内+阜新', true),
(600000321715, '2022年锦州机务段56元套餐优惠活动', '个人套餐', '定向优惠', 56.00, 79.00, true, '锦州机务段员工专享，56元享79元套餐+额外资源', '行业用户', '56元档', '24个月', '全国', true)
  ON CONFLICT DO NOTHING;

INSERT INTO strategies (id, name, category, description, product_ids, conditions, channel_preference, discount_ratio, avg_conversion_rate, avg_roi, avg_click_rate, sample_count, is_active) VALUES
('510001', '新入网流量激发策略', '激活', '针对新入网用户赠送大流量包，提升用户活跃', '600000400242,600000400240', '新入网且首月无流量使用', 'APP推送', 0.00, 0.35, 1.2, 0.28, 1200, true),
('510002', '集团客户充值挽留策略', '挽留', '针对高价值集团客户提供充值优惠，防止流失', '600000324764,600000324755', '集团客户合约到期前3个月', '人工外呼', 1.00, 0.62, 2.1, 0.45, 800, true),
('510003', '省内流量包交叉销售', '交叉销售', '向流量超套用户推荐省内流量包', '600000412065,600000378679', '上月流量超套次数≥2', '短信', 0.00, 0.18, 0.9, 0.22, 3000, true),
('510004', '5G套餐升级策略', '升级', '引导4G用户升级5G全家享套餐', '600000387885,600000321715', '4G套餐用户且月流量>15GB', '人工外呼', 0.50, 0.23, 1.5, 0.31, 500, true),
('510005', '政企购机直降策略', '激活', '针对政企客户提供5G金币直降购机', '600000388796,600000388778', '政企名单客户且合约到期', '营业厅', 0.90, 0.44, 2.8, 0.52, 200, true),
('510006', '亲情网业务激活策略', '激活', '向家庭用户推荐省内亲情网优惠', '600000369706', '主卡套餐≥58元', '公众号', 1.00, 0.28, 1.1, 0.19, 650, true),
('510007', '景区流量包场景营销', '交叉销售', '向进入景区游客推荐景区专属流量包', '600000395579,600000395578', '位置定位在景区内', '小程序', 0.00, 0.31, 1.3, 0.27, 400, true),
('510008', '本溪关爱流量回馈', '挽留', '向本溪低活跃用户赠送关爱流量', '600000385379,600000385378', '本溪用户且连续3月零流量', '电子外呼', 1.00, 0.53, 1.8, 0.41, 230, true),
('510009', '全家享套餐优惠接续', '挽留', '合约到期前提醒并自动接续优惠', '600000388620,600000388619', '全家享套餐合约剩余1个月', '短信', 0.70, 0.67, 2.5, 0.58, 1100, true),
('510010', '厂区专属流量覆盖', '激活', '针对本钢等厂区员工提供0元厂区流量', '600000388603', '厂区基站覆盖用户', '电子外呼', 1.00, 0.71, 3.2, 0.63, 340, true)
  ON CONFLICT DO NOTHING;

INSERT INTO scripts (id, content, scenario, product_id, strategy_id, user_segment, channel, compliance_status, usage_count, avg_ctr) VALUES
('601001', '【流量提醒】尊敬的用户，您本月套餐内流量已用尽，现可0元领取15GB辽宁通用流量，立即生效，点击 https:// 领取。', '流量超套挽留', 600000400242, '510001', '流量超套用户', '短信', 'approved', 1250, 0.21),
('601002', '【客户经理】王总您好，贵单位合约即将到期，现可享受每月60元话费充值优惠，连续24个月，请携带证件到营业厅办理。', '政企挽留', 600000324764, '510002', '集团关键人', '人工外呼', 'approved', 380, 0.52),
('601003', '【流量加餐】10GB辽宁省内流量仅需0元，当月有效，回复“LL”立即办理，流量立即到账。', '交叉销售', 600000412065, '510003', '流量超套用户', '短信', 'approved', 2150, 0.19),
('601004', '【5G升级】您已具备5G网络使用条件，升级5G全家享79元套餐，首三月送1500分钟+120GB流量，点击办理。', '升级', 600000387885, '510004', '4G高流量用户', 'APP推送', 'approved', 890, 0.28),
('601005', '【政企专享】免预存购机直降5750元，办理199元全家享套餐即可享受，详情咨询客户经理或营业厅。', '购机激活', 600000388796, '510005', '政企客户', '营业厅', 'approved', 210, 0.48),
('601006', '【亲情网】主卡每月仅需0元即可开通省内亲情网，添加最多15个成员互打免费，回复“Q”办理。', '业务激活', 600000369706, '510006', '家庭用户', '公众号', 'approved', 550, 0.17),
('601007', '【景区流量】欢迎来到xx景区，0元领取50GB景区专属流量，刷视频更畅快，点击领取。', '场景营销', 600000395579, '510007', '景区游客', '小程序', 'approved', 390, 0.33),
('601008', '【关爱流量】尊敬的本溪用户，您可10元享20GB本地关爱流量，每月均可领取，回复“BX”办理。', '挽留', 600000385379, '510008', '低活跃用户', '电子外呼', 'approved', 180, 0.45),
('601009', '【续约提醒】您的全家享套餐优惠即将到期，自动续约可继续享受70元/月优惠，无需操作，如有疑问请回复“Y”。', '续约挽留', 600000388620, '510009', '合约到期用户', '短信', 'approved', 1020, 0.62),
('601010', '【厂区福利】本钢员工专属福利，0元领取50GB厂区流量，工作生活两不误，点击办理。', '企业激活', 600000388603, '510010', '厂区员工', '电子外呼', 'approved', 290, 0.68)
  ON CONFLICT DO NOTHING;

INSERT INTO execution_plans (id, strategy_id, audience_segment, channel, wave_count, wave_interval_hours, send_time_preference, actual_conversion_rate, actual_roi, usage_count) VALUES
('701001', '510001', '月流量超套≥1次的非5G用户', '短信', 3, 24, '晚间', 0.33, 1.1, 1200),
('701002', '510002', '合约到期前3个月的集团客户', '人工外呼', 2, 48, '上午', 0.61, 2.0, 800),
('701003', '510003', '上月流量超套2次以上的用户', '短信', 4, 12, '下午', 0.17, 0.8, 3000),
('701004', '510004', '4G套餐月流量≥15GB的用户', '人工外呼', 2, 24, '晚间', 0.22, 1.4, 500),
('701005', '510005', '政企名单内高价值客户', '营业厅', 1, NULL, '个性化', 0.43, 2.7, 200),
('701006', '510006', '主卡套餐≥58元的家庭用户', '公众号', 3, 12, '午间', 0.26, 1.0, 650),
('701007', '510007', '进入景区且打开小程序的游客', '小程序', 1, NULL, '实时', 0.29, 1.2, 400),
('701008', '510008', '本溪市连续3月零流量用户', '电子外呼', 2, 36, '上午', 0.51, 1.7, 230),
('701009', '510009', '全家享套餐剩余1个月的用户', '短信', 1, NULL, '上午', 0.65, 2.4, 1100),
('701010', '510010', '本钢厂区基站覆盖用户', '电子外呼', 2, 24, '下午', 0.70, 3.0, 340)
  ON CONFLICT DO NOTHING;

INSERT INTO strategies (id, name, category, description, product_ids, conditions, channel_preference, discount_ratio, avg_conversion_rate, avg_roi, avg_click_rate, sample_count, is_active, created_at, updated_at) VALUES
(100301, '本钢50G区域流量精准挽留策略', '挽留', '针对本钢厂区高流失风险用户的专属流量挽留策略', '600000388603', 'location="本钢厂区" AND churn_risk_high=1 AND ARPU>50', '短信', 1.0, 0.28, 1.9, 0.48, 1350, TRUE, NOW(), NOW()),
(100302, '全家享239套餐高额优惠交叉销售策略', '交叉销售', '针对高价值家庭用户的全家享套餐高额优惠策略', '600000390880', 'ARPU>200 AND family_size>=3 AND tenure>6', '人工外呼', 0.71, 0.35, 2.3, 0.72, 920, TRUE, NOW(), NOW()),
(100303, '集团客户全家享90元专属激活策略', '激活', '针对集团客户的企业套餐激活策略', '600000324761', 'corporate_customer=1 AND inactive_days>30', '10000号', 1.0, 0.21, 1.6, 0.38, 680, TRUE, NOW(), NOW()),
(100304, '本溪100G关爱流量升级策略', '升级', '针对本溪地区流量重度用户的超大流量升级策略', '600000385378', 'location="本溪" AND data_usage>85% AND ARPU>60', 'APP推送', 0.0, 0.31, 2.1, 0.56, 1050, TRUE, NOW(), NOW()),
(100305, '重点客户150GB辽宁流量优惠挽留策略', '挽留', '针对重点客户的超大流量优惠挽留策略', '600000402690', 'vip_level>=3 AND churn_risk_high=1 AND data_usage>90%', '短信', 0.91, 0.38, 2.5, 0.62, 1180, TRUE, NOW(), NOW()),
(100306, '重点客户300分钟语音通话挽留策略', '挽留', '针对语音重度用户的通话时长挽留策略', '600000317773', 'voice_usage>500 AND churn_risk_medium=1', '电子外呼', 1.0, 0.25, 1.8, 0.44, 820, TRUE, NOW(), NOW()),
(100307, '重点客户20G通用流量激活策略', '激活', '针对重点客户的通用流量激活策略', '600000317774', 'vip_level>=3 AND activity_level_low=1', '公众号', 1.0, 0.32, 2.2, 0.53, 980, TRUE, NOW(), NOW()),
(100308, '景区30GB专属流量交叉销售策略', '交叉销售', '针对旅游爱好者的景区专属流量策略', '600000395578', 'travel_tag=1 AND location_near_scenic=1', '小程序', 0.0, 0.27, 1.8, 0.47, 750, TRUE, NOW(), NOW()),
(100309, '集团客户全家享70元优惠激活策略', '激活', '针对集团客户的全家享套餐激活策略', '600000324752', 'corporate_customer=1 AND family_size>=2', '营业厅', 1.0, 0.24, 1.9, 0.41, 650, TRUE, NOW(), NOW()),
(100310, '铁岭10GB区域流量升级策略', '升级', '针对铁岭地区用户的流量升级策略', '600000378679', 'location="铁岭" AND data_usage>75%', '网厅', 1.0, 0.29, 2.0, 0.51, 920, TRUE, NOW(), NOW()),
(100311, '铁岭5元15GB复合流量升级策略', '升级', '针对铁岭用户的复合流量包升级策略', '600000393629', 'location="铁岭" AND current_plan_basic=1', 'APP推送', 0.0, 0.26, 1.8, 0.45, 780, TRUE, NOW(), NOW()),
(100312, '铁岭100分钟语音优惠激活策略', '激活', '针对铁岭地区用户的本地语音激活策略', '600000378653', 'location="铁岭" AND voice_usage_low=1', '短信', 1.0, 0.22, 1.6, 0.39, 720, TRUE, NOW(), NOW()),
(100313, '500分钟国内语音24个月激活策略', '激活', '针对语音需求用户的长期语音包策略', '600000384492', 'voice_heavy_user=1 AND ARPU>55', '人工外呼', 1.0, 0.30, 2.1, 0.55, 890, TRUE, NOW(), NOW()),
(100314, '300M企业宽带专属合约交叉销售策略', '交叉销售', '针对企业宽带用户的专属合约策略', '600000351020', 'business_customer=1 AND broadband_speed<300', '沙盘', 0.0, 0.18, 1.4, 0.32, 480, TRUE, NOW(), NOW()),
(100315, '120GB辽宁流量36个月升级策略', '升级', '针对高流量用户的超长期大流量策略', '600000403055', 'data_usage>90% AND tenure>12 AND ARPU>80', '网厅', 0.0, 0.34, 2.4, 0.61, 1020, TRUE, NOW(), NOW()),
(100316, '129元全家享套餐优惠升级策略', '升级', '针对中等价值用户的全家享套餐升级策略', '600000373700', 'ARPU>80 AND current_plan=79', '10000号', 0.57, 0.32, 2.2, 0.58, 950, TRUE, NOW(), NOW()),
(100317, '葫芦岛5元80分钟分区语音激活策略', '激活', '针对葫芦岛用户的本地语音激活策略', '600000369249', 'location="葫芦岛" AND local_call_need=1', '短信', 0.0, 0.24, 1.7, 0.42, 750, TRUE, NOW(), NOW()),
(100318, '葫芦岛川达集团39元存量激活策略', '激活', '针对川达集团存量用户的套餐激活策略', '600000397003', 'corporate_group="川达集团" AND inactive_days>60', '沙盘', 0.70, 0.27, 1.9, 0.48, 580, TRUE, NOW(), NOW()),
(100319, '59元全家享套餐优惠升级策略', '升级', '针对用户的全家享套餐升级策略', '600000373697', 'ARPU>60 AND current_plan=29', '人工外呼', 0.63, 0.29, 2.0, 0.52, 820, TRUE, NOW(), NOW()),
(100320, '吉祥号码7056元预存激活策略', '激活', '针对吉祥号码用户的高额预存策略', '600000363107', 'premium_number=1 AND high_value=1', '营业厅', 0.0, 0.15, 1.3, 0.26, 380, TRUE, NOW(), NOW()),
(100321, '抖音30G定向流量交叉销售策略', '交叉销售', '针对视频用户的抖音定向流量策略', '600000305882', 'video_app_user=1 AND social_media_active=1', 'APP推送', 1.0, 0.33, 2.2, 0.58, 1250, TRUE, NOW(), NOW()),
(100322, '新入网50G省内流量激活策略', '激活', '针对新入网用户的省内流量优惠激活策略', '600000397595', 'new_subscriber=1 AND location="辽宁"', '短信', 1.0, 0.38, 2.4, 0.65, 1580, TRUE, NOW(), NOW()),
(100323, '全家享90元话费优惠交叉销售策略', '交叉销售', '针对家庭用户的全家享套餐话费优惠策略', '600000368102', 'family_size>=3 AND ARPU>150', '人工外呼', 0.62, 0.35, 2.5, 0.68, 1050, TRUE, NOW(), NOW()),
(100324, '50元流量优享包扩容40G升级策略', '升级', '针对流量重度用户的优享包扩容升级策略', '600000356286', 'data_usage>80% AND ARPU>60', '网厅', 0.0, 0.29, 2.0, 0.52, 1180, TRUE, NOW(), NOW()),
(100325, '30元流量优享包扩容20G升级策略', '升级', '针对中等流量用户的优享包扩容策略', '600000356284', 'data_usage>60% AND ARPU>40', 'APP推送', 0.0, 0.27, 1.9, 0.49, 1350, TRUE, NOW(), NOW()),
(100326, '存100享300话费回馈挽留策略', '挽留', '针对高价值客户的存费享优惠回馈策略', '600000402848', 'vip_level>=3 AND churn_risk_high=1', '短信', 0.8, 0.41, 2.7, 0.66, 920, TRUE, NOW(), NOW()),
(100327, '20G国内流量基础包激活策略', '激活', '针对低流量用户的国内流量激活策略', '600000314751', 'data_usage<30% AND inactive_days>30', '电子外呼', 1.0, 0.25, 1.7, 0.44, 1480, TRUE, NOW(), NOW()),
(100328, '0元20G定向流量体验激活策略', '激活', '针对视频用户的免费定向流量体验策略', '600000389316', 'video_app_user=1 AND new_feature_user=1', '公众号', 1.0, 0.34, 2.3, 0.59, 1680, TRUE, NOW(), NOW()),
(100329, '宽带20元话费返还交叉销售策略', '交叉销售', '针对宽带用户的阶段性话费返还策略', '600000400162', 'broadband_customer=1 AND tenure>6', '营业厅', 0.0, 0.22, 1.6, 0.41, 780, TRUE, NOW(), NOW()),
(100330, '狂欢包30元100G大流量升级策略', '升级', '针对辽宁地区用户的超大流量包策略', '600000392209', 'location="辽宁" AND data_usage>90%', '小程序', 0.0, 0.32, 2.4, 0.59, 1120, TRUE, NOW(), NOW()),
(100331, '全家享55元优惠交叉销售策略', '交叉销售', '针对中等价值家庭用户的全家享套餐优惠策略', '600000368126', 'family_size>=2 AND ARPU>100', '人工外呼', 0.77, 0.30, 2.1, 0.55, 950, TRUE, NOW(), NOW()),
(100332, '全家享70元优惠交叉销售策略', '交叉销售', '针对高价值家庭用户的全家享套餐优惠策略', '600000368114', 'family_size>=3 AND ARPU>180', '10000号', 0.71, 0.36, 2.6, 0.71, 820, TRUE, NOW(), NOW()),
(100333, '集团客户全家享10元优惠激活策略', '激活', '针对集团客户的全家享套餐小额优惠激活策略', '600000324758', 'corporate_customer=1 AND family_plan_eligible=1', '沙盘', 1.0, 0.21, 1.5, 0.38, 720, TRUE, NOW(), NOW()),
(100334, '集团客户全家享30元优惠激活策略', '激活', '针对集团客户的全家享套餐中额优惠激活策略', '600000324746', 'corporate_customer=1 AND family_size>=2', '沙盘', 1.0, 0.24, 1.7, 0.42, 650, TRUE, NOW(), NOW()),
(100335, '集团客户全家享40元优惠激活策略', '激活', '针对集团客户的全家享套餐较高额优惠激活策略', '600000324743', 'corporate_customer=1 AND ARPU>120', '沙盘', 1.0, 0.27, 1.9, 0.46, 580, TRUE, NOW(), NOW()),
(100336, '集团客户全家享70元优惠激活策略', '激活', '针对高价值集团客户的全家享套餐高额优惠激活策略', '600000324752', 'corporate_customer=1 AND ARPU>200', '沙盘', 1.0, 0.31, 2.2, 0.54, 520, TRUE, NOW(), NOW()),
(100337, '辽阳30元100G流量升级策略', '升级', '针对辽阳地区用户的超大流量优惠策略', '600000401676', 'location="辽阳" AND data_usage>70%', '网厅', 0.0, 0.35, 2.5, 0.63, 980, TRUE, NOW(), NOW()),
(100338, '辽阳加10元50G流量升级策略', '升级', '针对辽阳地区用户的增量流量优惠策略', '600000401792', 'location="辽阳" AND current_plan_basic=1', 'APP推送', 0.0, 0.28, 1.9, 0.49, 920, TRUE, NOW(), NOW()),
(100339, '39元飞享存100享340激活策略', '激活', '针对新入网用户的高额话费返还策略', '600000381638', 'new_subscriber=1 AND plan="39元飞享"', '营业厅', 0.29, 0.39, 2.8, 0.68, 1320, TRUE, NOW(), NOW()),
(100340, '辽阳高校200分钟语音激活策略', '激活', '针对高校新生的语音通话优惠策略', '600000326002', 'student=1 AND campus="辽阳高校"', '校园推广', 1.0, 0.44, 3.0, 0.76, 1880, TRUE, NOW(), NOW()),
(100341, '50G本钢专属流量精准挽留策略', '挽留', '针对本钢厂区用户的精准流量挽留策略', '600000388603', 'location="本钢厂区" AND churn_risk_high=1', '短信', 1.0, 0.27, 1.8, 0.47, 1280, TRUE, NOW(), NOW()),
(100342, '全家享239减170高价值交叉销售策略', '交叉销售', '针对高价值用户的全家享套餐优惠策略', '600000390880', 'ARPU>220 AND family_plan_eligible=1', '人工外呼', 0.71, 0.36, 2.4, 0.70, 880, TRUE, NOW(), NOW()),
(100343, '集团客户全家享90元专属激活策略', '激活', '针对集团客户的全家享套餐激活策略', '600000324761', 'corporate_customer=1 AND inactive_days>25', '10000号', 1.0, 0.19, 1.5, 0.36, 650, TRUE, NOW(), NOW()),
(100344, '本溪50元100G关爱流量升级策略', '升级', '针对本溪地区用户的流量升级策略', '600000385378', 'location="本溪" AND data_usage>82%', 'APP推送', 0.0, 0.29, 2.0, 0.54, 1020, TRUE, NOW(), NOW()),
(100345, '重点客户150GB流量优惠挽留策略', '挽留', '针对重点客户的150GB辽宁流量优惠挽留策略', '600000402690', 'vip_level>=3 AND churn_risk_high=1', '短信', 0.91, 0.36, 2.4, 0.60, 1150, TRUE, NOW(), NOW()),
(100346, '重点客户300分钟语音挽留策略', '挽留', '针对重点客户的国内语音通话时长挽留策略', '600000317773', 'voice_heavy_user=1 AND churn_risk_medium=1', '电子外呼', 1.0, 0.23, 1.7, 0.42, 780, TRUE, NOW(), NOW()),
(100347, '重点客户20G流量激活策略', '激活', '针对重点客户的20G国内通用流量激活策略', '600000317774', 'vip_level>=3 AND low_activity=1', '公众号', 1.0, 0.30, 2.1, 0.51, 950, TRUE, NOW(), NOW()),
(100348, '30GB景区专属流量交叉销售策略', '交叉销售', '针对旅游爱好者的景区专属流量策略', '600000395578', 'travel_interest=1 AND location_near_scenic=1', '小程序', 0.0, 0.25, 1.7, 0.44, 720, TRUE, NOW(), NOW()),
(100349, '集团客户全家享70元优惠激活策略', '激活', '针对集团客户的全家享套餐70元优惠激活策略', '600000324752', 'corporate_customer=1 AND family_size>=3', '营业厅', 1.0, 0.22, 1.8, 0.39, 620, TRUE, NOW(), NOW()),
(100350, '铁岭客户10GB流量升级策略', '升级', '针对铁岭客户的辽宁10GB流量升级策略', '600000378679', 'location="铁岭" AND data_usage>72%', '网厅', 1.0, 0.27, 1.9, 0.49, 850, TRUE, NOW(), NOW())
  ON CONFLICT DO NOTHING;
INSERT INTO strategies (id, name, category, description, product_ids, conditions, channel_preference, discount_ratio, avg_conversion_rate, avg_roi, avg_click_rate, sample_count, is_active, created_at, updated_at) VALUES
(100351, '铁岭5元2+13GB复合流量升级策略', '升级', '针对铁岭客户的复合流量包升级策略', '600000393629', 'location="铁岭" AND current_plan_low=1', 'APP推送', 0.0, 0.24, 1.7, 0.43, 750, TRUE, NOW(), NOW()),
(100352, '铁岭100分钟语音优惠激活策略', '激活', '针对铁岭客户的本地语音优惠激活策略', '600000378653', 'location="铁岭" AND voice_usage_low=1', '短信', 1.0, 0.20, 1.5, 0.37, 680, TRUE, NOW(), NOW()),
(100353, '500分钟国内语音24个月激活策略', '激活', '针对语音需求用户的长期语音包策略', '600000384492', 'voice_heavy_user=1 AND ARPU>52', '人工外呼', 1.0, 0.28, 2.0, 0.53, 850, TRUE, NOW(), NOW()),
(100354, '300M企带专属合约交叉销售策略', '交叉销售', '针对企业宽带用户的专属合约策略', '600000351020', 'business_customer=1 AND broadband_speed<280', '沙盘', 0.0, 0.16, 1.3, 0.29, 450, TRUE, NOW(), NOW()),
(100355, '120GB辽宁流量36个月升级策略', '升级', '针对高流量用户的超长期大流量策略', '600000403055', 'data_usage>88% AND tenure>10', '网厅', 0.0, 0.32, 2.3, 0.59, 980, TRUE, NOW(), NOW()),
(100356, '129元转套餐优惠升级策略', '升级', '针对中等价值用户的全家享套餐升级策略', '600000373700', 'ARPU>78 AND current_plan=79', '10000号', 0.57, 0.30, 2.1, 0.56, 920, TRUE, NOW(), NOW()),
(100357, '葫芦岛5元80分钟分区语音激活策略', '激活', '针对葫芦岛用户的本地语音激活策略', '600000369249', 'location="葫芦岛" AND local_call_need=1', '短信', 0.0, 0.22, 1.6, 0.40, 720, TRUE, NOW(), NOW()),
(100358, '葫芦岛川达集团39元存量激活策略', '激活', '针对川达集团存量用户的套餐激活策略', '600000397003', 'corporate_group="川达集团" AND inactive_days>55', '沙盘', 0.70, 0.25, 1.8, 0.46, 550, TRUE, NOW(), NOW()),
(100359, '59元非转套餐优惠升级策略', '升级', '针对用户的全家享套餐升级策略', '600000373697', 'ARPU>58 AND current_plan=29', '人工外呼', 0.63, 0.27, 1.9, 0.50, 780, TRUE, NOW(), NOW()),
(100360, '吉祥号码预存7056元激活策略', '激活', '针对吉祥号码用户的高额预存策略', '600000363107', 'premium_number=1 AND high_value=1', '营业厅', 0.0, 0.13, 1.2, 0.24, 350, TRUE, NOW(), NOW()),
(100361, '抖音30G定向流量交叉销售策略', '交叉销售', '针对视频用户的抖音定向流量策略', '600000305882', 'video_app_user=1 AND social_media_active=1', 'APP推送', 1.0, 0.31, 2.1, 0.56, 1220, TRUE, NOW(), NOW()),
(100362, '新入网0元50G省内流量激活策略', '激活', '针对新入网用户的省内流量优惠激活策略', '600000397595', 'new_subscriber=1 AND location="辽宁"', '短信', 1.0, 0.36, 2.3, 0.63, 1550, TRUE, NOW(), NOW()),
(100363, '全家享90元话费优惠交叉销售策略', '交叉销售', '针对家庭用户的全家享套餐话费优惠策略', '600000368102', 'family_size>=3 AND ARPU>145', '人工外呼', 0.62, 0.33, 2.4, 0.66, 1020, TRUE, NOW(), NOW()),
(100364, '50元流量优享包扩容40G升级策略', '升级', '针对流量重度用户的优享包扩容升级策略', '600000356286', 'data_usage>78% AND ARPU>58', '网厅', 0.0, 0.27, 1.9, 0.50, 1150, TRUE, NOW(), NOW()),
(100365, '30元流量优享包扩容20G升级策略', '升级', '针对中等流量用户的优享包扩容策略', '600000356284', 'data_usage>58% AND ARPU>38', 'APP推送', 0.0, 0.25, 1.8, 0.47, 1320, TRUE, NOW(), NOW()),
(100366, '存100享300话费回馈挽留策略', '挽留', '针对高价值客户的存费享优惠回馈策略', '600000402848', 'vip_level>=3 AND churn_risk_high=1', '短信', 0.8, 0.39, 2.6, 0.64, 890, TRUE, NOW(), NOW()),
(100367, '20G国内流量基础包激活策略', '激活', '针对低流量用户的国内流量激活策略', '600000314751', 'data_usage<28% AND inactive_days>28', '电子外呼', 1.0, 0.23, 1.6, 0.42, 1450, TRUE, NOW(), NOW()),
(100368, '0元20G定向流量体验激活策略', '激活', '针对视频用户的免费定向流量体验策略', '600000389316', 'video_app_user=1 AND new_feature_user=1', '公众号', 1.0, 0.32, 2.2, 0.57, 1650, TRUE, NOW(), NOW()),
(100369, '宽带20元话费返还交叉销售策略', '交叉销售', '针对宽带用户的阶段性话费返还策略', '600000400162', 'broadband_customer=1 AND tenure>5', '营业厅', 0.0, 0.20, 1.5, 0.39, 750, TRUE, NOW(), NOW()),
(100370, '狂欢包30元100G大流量升级策略', '升级', '针对辽宁地区用户的超大流量包策略', '600000392209', 'location="辽宁" AND data_usage>88%', '小程序', 0.0, 0.30, 2.3, 0.57, 1090, TRUE, NOW(), NOW()),
(100371, '全家享55元优惠交叉销售策略', '交叉销售', '针对中等价值家庭用户的全家享套餐优惠策略', '600000368126', 'family_size>=2 AND ARPU>98', '人工外呼', 0.77, 0.28, 2.0, 0.53, 920, TRUE, NOW(), NOW()),
(100372, '全家享70元优惠交叉销售策略', '交叉销售', '针对高价值家庭用户的全家享套餐优惠策略', '600000368114', 'family_size>=3 AND ARPU>175', '10000号', 0.71, 0.34, 2.5, 0.69, 790, TRUE, NOW(), NOW()),
(100373, '集团客户全家享10元优惠激活策略', '激活', '针对集团客户的全家享套餐小额优惠激活策略', '600000324758', 'corporate_customer=1 AND family_plan_eligible=1', '沙盘', 1.0, 0.19, 1.4, 0.36, 690, TRUE, NOW(), NOW()),
(100374, '集团客户全家享30元优惠激活策略', '激活', '针对集团客户的全家享套餐中额优惠激活策略', '600000324746', 'corporate_customer=1 AND family_size>=2', '沙盘', 1.0, 0.22, 1.6, 0.40, 620, TRUE, NOW(), NOW()),
(100375, '集团客户全家享40元优惠激活策略', '激活', '针对集团客户的全家享套餐较高额优惠激活策略', '600000324743', 'corporate_customer=1 AND ARPU>115', '沙盘', 1.0, 0.25, 1.8, 0.44, 550, TRUE, NOW(), NOW()),
(100376, '集团客户全家享70元优惠激活策略', '激活', '针对高价值集团客户的全家享套餐高额优惠激活策略', '600000324752', 'corporate_customer=1 AND ARPU>195', '沙盘', 1.0, 0.29, 2.1, 0.52, 490, TRUE, NOW(), NOW()),
(100377, '辽阳30元100G流量升级策略', '升级', '针对辽阳地区用户的超大流量优惠策略', '600000401676', 'location="辽阳" AND data_usage>68%', '网厅', 0.0, 0.33, 2.4, 0.61, 950, TRUE, NOW(), NOW()),
(100378, '辽阳加10元50G流量升级策略', '升级', '针对辽阳地区用户的增量流量优惠策略', '600000401792', 'location="辽阳" AND current_plan_basic=1', 'APP推送', 0.0, 0.26, 1.8, 0.47, 890, TRUE, NOW(), NOW()),
(100379, '39元飞享存100享340激活策略', '激活', '针对新入网用户的高额话费返还策略', '600000381638', 'new_subscriber=1 AND plan="39元飞享"', '营业厅', 0.29, 0.37, 2.7, 0.66, 1290, TRUE, NOW(), NOW()),
(100380, '辽阳高校200分钟语音激活策略', '激活', '针对高校新生的语音通话优惠策略', '600000326002', 'student=1 AND campus="辽阳高校"', '校园推广', 1.0, 0.42, 2.9, 0.74, 1850, TRUE, NOW(), NOW()),
(100381, '本钢50G区域流量精准挽留策略', '挽留', '针对本钢厂区高流失风险用户的专属流量挽留策略', '600000388603', 'location="本钢厂区" AND churn_risk_high=1 AND ARPU>48', '短信', 1.0, 0.26, 1.7, 0.46, 1250, TRUE, NOW(), NOW()),
(100382, '全家享239套餐高额优惠交叉销售策略', '交叉销售', '针对高价值家庭用户的全家享套餐高额优惠策略', '600000390880', 'ARPU>195 AND family_size>=3 AND tenure>5', '人工外呼', 0.71, 0.34, 2.2, 0.69, 890, TRUE, NOW(), NOW()),
(100383, '集团客户全家享90元专属激活策略', '激活', '针对集团客户的企业套餐激活策略', '600000324761', 'corporate_customer=1 AND inactive_days>28', '10000号', 1.0, 0.17, 1.4, 0.34, 650, TRUE, NOW(), NOW()),
(100384, '本溪100G关爱流量升级策略', '升级', '针对本溪地区流量重度用户的超大流量升级策略', '600000385378', 'location="本溪" AND data_usage>83% AND ARPU>58', 'APP推送', 0.0, 0.29, 2.0, 0.54, 1020, TRUE, NOW(), NOW()),
(100385, '重点客户150GB辽宁流量优惠挽留策略', '挽留', '针对重点客户的超大流量优惠挽留策略', '600000402690', 'vip_level>=3 AND churn_risk_high=1 AND data_usage>88%', '短信', 0.91, 0.35, 2.4, 0.59, 1150, TRUE, NOW(), NOW()),
(100386, '重点客户300分钟语音通话挽留策略', '挽留', '针对语音重度用户的通话时长挽留策略', '600000317773', 'voice_usage>480 AND churn_risk_medium=1', '电子外呼', 1.0, 0.22, 1.7, 0.41, 790, TRUE, NOW(), NOW()),
(100387, '重点客户20G通用流量激活策略', '激活', '针对重点客户的通用流量激活策略', '600000317774', 'vip_level>=3 AND activity_level_low=1', '公众号', 1.0, 0.29, 2.1, 0.50, 950, TRUE, NOW(), NOW()),
(100388, '景区30GB专属流量交叉销售策略', '交叉销售', '针对旅游爱好者的景区专属流量策略', '600000395578', 'travel_tag=1 AND location_near_scenic=1', '小程序', 0.0, 0.24, 1.7, 0.45, 720, TRUE, NOW(), NOW()),
(100389, '集团客户全家享70元优惠激活策略', '激活', '针对集团客户的全家享套餐激活策略', '600000324752', 'corporate_customer=1 AND family_size>=2', '营业厅', 1.0, 0.21, 1.8, 0.38, 620, TRUE, NOW(), NOW()),
(100390, '铁岭10GB区域流量升级策略', '升级', '针对铁岭地区用户的流量升级策略', '600000378679', 'location="铁岭" AND data_usage>73%', '网厅', 1.0, 0.26, 1.9, 0.48, 890, TRUE, NOW(), NOW()),
(100391, '铁岭5元15GB复合流量升级策略', '升级', '针对铁岭用户的复合流量包升级策略', '600000393629', 'location="铁岭" AND current_plan_basic=1', 'APP推送', 0.0, 0.23, 1.7, 0.42, 750, TRUE, NOW(), NOW()),
(100392, '铁岭100分钟语音优惠激活策略', '激活', '针对铁岭地区用户的本地语音激活策略', '600000378653', 'location="铁岭" AND voice_usage_low=1', '短信', 1.0, 0.19, 1.5, 0.36, 690, TRUE, NOW(), NOW()),
(100393, '500分钟国内语音24个月激活策略', '激活', '针对语音需求用户的长期语音包策略', '600000384492', 'voice_heavy_user=1 AND ARPU>53', '人工外呼', 1.0, 0.27, 2.0, 0.52, 860, TRUE, NOW(), NOW()),
(100394, '300M企业宽带专属合约交叉销售策略', '交叉销售', '针对企业宽带用户的专属合约策略', '600000351020', 'business_customer=1 AND broadband_speed<290', '沙盘', 0.0, 0.15, 1.3, 0.28, 460, TRUE, NOW(), NOW()),
(100395, '120GB辽宁流量36个月升级策略', '升级', '针对高流量用户的超长期大流量策略', '600000403055', 'data_usage>87% AND tenure>11', '网厅', 0.0, 0.31, 2.2, 0.58, 950, TRUE, NOW(), NOW()),
(100396, '129元全家享套餐优惠升级策略', '升级', '针对中等价值用户的全家享套餐升级策略', '600000373700', 'ARPU>77 AND current_plan=79', '10000号', 0.57, 0.29, 2.1, 0.55, 920, TRUE, NOW(), NOW()),
(100397, '葫芦岛5元80分钟分区语音激活策略', '激活', '针对葫芦岛用户的本地语音激活策略', '600000369249', 'location="葫芦岛" AND local_call_need=1', '短信', 0.0, 0.21, 1.6, 0.39, 720, TRUE, NOW(), NOW()),
(100398, '葫芦岛川达集团39元存量激活策略', '激活', '针对川达集团存量用户的套餐激活策略', '600000397003', 'corporate_group="川达集团" AND inactive_days>58', '沙盘', 0.70, 0.24, 1.8, 0.45, 560, TRUE, NOW(), NOW()),
(100399, '59元全家享套餐优惠升级策略', '升级', '针对用户的全家享套餐升级策略', '600000373697', 'ARPU>57 AND current_plan=29', '人工外呼', 0.63, 0.26, 1.9, 0.49, 790, TRUE, NOW(), NOW()),
(100400, '吉祥号码7056元预存激活策略', '激活', '针对吉祥号码用户的高额预存策略', '600000363107', 'premium_number=1 AND high_value=1', '营业厅', 0.0, 0.12, 1.2, 0.23, 360, TRUE, NOW(), NOW())
  ON CONFLICT DO NOTHING;

INSERT INTO strategies (id, name, category, description, product_ids, conditions, channel_preference, discount_ratio, avg_conversion_rate, avg_roi, avg_click_rate, sample_count, is_active, created_at, updated_at) VALUES
(100601, '本钢50G区域流量精准挽留策略V2', '挽留', '针对本钢厂区高流失风险用户的专属流量挽留策略，提供50GB区域流量优惠', '600000388603', 'location="本钢厂区" AND churn_risk_high=1 AND ARPU>50', '短信', 1.0, 0.29, 1.95, 0.49, 1380, TRUE, NOW(), NOW()),
(100602, '全家享239套餐高额优惠交叉销售策略V2', '交叉销售', '针对高价值家庭用户的全家享套餐高额优惠策略，月省170元', '600000390880', 'ARPU>200 AND family_size>=3 AND tenure>6', '人工外呼', 0.71, 0.36, 2.35, 0.73, 940, TRUE, NOW(), NOW()),
(100603, '集团客户全家享90元专属激活策略V2', '激活', '针对集团客户的企业套餐激活策略，每月充值90元连续24个月', '600000324761', 'corporate_customer=1 AND inactive_days>30', '10000号', 1.0, 0.22, 1.65, 0.39, 690, TRUE, NOW(), NOW()),
(100604, '本溪100G关爱流量升级策略V2', '升级', '针对本溪地区流量重度用户的超大流量升级策略，50元享100G', '600000385378', 'location="本溪" AND data_usage>85% AND ARPU>60', 'APP推送', 0.0, 0.32, 2.15, 0.57, 1070, TRUE, NOW(), NOW()),
(100605, '重点客户150GB辽宁流量优惠挽留策略V2', '挽留', '针对重点客户的超大流量优惠挽留策略，原价33元优惠至3元/月', '600000402690', 'vip_level>=3 AND churn_risk_high=1 AND data_usage>90%', '短信', 0.91, 0.39, 2.55, 0.63, 1200, TRUE, NOW(), NOW()),
(100606, '重点客户300分钟语音通话挽留策略V2', '挽留', '针对语音重度用户的通话时长挽留策略，0元/月连续12个月', '600000317773', 'voice_usage>500 AND churn_risk_medium=1', '电子外呼', 1.0, 0.26, 1.85, 0.45, 830, TRUE, NOW(), NOW()),
(100607, '重点客户20G通用流量激活策略V2', '激活', '针对重点客户的通用流量激活策略，20G国内通用流量', '600000317774', 'vip_level>=3 AND activity_level_low=1', '公众号', 1.0, 0.33, 2.25, 0.54, 990, TRUE, NOW(), NOW()),
(100608, '景区30GB专属流量交叉销售策略V2', '交叉销售', '针对旅游爱好者的景区专属流量策略，适用于热门旅游景区', '600000395578', 'travel_tag=1 AND location_near_scenic=1', '小程序', 0.0, 0.28, 1.85, 0.48, 760, TRUE, NOW(), NOW()),
(100609, '集团客户全家享70元优惠激活策略V2', '激活', '针对集团客户的全家享套餐激活策略，每月充值70元连续24个月', '600000324752', 'corporate_customer=1 AND family_size>=2', '营业厅', 1.0, 0.25, 1.95, 0.42, 660, TRUE, NOW(), NOW()),
(100610, '铁岭10GB区域流量升级策略V2', '升级', '针对铁岭地区用户的流量升级策略，10GB辽宁流量优惠', '600000378679', 'location="铁岭" AND data_usage>75%', '网厅', 1.0, 0.30, 2.05, 0.52, 930, TRUE, NOW(), NOW()),
(100611, '铁岭5元15GB复合流量升级策略V2', '升级', '针对铁岭用户的复合流量包升级策略，2GB全国+13GB铁岭本地', '600000393629', 'location="铁岭" AND current_plan_basic=1', 'APP推送', 0.0, 0.27, 1.85, 0.46, 790, TRUE, NOW(), NOW()),
(100612, '铁岭100分钟语音优惠激活策略V2', '激活', '针对铁岭地区用户的本地语音激活策略，100分钟国内语音', '600000378653', 'location="铁岭" AND voice_usage_low=1', '短信', 1.0, 0.23, 1.65, 0.40, 730, TRUE, NOW(), NOW()),
(100613, '500分钟国内语音24个月激活策略V2', '激活', '针对语音需求用户的长期语音包策略，500分钟国内语音', '600000384492', 'voice_heavy_user=1 AND ARPU>55', '人工外呼', 1.0, 0.31, 2.15, 0.56, 900, TRUE, NOW(), NOW()),
(100614, '300M企业宽带专属合约交叉销售策略V2', '交叉销售', '针对企业宽带用户的专属合约策略，300M企业宽带', '600000351020', 'business_customer=1 AND broadband_speed<300', '沙盘', 0.0, 0.19, 1.45, 0.33, 490, TRUE, NOW(), NOW()),
(100615, '120GB辽宁流量36个月升级策略V2', '升级', '针对高流量用户的超长期大流量策略，120GB辽宁流量36个月', '600000403055', 'data_usage>90% AND tenure>12 AND ARPU>80', '网厅', 0.0, 0.35, 2.45, 0.62, 1030, TRUE, NOW(), NOW()),
(100616, '129元全家享套餐优惠升级策略V2', '升级', '针对中等价值用户的全家享套餐升级策略，原价299元优惠至129元', '600000373700', 'ARPU>80 AND current_plan=79', '10000号', 0.57, 0.33, 2.25, 0.59, 960, TRUE, NOW(), NOW()),
(100617, '葫芦岛5元80分钟分区语音激活策略V2', '激活', '针对葫芦岛用户的本地语音激活策略，80分钟葫芦岛分区通话', '600000369249', 'location="葫芦岛" AND local_call_need=1', '短信', 0.0, 0.25, 1.75, 0.43, 760, TRUE, NOW(), NOW()),
(100618, '葫芦岛川达集团39元存量激活策略V2', '激活', '针对川达集团存量用户的套餐激活策略，39元享129元套餐资源', '600000397003', 'corporate_group="川达集团" AND inactive_days>60', '沙盘', 0.70, 0.28, 1.95, 0.49, 590, TRUE, NOW(), NOW()),
(100619, '59元全家享套餐优惠升级策略V2', '升级', '针对用户的全家享套餐升级策略，原价159元优惠至59元', '600000373697', 'ARPU>60 AND current_plan=29', '人工外呼', 0.63, 0.30, 2.05, 0.53, 830, TRUE, NOW(), NOW()),
(100620, '吉祥号码7056元预存激活策略V2', '激活', '针对吉祥号码用户的高额预存策略，预存7056元12个月每月返588元', '600000363107', 'premium_number=1 AND high_value=1', '营业厅', 0.0, 0.16, 1.35, 0.27, 390, TRUE, NOW(), NOW()),
(100621, '抖音30G定向流量交叉销售策略V2', '交叉销售', '针对视频用户的抖音定向流量策略，30G抖音定向流量', '600000305882', 'video_app_user=1 AND social_media_active=1', 'APP推送', 1.0, 0.34, 2.25, 0.59, 1260, TRUE, NOW(), NOW()),
(100622, '新入网50G省内流量激活策略V2', '激活', '针对新入网用户的省内流量优惠激活策略，50G辽宁通用流量', '600000397595', 'new_subscriber=1 AND location="辽宁"', '短信', 1.0, 0.39, 2.45, 0.66, 1590, TRUE, NOW(), NOW()),
(100623, '全家享90元话费优惠交叉销售策略V2', '交叉销售', '针对家庭用户的全家享套餐话费优惠策略，月省90元', '600000368102', 'family_size>=3 AND ARPU>150', '人工外呼', 0.62, 0.36, 2.55, 0.69, 1060, TRUE, NOW(), NOW()),
(100624, '50元流量优享包扩容40G升级策略V2', '升级', '针对流量重度用户的优享包扩容升级策略，总流量90G', '600000356286', 'data_usage>80% AND ARPU>60', '网厅', 0.0, 0.30, 2.05, 0.53, 1190, TRUE, NOW(), NOW()),
(100625, '30元流量优享包扩容20G升级策略V2', '升级', '针对中等流量用户的优享包扩容策略，总流量45G', '600000356284', 'data_usage>60% AND ARPU>40', 'APP推送', 0.0, 0.28, 1.95, 0.50, 1360, TRUE, NOW(), NOW()),
(100626, '存100享300话费回馈挽留策略V2', '挽留', '针对高价值客户的存费享优惠回馈策略，存100元享300元话费', '600000402848', 'vip_level>=3 AND churn_risk_high=1', '短信', 0.8, 0.42, 2.75, 0.67, 930, TRUE, NOW(), NOW()),
(100627, '20G国内流量基础包激活策略V2', '激活', '针对低流量用户的国内流量激活策略，20G国内流量', '600000314751', 'data_usage<30% AND inactive_days>30', '电子外呼', 1.0, 0.26, 1.75, 0.45, 1490, TRUE, NOW(), NOW()),
(100628, '0元20G定向流量体验激活策略V2', '激活', '针对视频用户的免费定向流量体验策略，20G定向流量', '600000389316', 'video_app_user=1 AND new_feature_user=1', '公众号', 1.0, 0.35, 2.35, 0.60, 1690, TRUE, NOW(), NOW()),
(100629, '宽带20元话费返还交叉销售策略V2', '交叉销售', '针对宽带用户的阶段性话费返还策略，720元话费36个月返还', '600000400162', 'broadband_customer=1 AND tenure>6', '营业厅', 0.0, 0.23, 1.65, 0.42, 790, TRUE, NOW(), NOW()),
(100630, '狂欢包30元100G大流量升级策略V2', '升级', '针对辽宁地区用户的超大流量包策略，100GB辽宁通用流量', '600000392209', 'location="辽宁" AND data_usage>90%', '小程序', 0.0, 0.33, 2.45, 0.60, 1130, TRUE, NOW(), NOW()),
(100631, '全家享55元优惠交叉销售策略V2', '交叉销售', '针对中等价值家庭用户的全家享套餐优惠策略，月省55元', '600000368126', 'family_size>=2 AND ARPU>100', '人工外呼', 0.77, 0.31, 2.15, 0.56, 960, TRUE, NOW(), NOW()),
(100632, '全家享70元优惠交叉销售策略V2', '交叉销售', '针对高价值家庭用户的全家享套餐优惠策略，月省70元', '600000368114', 'family_size>=3 AND ARPU>180', '10000号', 0.71, 0.37, 2.65, 0.72, 830, TRUE, NOW(), NOW()),
(100633, '集团客户全家享10元优惠激活策略V2', '激活', '针对集团客户的全家享套餐小额优惠激活策略，每月充值10元', '600000324758', 'corporate_customer=1 AND family_plan_eligible=1', '沙盘', 1.0, 0.22, 1.55, 0.39, 730, TRUE, NOW(), NOW()),
(100634, '集团客户全家享30元优惠激活策略V2', '激活', '针对集团客户的全家享套餐中额优惠激活策略，每月充值30元', '600000324746', 'corporate_customer=1 AND family_size>=2', '沙盘', 1.0, 0.25, 1.75, 0.43, 660, TRUE, NOW(), NOW()),
(100635, '集团客户全家享40元优惠激活策略V2', '激活', '针对集团客户的全家享套餐较高额优惠激活策略，每月充值40元', '600000324743', 'corporate_customer=1 AND ARPU>120', '沙盘', 1.0, 0.28, 1.95, 0.47, 590, TRUE, NOW(), NOW()),
(100636, '集团客户全家享70元优惠激活策略V2', '激活', '针对高价值集团客户的全家享套餐高额优惠激活策略，每月充值70元', '600000324752', 'corporate_customer=1 AND ARPU>200', '沙盘', 1.0, 0.32, 2.25, 0.55, 530, TRUE, NOW(), NOW()),
(100637, '辽阳30元100G流量升级策略V2', '升级', '针对辽阳地区用户的超大流量优惠策略，100G辽宁流量', '600000401676', 'location="辽阳" AND data_usage>70%', '网厅', 0.0, 0.36, 2.55, 0.64, 990, TRUE, NOW(), NOW()),
(100638, '辽阳加10元50G流量升级策略V2', '升级', '针对辽阳地区用户的增量流量优惠策略，加10元享50GB流量', '600000401792', 'location="辽阳" AND current_plan_basic=1', 'APP推送', 0.0, 0.29, 1.95, 0.50, 930, TRUE, NOW(), NOW()),
(100639, '39元飞享存100享340激活策略V2', '激活', '针对新入网用户的高额话费返还策略，存100元享340元话费', '600000381638', 'new_subscriber=1 AND plan="39元飞享"', '营业厅', 0.29, 0.40, 2.85, 0.69, 1330, TRUE, NOW(), NOW()),
(100640, '辽阳高校200分钟语音激活策略V2', '激活', '针对高校新生的语音通话优惠策略，200分钟国内主叫', '600000326002', 'student=1 AND campus="辽阳高校"', '校园推广', 1.0, 0.45, 3.05, 0.77, 1890, TRUE, NOW(), NOW()),
(100641, '本钢50G区域流量精准挽留策略V3', '挽留', '针对本钢厂区高流失风险用户的专属流量挽留策略，提供50GB区域流量优惠', '600000388603', 'location="本钢厂区" AND churn_risk_high=1 AND ARPU>52', '短信', 1.0, 0.27, 1.85, 0.47, 1290, TRUE, NOW(), NOW()),
(100642, '全家享239套餐高额优惠交叉销售策略V3', '交叉销售', '针对高价值家庭用户的全家享套餐高额优惠策略，月省170元', '600000390880', 'ARPU>210 AND family_size>=3 AND tenure>7', '人工外呼', 0.71, 0.37, 2.45, 0.71, 900, TRUE, NOW(), NOW()),
(100643, '集团客户全家享90元专属激活策略V3', '激活', '针对集团客户的企业套餐激活策略，每月充值90元连续24个月', '600000324761', 'corporate_customer=1 AND inactive_days>28', '10000号', 1.0, 0.20, 1.55, 0.37, 660, TRUE, NOW(), NOW()),
(100644, '本溪100G关爱流量升级策略V3', '升级', '针对本溪地区流量重度用户的超大流量升级策略，50元享100G', '600000385378', 'location="本溪" AND data_usage>86% AND ARPU>62', 'APP推送', 0.0, 0.30, 2.05, 0.55, 1030, TRUE, NOW(), NOW()),
(100645, '重点客户150GB辽宁流量优惠挽留策略V3', '挽留', '针对重点客户的超大流量优惠挽留策略，原价33元优惠至3元/月', '600000402690', 'vip_level>=3 AND churn_risk_high=1 AND data_usage>92%', '短信', 0.91, 0.37, 2.45, 0.61, 1160, TRUE, NOW(), NOW()),
(100646, '重点客户300分钟语音通话挽留策略V3', '挽留', '针对语音重度用户的通话时长挽留策略，0元/月连续12个月', '600000317773', 'voice_usage>520 AND churn_risk_medium=1', '电子外呼', 1.0, 0.24, 1.75, 0.43, 790, TRUE, NOW(), NOW()),
(100647, '重点客户20G通用流量激活策略V3', '激活', '针对重点客户的通用流量激活策略，20G国内通用流量', '600000317774', 'vip_level>=3 AND activity_level_low=1', '公众号', 1.0, 0.31, 2.15, 0.52, 960, TRUE, NOW(), NOW()),
(100648, '景区30GB专属流量交叉销售策略V3', '交叉销售', '针对旅游爱好者的景区专属流量策略，适用于热门旅游景区', '600000395578', 'travel_tag=1 AND location_near_scenic=1', '小程序', 0.0, 0.26, 1.75, 0.46, 730, TRUE, NOW(), NOW()),
(100649, '集团客户全家享70元优惠激活策略V3', '激活', '针对集团客户的全家享套餐激活策略，每月充值70元连续24个月', '600000324752', 'corporate_customer=1 AND family_size>=3', '营业厅', 1.0, 0.23, 1.85, 0.40, 630, TRUE, NOW(), NOW()),
(100650, '铁岭10GB区域流量升级策略V3', '升级', '针对铁岭地区用户的流量升级策略，10GB辽宁流量优惠', '600000378679', 'location="铁岭" AND data_usage>76%', '网厅', 1.0, 0.28, 1.95, 0.50, 860, TRUE, NOW(), NOW()),
(100651, '铁岭5元15GB复合流量升级策略V3', '升级', '针对铁岭用户的复合流量包升级策略，2GB全国+13GB铁岭本地', '600000393629', 'location="铁岭" AND current_plan_basic=1', 'APP推送', 0.0, 0.25, 1.75, 0.44, 760, TRUE, NOW(), NOW()),
(100652, '铁岭100分钟语音优惠激活策略V3', '激活', '针对铁岭地区用户的本地语音激活策略，100分钟国内语音', '600000378653', 'location="铁岭" AND voice_usage_low=1', '短信', 1.0, 0.21, 1.55, 0.38, 700, TRUE, NOW(), NOW()),
(100653, '500分钟国内语音24个月激活策略V3', '激活', '针对语音需求用户的长期语音包策略，500分钟国内语音', '600000384492', 'voice_heavy_user=1 AND ARPU>56', '人工外呼', 1.0, 0.29, 2.05, 0.54, 870, TRUE, NOW(), NOW()),
(100654, '300M企业宽带专属合约交叉销售策略V3', '交叉销售', '针对企业宽带用户的专属合约策略，300M企业宽带', '600000351020', 'business_customer=1 AND broadband_speed<290', '沙盘', 0.0, 0.17, 1.35, 0.30, 460, TRUE, NOW(), NOW()),
(100655, '120GB辽宁流量36个月升级策略V3', '升级', '针对高流量用户的超长期大流量策略，120GB辽宁流量36个月', '600000403055', 'data_usage>92% AND tenure>13 AND ARPU>82', '网厅', 0.0, 0.33, 2.35, 0.60, 990, TRUE, NOW(), NOW()),
(100656, '129元全家享套餐优惠升级策略V3', '升级', '针对中等价值用户的全家享套餐升级策略，原价299元优惠至129元', '600000373700', 'ARPU>82 AND current_plan=79', '10000号', 0.57, 0.31, 2.15, 0.57, 930, TRUE, NOW(), NOW()),
(100657, '葫芦岛5元80分钟分区语音激活策略V3', '激活', '针对葫芦岛用户的本地语音激活策略，80分钟葫芦岛分区通话', '600000369249', 'location="葫芦岛" AND local_call_need=1', '短信', 0.0, 0.23, 1.65, 0.41, 730, TRUE, NOW(), NOW()),
(100658, '葫芦岛川达集团39元存量激活策略V3', '激活', '针对川达集团存量用户的套餐激活策略，39元享129元套餐资源', '600000397003', 'corporate_group="川达集团" AND inactive_days>58', '沙盘', 0.70, 0.26, 1.85, 0.47, 560, TRUE, NOW(), NOW()),
(100659, '59元全家享套餐优惠升级策略V3', '升级', '针对用户的全家享套餐升级策略，原价159元优惠至59元', '600000373697', 'ARPU>62 AND current_plan=29', '人工外呼', 0.63, 0.28, 1.95, 0.51, 800, TRUE, NOW(), NOW()),
(100660, '吉祥号码7056元预存激活策略V3', '激活', '针对吉祥号码用户的高额预存策略，预存7056元12个月每月返588元', '600000363107', 'premium_number=1 AND high_value=1', '营业厅', 0.0, 0.14, 1.25, 0.25, 360, TRUE, NOW(), NOW()),
(100661, '抖音30G定向流量交叉销售策略V3', '交叉销售', '针对视频用户的抖音定向流量策略，30G抖音定向流量', '600000305882', 'video_app_user=1 AND social_media_active=1', 'APP推送', 1.0, 0.32, 2.15, 0.57, 1230, TRUE, NOW(), NOW()),
(100662, '新入网50G省内流量激活策略V3', '激活', '针对新入网用户的省内流量优惠激活策略，50G辽宁通用流量', '600000397595', 'new_subscriber=1 AND location="辽宁"', '短信', 1.0, 0.37, 2.35, 0.64, 1560, TRUE, NOW(), NOW()),
(100663, '全家享90元话费优惠交叉销售策略V3', '交叉销售', '针对家庭用户的全家享套餐话费优惠策略，月省90元', '600000368102', 'family_size>=3 AND ARPU>155', '人工外呼', 0.62, 0.34, 2.45, 0.67, 1030, TRUE, NOW(), NOW()),
(100664, '50元流量优享包扩容40G升级策略V3', '升级', '针对流量重度用户的优享包扩容升级策略，总流量90G', '600000356286', 'data_usage>82% AND ARPU>62', '网厅', 0.0, 0.28, 1.95, 0.51, 1160, TRUE, NOW(), NOW()),
(100665, '30元流量优享包扩容20G升级策略V3', '升级', '针对中等流量用户的优享包扩容策略，总流量45G', '600000356284', 'data_usage>62% AND ARPU>42', 'APP推送', 0.0, 0.26, 1.85, 0.48, 1330, TRUE, NOW(), NOW()),
(100666, '存100享300话费回馈挽留策略V3', '挽留', '针对高价值客户的存费享优惠回馈策略，存100元享300元话费', '600000402848', 'vip_level>=3 AND churn_risk_high=1', '短信', 0.8, 0.40, 2.65, 0.65, 900, TRUE, NOW(), NOW()),
(100667, '20G国内流量基础包激活策略V3', '激活', '针对低流量用户的国内流量激活策略，20G国内流量', '600000314751', 'data_usage<32% AND inactive_days>32', '电子外呼', 1.0, 0.24, 1.65, 0.43, 1460, TRUE, NOW(), NOW()),
(100668, '0元20G定向流量体验激活策略V3', '激活', '针对视频用户的免费定向流量体验策略，20G定向流量', '600000389316', 'video_app_user=1 AND new_feature_user=1', '公众号', 1.0, 0.33, 2.25, 0.58, 1660, TRUE, NOW(), NOW()),
(100669, '宽带20元话费返还交叉销售策略V3', '交叉销售', '针对宽带用户的阶段性话费返还策略，720元话费36个月返还', '600000400162', 'broadband_customer=1 AND tenure>7', '营业厅', 0.0, 0.21, 1.55, 0.40, 760, TRUE, NOW(), NOW()),
(100670, '狂欢包30元100G大流量升级策略V3', '升级', '针对辽宁地区用户的超大流量包策略，100GB辽宁通用流量', '600000392209', 'location="辽宁" AND data_usage>92%', '小程序', 0.0, 0.31, 2.35, 0.58, 1100, TRUE, NOW(), NOW()),
(100671, '全家享55元优惠交叉销售策略V3', '交叉销售', '针对中等价值家庭用户的全家享套餐优惠策略，月省55元', '600000368126', 'family_size>=2 AND ARPU>105', '人工外呼', 0.77, 0.29, 2.05, 0.54, 930, TRUE, NOW(), NOW()),
(100672, '全家享70元优惠交叉销售策略V3', '交叉销售', '针对高价值家庭用户的全家享套餐优惠策略，月省70元', '600000368114', 'family_size>=3 AND ARPU>185', '10000号', 0.71, 0.35, 2.55, 0.70, 800, TRUE, NOW(), NOW()),
(100673, '集团客户全家享10元优惠激活策略V3', '激活', '针对集团客户的全家享套餐小额优惠激活策略，每月充值10元', '600000324758', 'corporate_customer=1 AND family_plan_eligible=1', '沙盘', 1.0, 0.20, 1.45, 0.37, 700, TRUE, NOW(), NOW()),
(100674, '集团客户全家享30元优惠激活策略V3', '激活', '针对集团客户的全家享套餐中额优惠激活策略，每月充值30元', '600000324746', 'corporate_customer=1 AND family_size>=2', '沙盘', 1.0, 0.23, 1.65, 0.41, 630, TRUE, NOW(), NOW()),
(100675, '集团客户全家享40元优惠激活策略V3', '激活', '针对集团客户的全家享套餐较高额优惠激活策略，每月充值40元', '600000324743', 'corporate_customer=1 AND ARPU>125', '沙盘', 1.0, 0.26, 1.85, 0.45, 560, TRUE, NOW(), NOW()),
(100676, '集团客户全家享70元优惠激活策略V3', '激活', '针对高价值集团客户的全家享套餐高额优惠激活策略，每月充值70元', '600000324752', 'corporate_customer=1 AND ARPU>205', '沙盘', 1.0, 0.30, 2.15, 0.53, 500, TRUE, NOW(), NOW()),
(100677, '辽阳30元100G流量升级策略V3', '升级', '针对辽阳地区用户的超大流量优惠策略，100G辽宁流量', '600000401676', 'location="辽阳" AND data_usage>72%', '网厅', 0.0, 0.34, 2.45, 0.62, 960, TRUE, NOW(), NOW()),
(100678, '辽阳加10元50G流量升级策略V3', '升级', '针对辽阳地区用户的增量流量优惠策略，加10元享50GB流量', '600000401792', 'location="辽阳" AND current_plan_basic=1', 'APP推送', 0.0, 0.27, 1.85, 0.48, 900, TRUE, NOW(), NOW()),
(100679, '39元飞享存100享340激活策略V3', '激活', '针对新入网用户的高额话费返还策略，存100元享340元话费', '600000381638', 'new_subscriber=1 AND plan="39元飞享"', '营业厅', 0.29, 0.38, 2.75, 0.67, 1300, TRUE, NOW(), NOW()),
(100680, '辽阳高校200分钟语音激活策略V3', '激活', '针对高校新生的语音通话优惠策略，200分钟国内主叫', '600000326002', 'student=1 AND campus="辽阳高校"', '校园推广', 1.0, 0.43, 2.95, 0.75, 1860, TRUE, NOW(), NOW())
  ON CONFLICT DO NOTHING;
INSERT INTO products (id, name, category, sub_category, price, original_price, discount_supported, description, target_user_type, package_size, valid_period, applicable_scope, is_active, created_at) VALUES
(600000388603, '50G本钢专属区域流量优惠活动', '流量包', '区域流量', 0.0, 0.0, FALSE, '50GB本钢厂区专属区域流量，有效期12个月，不含港澳台，不支持共享和结转', '企业用户', '50GB', '12个月', '本钢厂区', TRUE, NOW()),
(600000390880, '全家享优惠专属活动239减170', '个人套餐', '全家享套餐', 69.0, 239.0, TRUE, '全家享套餐月费239元优惠至69元，合约期24个月，包含家庭宽带和多终端共享', '家庭用户', '全家享套餐', '24个月', '全国', TRUE, NOW()),
(600000324761, '集团客户全家享套餐专属优惠活动（优惠90元）', '个人套餐', '集团套餐', 0.0, 90.0, TRUE, '集团客户全家享套餐专属优惠，每月充值90元连续24个月，合约期25个月', '企业用户', '集团全家享', '25个月', '全国', TRUE, NOW()),
(600000385378, '50元100G关爱专属流量（本溪）', '流量包', '区域流量', 50.0, 50.0, FALSE, '100G本溪地区关爱专属流量，适用于本溪地区用户', '低流量用户', '100GB', '长期', '本溪', TRUE, NOW()),
(600000402690, '2024重点客户流量优惠活动（150GB）', '流量包', '通用流量', 3.0, 33.0, TRUE, '150GB辽宁流量优惠活动，原价33元/月，优惠后3元/月，合约期12个月', '高流量用户', '150GB', '12个月', '辽宁', TRUE, NOW()),
(600000317773, '重点客户300分钟国内语音12个月（立即）', '语音包', '国内语音', 0.0, 20.0, TRUE, '300分钟国内通话时长，合约期12个月，到期自动取消', '语音重度用户', '300分钟', '12个月', '全国', TRUE, NOW()),
(600000317774, '重点客户20G流量12个月（立即）', '流量包', '通用流量', 0.0, 15.0, TRUE, '20G国内通用流量，不含港澳台，不支持共享及结转，合约期12个月', '重点客户', '20GB', '12个月', '全国', TRUE, NOW()),
(600000395578, '30GB景区专属流量优惠活动', '流量包', '景区流量', 0.0, 25.0, TRUE, '30GB景区专属流量，适用于热门旅游景区使用', '旅游用户', '30GB', '24个月', '景区区域', TRUE, NOW()),
(600000324752, '集团客户全家享套餐专属优惠活动（优惠70元）', '个人套餐', '集团套餐', 0.0, 70.0, TRUE, '集团客户全家享套餐70元优惠，每月充值70元连续24个月，合约期25个月', '企业用户', '集团全家享', '25个月', '全国', TRUE, NOW()),
(600000378679, '铁岭客户辽宁10GB流量优惠', '流量包', '区域流量', 0.0, 10.0, TRUE, '10GB辽宁流量优惠，需在套餐内流量用完后使用，不支持共享及结转', '区域用户', '10GB', '24个月', '辽宁', TRUE, NOW()),
(600000393629, '5元2GB国内通用流量及13GB铁岭区域流量（次月生效）', '流量包', '复合流量', 5.0, 5.0, FALSE, '2GB国内通用流量+13GB铁岭区域流量，流量不可结转及共享，合约期24个月', '区域用户', '15GB', '24个月', '全国+铁岭', TRUE, NOW()),
(600000378653, '铁岭客户100分钟语音优惠', '语音包', '本地语音', 0.0, 8.0, TRUE, '100分钟国内语音通话优惠，共24个月，不含港澳台', '区域用户', '100分钟', '24个月', '全国', TRUE, NOW()),
(600000384492, '500分钟国内语音优惠活动（24个月）', '语音包', '国内语音', 0.0, 40.0, TRUE, '500分钟国内语音，活动有效期24个月，到期后自动取消', '语音用户', '500分钟', '24个月', '全国', TRUE, NOW()),
(600000351020, '300M企带套餐专属合约活动', '宽带业务', '企业宽带', 0.0, 0.0, FALSE, '300M企业宽带专属合约，合约期24个月，需归还光猫设备', '企业用户', '300M宽带', '24个月', '全国', TRUE, NOW()),
(600000403055, '流量补充包120GB辽宁流量（36个月）', '流量包', '区域流量', 0.0, 0.0, FALSE, '120GB辽宁通用流量，需在辽宁区域内使用，不支持共享和结转，合约期36个月', '高流量用户', '120GB', '36个月', '辽宁', TRUE, NOW()),
(600000373700, '129元优惠活动（转套餐）', '个人套餐', '全家享套餐', 129.0, 299.0, TRUE, '129元/月享受原价299元的299档位全家享套餐优惠，活动有效期24个月', '中高价值用户', '全家享套餐', '24个月', '全国', TRUE, NOW()),
(600000369249, '葫芦岛分区5元80分钟国内主叫', '语音包', '分区语音', 5.0, 5.0, FALSE, '80分钟葫芦岛分区国内主叫通话时长，仅限在葫芦岛本地使用，不支持结转', '区域用户', '80分钟', '24个月', '葫芦岛', TRUE, NOW()),
(600000397003, '葫芦岛川达集团成员39元活动（存量）', '个人套餐', '集团套餐', 39.0, 129.0, TRUE, '39元/月享受129元全家享套餐资源，包含30G全国流量，150G本地流量', '集团用户', '集团套餐', '24个月', '葫芦岛', TRUE, NOW()),
(600000373697, '59元优惠活动（非转套餐）', '个人套餐', '全家享套餐', 59.0, 159.0, TRUE, '59元/月享受原价159元的159档位全家享套餐优惠，活动有效期24个月', '中等价值用户', '全家享套餐', '24个月', '全国', TRUE, NOW()),
(600000363107, '吉祥号码预存7056元', '话费优惠', '预存送费', 0.0, 0.0, FALSE, '预存7056元话费，有效期内每月返还588元话费，活动有效期12个月', '高价值用户', '7056元话费', '12个月', '全国', TRUE, NOW()),
(600000305882, '重点客户30G抖音流量', '流量包', '定向流量', 0.0, 0.0, FALSE, '30G抖音定向流量，可在抖音APP内使用，不含港澳台，不支持结转与共享，合约期12个月', '重点客户', '30GB', '12个月', '全国', TRUE, NOW()),
(600000397595, '新入网0元50G特惠省内流量12个月', '流量包', '区域流量', 0.0, 0.0, FALSE, '50GB辽宁通用流量，新入网用户专享，办理立即生效，有效期12个月，到期自动取消', '新用户', '50GB', '12个月', '辽宁', TRUE, NOW()),
(600000368102, '全家享套餐优惠专属活动（优惠90元）', '个人套餐', '全家享套餐', 0.0, 90.0, TRUE, '全家享套餐每月赠送90元话费，从参与次月起连续赠送24个月，如活动终止则未获得的话费不予享受', '家庭用户', '全家享套餐', '24个月', '全国', TRUE, NOW()),
(600000356286, '50元流量优享包活动扩容40G', '流量包', '通用流量', 50.0, 50.0, FALSE, '包含20GB国内通用流量、20GB抖音快手定向流量、10GB月末通用流量，额外加享40GB辽宁流量，有效期12个月', '高流量用户', '90GB', '12个月', '全国+辽宁', TRUE, NOW()),
(600000356284, '30元流量优享包活动扩容20G', '流量包', '通用流量', 30.0, 30.0, FALSE, '包含10GB国内通用流量、10GB抖音快手定向流量、5GB月末通用流量，额外加享20GB辽宁流量，有效期12个月', '中等流量用户', '45GB', '12个月', '全国+辽宁', TRUE, NOW()),
(600000402848, '100享300权益客户回馈活动', '话费优惠', '存费送费', 100.0, 100.0, FALSE, '存100元话费，从业务办理次月起连续10个月每月享20元话费到账优惠，合约期11个月', '高价值用户', '300元话费', '11个月', '全国', TRUE, NOW()),
(600000314751, '20G国内流量', '流量包', '通用流量', 0.0, 0.0, FALSE, '20G国内流量，从参与活动当月起生效，连续优惠12个月，到期后活动自动失效', '低流量用户', '20GB', '12个月', '全国', TRUE, NOW()),
(600000389316, '0元20G定向流量', '流量包', '定向流量', 0.0, 0.0, FALSE, '20G定向流量，适用于爱奇艺、优酷、腾讯视频、快手、抖音等APP，共12个月到期自动取消', '视频用户', '20GB', '12个月', '全国', TRUE, NOW()),
(600000400162, '宽带阶段性活动优惠20元', '宽带业务', '话费返还', 0.0, 0.0, FALSE, '参与活动后赠送720元话费，从参与当月起连续返还36个月，每月返还10元话费', '宽带用户', '720元话费', '36个月', '全国', TRUE, NOW()),
(600000392209, '狂欢包30元档位', '流量包', '区域流量', 30.0, 30.0, FALSE, '100GB辽宁通用流量，需在套餐内流量使用前使用，有效期24个月，不支持结转及共享', '区域用户', '100GB', '24个月', '辽宁', TRUE, NOW()),
(600000368126, '全家享套餐优惠专属活动（优惠55元）', '个人套餐', '全家享套餐', 0.0, 55.0, TRUE, '全家享套餐每月赠送55元话费，从参与次月起连续赠送24个月，如活动终止则未获得的话费不予享受', '家庭用户', '全家享套餐', '24个月', '全国', TRUE, NOW()),
(600000368114, '全家享套餐优惠专属活动（优惠70元）', '个人套餐', '全家享套餐', 0.0, 70.0, TRUE, '全家享套餐每月赠送70元话费，从参与次月起连续赠送24个月，如活动终止则未获得的话费不予享受', '高价值家庭', '全家享套餐', '24个月', '全国', TRUE, NOW()),
(600000324758, '集团客户全家享套餐专属优惠活动（优惠10元）', '个人套餐', '集团套餐', 0.0, 10.0, TRUE, '集团客户全家享套餐专属优惠，不收取费用，办理立即生效，合约期25个月，每月充值10元连续24个月', '企业用户', '集团全家享', '25个月', '全国', TRUE, NOW()),
(600000324746, '集团客户全家享套餐专属优惠活动（优惠30元）', '个人套餐', '集团套餐', 0.0, 30.0, TRUE, '集团客户全家享套餐专属优惠，不收取费用，办理立即生效，合约期25个月，每月充值30元连续24个月', '企业用户', '集团全家享', '25个月', '全国', TRUE, NOW()),
(600000324743, '集团客户全家享套餐专属优惠活动（优惠40元）', '个人套餐', '集团套餐', 0.0, 40.0, TRUE, '集团客户全家享套餐专属优惠，不收取费用，办理立即生效，合约期25个月，每月充值40元连续24个月', '企业用户', '集团全家享', '25个月', '全国', TRUE, NOW()),
(600000401676, '2024年辽阳惠享30元100G辽宁流量', '流量包', '区域流量', 30.0, 30.0, FALSE, '100G辽宁流量，必须在辽宁分区内使用，共24个月到期自动取消，不支持结转与共享', '区域用户', '100GB', '24个月', '辽宁', TRUE, NOW()),
(600000401792, '2024年辽阳约惠加10元流量活动', '流量包', '区域流量', 10.0, 10.0, FALSE, '承诺在原消费金额不变基础上每月增加10元享50GB辽宁流量，共24个月到期自动取消', '区域用户', '50GB', '24个月', '辽宁', TRUE, NOW()),
(600000381638, '2024年39元飞享入网存100元享340元优惠活动', '话费优惠', '存费送费', 100.0, 100.0, FALSE, '存100元话费享340元话费优惠，100元入网当月返还，剩余240元次月起每月返还20元，活动期13个月', '新用户', '340元话费', '13个月', '全国', TRUE, NOW()),
(600000326002, '2022年辽阳高校迎新200分钟国内主叫国内通话包（48个月）', '语音包', '国内语音', 0.0, 0.0, FALSE, '每月可享200分钟国内主叫通话时长（不含港澳台），有效期48个月，到期后自动取消', '学生用户', '200分钟', '48个月', '全国', TRUE, NOW()),
(600000388603, '50G本钢专属区域流量优惠活动V2', '流量包', '区域流量', 0.0, 0.0, FALSE, '50GB本钢厂区专属区域流量，有效期12个月，不含港澳台，不支持共享和结转', '企业用户', '50GB', '12个月', '本钢厂区', TRUE, NOW()),
(600000390880, '全家享优惠专属活动239减170V2', '个人套餐', '全家享套餐', 69.0, 239.0, TRUE, '全家享套餐月费239元优惠至69元，合约期24个月，包含家庭宽带和多终端共享', '家庭用户', '全家享套餐', '24个月', '全国', TRUE, NOW()),
(600000324761, '集团客户全家享套餐专属优惠活动（优惠90元）V2', '个人套餐', '集团套餐', 0.0, 90.0, TRUE, '集团客户全家享套餐专属优惠，每月充值90元连续24个月，合约期25个月', '企业用户', '集团全家享', '25个月', '全国', TRUE, NOW()),
(600000385378, '50元100G关爱专属流量（本溪）V2', '流量包', '区域流量', 50.0, 50.0, FALSE, '100G本溪地区关爱专属流量，适用于本溪地区用户', '低流量用户', '100GB', '长期', '本溪', TRUE, NOW()),
(600000402690, '2024重点客户流量优惠活动（150GB）V2', '流量包', '通用流量', 3.0, 33.0, TRUE, '150GB辽宁流量优惠活动，原价33元/月，优惠后3元/月，合约期12个月', '高流量用户', '150GB', '12个月', '辽宁', TRUE, NOW()),
(600000317773, '重点客户300分钟国内语音12个月（立即）V2', '语音包', '国内语音', 0.0, 20.0, TRUE, '300分钟国内通话时长，合约期12个月，到期自动取消', '语音重度用户', '300分钟', '12个月', '全国', TRUE, NOW()),
(600000317774, '重点客户20G流量12个月（立即）V2', '流量包', '通用流量', 0.0, 15.0, TRUE, '20G国内通用流量，不含港澳台，不支持共享及结转，合约期12个月', '重点客户', '20GB', '12个月', '全国', TRUE, NOW()),
(600000395578, '30GB景区专属流量优惠活动V2', '流量包', '景区流量', 0.0, 25.0, TRUE, '30GB景区专属流量，适用于热门旅游景区使用', '旅游用户', '30GB', '24个月', '景区区域', TRUE, NOW()),
(600000324752, '集团客户全家享套餐专属优惠活动（优惠70元）V2', '个人套餐', '集团套餐', 0.0, 70.0, TRUE, '集团客户全家享套餐70元优惠，每月充值70元连续24个月，合约期25个月', '企业用户', '集团全家享', '25个月', '全国', TRUE, NOW()),
(600000378679, '铁岭客户辽宁10GB流量优惠V2', '流量包', '区域流量', 0.0, 10.0, TRUE, '10GB辽宁流量优惠，需在套餐内流量用完后使用，不支持共享及结转', '区域用户', '10GB', '24个月', '辽宁', TRUE, NOW()),
(600000393629, '5元2GB国内通用流量及13GB铁岭区域流量（次月生效）V2', '流量包', '复合流量', 5.0, 5.0, FALSE, '2GB国内通用流量+13GB铁岭区域流量，流量不可结转及共享，合约期24个月', '区域用户', '15GB', '24个月', '全国+铁岭', TRUE, NOW()),
(600000378653, '铁岭客户100分钟语音优惠V2', '语音包', '本地语音', 0.0, 8.0, TRUE, '100分钟国内语音通话优惠，共24个月，不含港澳台', '区域用户', '100分钟', '24个月', '全国', TRUE, NOW()),
(600000384492, '500分钟国内语音优惠活动（24个月）V2', '语音包', '国内语音', 0.0, 40.0, TRUE, '500分钟国内语音，活动有效期24个月，到期后自动取消', '语音用户', '500分钟', '24个月', '全国', TRUE, NOW()),
(600000351020, '300M企带套餐专属合约活动V2', '宽带业务', '企业宽带', 0.0, 0.0, FALSE, '300M企业宽带专属合约，合约期24个月，需归还光猫设备', '企业用户', '300M宽带', '24个月', '全国', TRUE, NOW()),
(600000403055, '流量补充包120GB辽宁流量（36个月）V2', '流量包', '区域流量', 0.0, 0.0, FALSE, '120GB辽宁通用流量，需在辽宁区域内使用，不支持共享和结转，合约期36个月', '高流量用户', '120GB', '36个月', '辽宁', TRUE, NOW()),
(600000373700, '129元优惠活动（转套餐）V2', '个人套餐', '全家享套餐', 129.0, 299.0, TRUE, '129元/月享受原价299元的299档位全家享套餐优惠，活动有效期24个月', '中高价值用户', '全家享套餐', '24个月', '全国', TRUE, NOW()),
(600000369249, '葫芦岛分区5元80分钟国内主叫V2', '语音包', '分区语音', 5.0, 5.0, FALSE, '80分钟葫芦岛分区国内主叫通话时长，仅限在葫芦岛本地使用，不支持结转', '区域用户', '80分钟', '24个月', '葫芦岛', TRUE, NOW()),
(600000397003, '葫芦岛川达集团成员39元活动（存量）V2', '个人套餐', '集团套餐', 39.0, 129.0, TRUE, '39元/月享受129元全家享套餐资源，包含30G全国流量，150G本地流量', '集团用户', '集团套餐', '24个月', '葫芦岛', TRUE, NOW()),
(600000373697, '59元优惠活动（非转套餐）V2', '个人套餐', '全家享套餐', 59.0, 159.0, TRUE, '59元/月享受原价159元的159档位全家享套餐优惠，活动有效期24个月', '中等价值用户', '全家享套餐', '24个月', '全国', TRUE, NOW()),
(600000363107, '吉祥号码预存7056元V2', '话费优惠', '预存送费', 0.0, 0.0, FALSE, '预存7056元话费，有效期内每月返还588元话费，活动有效期12个月', '高价值用户', '7056元话费', '12个月', '全国', TRUE, NOW())
  ON CONFLICT DO NOTHING;


INSERT INTO scripts (id, content, scenario, product_id, strategy_id, user_segment, channel, compliance_status, usage_count, avg_ctr, created_at, updated_at) VALUES
(601, '【本钢厂区专属福利】尊敬的客户，您可享受50GB本钢专属区域流量，0元/月！立即生效，有效期12个月。回复Y办理，或拨打10086咨询。', '区域流量挽留', 600000388603, 100601, '本钢厂区用户', '短信', 'approved', 860, 0.49, NOW(), NOW()),
(602, '您好！我是移动客服专员，看到您是我们的高价值客户，现为您推荐全家享239套餐优惠至69元/月，月省170元！包含宽带、多终端共享，需要为您详细介绍吗？', '高价值客户交叉销售', 600000390880, 100602, '高ARPU用户', '人工外呼', 'approved', 630, 0.73, NOW(), NOW()),
(603, '【集团客户专享】您可办理全家享套餐90元优惠活动！不收费用，办理立即生效，合约25个月。详情请咨询10000号或前往营业厅。', '集团客户激活', 600000324761, 100603, '集团客户', '10000号', 'approved', 490, 0.39, NOW(), NOW()),
(604, '【本溪关爱流量】50元享100G专属流量！超大流量满足您的日常需求，立即通过APP办理享受优惠！', '区域流量升级', 600000385378, 100604, '本溪用户', 'APP推送', 'approved', 730, 0.57, NOW(), NOW()),
(605, '【重点客户专享】150GB辽宁流量仅需3元/月！原价33元，现在办理立享优惠，合约12个月。点击链接立即办理>>', '重点客户挽留', 600000402690, 100605, 'VIP客户', '短信', 'approved', 960, 0.63, NOW(), NOW()),
(606, '您好！检测到您本月语音使用较多，为您推荐300分钟国内语音包，0元/月，连续12个月！需要为您开通吗？', '语音用户挽留', 600000317773, 100606, '语音重度用户', '电子外呼', 'approved', 590, 0.45, NOW(), NOW()),
(607, '【重点客户福利】20G国内通用流量免费送！连续12个月，立即生效。关注公众号回复"领流量"即可领取！', '重点客户激活', 600000317774, 100607, '重点客户', '公众号', 'approved', 830, 0.54, NOW(), NOW()),
(608, '【景区流量特惠】30GB景区专属流量免费送！旅游出行无忧，通过小程序一键领取，有效期24个月！', '旅游用户交叉销售', 600000395578, 100608, '旅游兴趣用户', '小程序', 'approved', 530, 0.48, NOW(), NOW()),
(609, '【集团客户福利】全家享套餐70元优惠活动开启！每月充值70元连续24个月，合约25个月。欢迎到营业厅咨询办理！', '集团客户激活', 600000324752, 100609, '集团客户', '营业厅', 'approved', 460, 0.42, NOW(), NOW()),
(610, '【铁岭用户专享】10GB辽宁流量免费送！次月生效，连续24个月。登录网厅立即领取>>', '区域用户升级', 600000378679, 100610, '铁岭用户', '网厅', 'approved', 790, 0.52, NOW(), NOW()),
(611, '【铁岭流量组合包】5元享15GB流量！2GB全国+13GB铁岭本地，APP一键办理>>', '区域用户升级', 600000393629, 100611, '铁岭用户', 'APP推送', 'approved', 630, 0.46, NOW(), NOW()),
(612, '【铁岭语音优惠】100分钟国内通话免费送！24个月长期有效，短信回复Y立即办理>>', '区域用户激活', 600000378653, 100612, '铁岭用户', '短信', 'approved', 590, 0.40, NOW(), NOW()),
(613, '您好！为您推荐500分钟国内语音包，0元/月，连续24个月！适合经常打电话的您，需要开通吗？', '语音用户激活', 600000384492, 100613, '语音重度用户', '人工外呼', 'approved', 730, 0.56, NOW(), NOW()),
(614, '【企业宽带升级】300M企业宽带专属合约开启！联系客户经理了解详情，沙盘系统已为您配置>>', '企业客户交叉销售', 600000351020, 100614, '企业客户', '沙盘', 'approved', 330, 0.33, NOW(), NOW()),
(615, '【超大流量长期包】120GB辽宁流量免费送！36个月超长期有效，网厅立即办理>>', '高流量用户升级', 600000403055, 100615, '高流量用户', '网厅', 'approved', 860, 0.62, NOW(), NOW()),
(616, '您好！为您推荐129元全家享套餐，原价299元现在只要129元！月省170元，拨打10000号立即咨询>>', '套餐升级', 600000373700, 100616, '中高价值用户', '10000号', 'approved', 790, 0.59, NOW(), NOW()),
(617, '【葫芦岛本地优惠】5元享80分钟本地通话！仅限葫芦岛使用，24个月有效，回复Y办理>>', '区域用户激活', 600000369249, 100617, '葫芦岛用户', '短信', 'approved', 530, 0.43, NOW(), NOW()),
(618, '【川达集团专享】39元享129元套餐资源！包含180G流量+300分钟通话，沙盘系统已配置>>', '集团客户激活', 600000397003, 100618, '川达集团用户', '沙盘', 'approved', 390, 0.49, NOW(), NOW()),
(619, '您好！为您推荐59元全家享套餐，原价159元现在只要59元！月省100元，需要详细介绍吗？', '套餐升级', 600000373697, 100619, '中等价值用户', '人工外呼', 'approved', 660, 0.53, NOW(), NOW())
  ON CONFLICT DO NOTHING;

INSERT INTO strategies (id, name, category, description, product_ids, conditions, channel_preference, discount_ratio, avg_conversion_rate, avg_roi, avg_click_rate, sample_count, is_active, created_at, updated_at) VALUES
(100801, '本钢50G区域流量精准挽留策略V7', '挽留', '针对本钢厂区高流失风险用户的专属流量挽留策略', '600000388603', 'location="本钢厂区" AND churn_risk_high=1 AND ARPU>60', '短信', 1.0, 0.31, 2.05, 0.51, 1390, TRUE, NOW(), NOW()),
(100802, '全家享239套餐高额优惠交叉销售策略V7', '交叉销售', '针对高价值家庭用户的全家享套餐高额优惠策略', '600000390880', 'ARPU>230 AND family_size>=3 AND tenure>11', '人工外呼', 0.71, 0.38, 2.55, 0.74, 950, TRUE, NOW(), NOW()),
(100803, '集团客户全家享90元专属激活策略V7', '激活', '针对集团客户的企业套餐激活策略', '600000324761', 'corporate_customer=1 AND inactive_days>20', '10000号', 1.0, 0.21, 1.65, 0.38, 680, TRUE, NOW(), NOW()),
(100804, '本溪100G关爱流量升级策略V7', '升级', '针对本溪地区流量重度用户的超大流量升级策略', '600000385378', 'location="本溪" AND data_usage>90% AND ARPU>70', 'APP推送', 0.0, 0.34, 2.25, 0.59, 1080, TRUE, NOW(), NOW()),
(100805, '重点客户150GB辽宁流量优惠挽留策略V7', '挽留', '针对重点客户的超大流量优惠挽留策略', '600000402690', 'vip_level>=3 AND churn_risk_high=1 AND data_usage>99%', '短信', 0.91, 0.41, 2.65, 0.65, 1210, TRUE, NOW(), NOW()),
(100806, '重点客户300分钟语音通话挽留策略V7', '挽留', '针对语音重度用户的通话时长挽留策略', '600000317773', 'voice_usage>600 AND churn_risk_medium=1', '电子外呼', 1.0, 0.28, 1.95, 0.47, 850, TRUE, NOW(), NOW()),
(100807, '重点客户20G通用流量激活策略V7', '激活', '针对重点客户的通用流量激活策略', '600000317774', 'vip_level>=3 AND activity_level_low=1', '公众号', 1.0, 0.35, 2.35, 0.56, 1010, TRUE, NOW(), NOW()),
(100808, '景区30GB专属流量交叉销售策略V7', '交叉销售', '针对旅游爱好者的景区专属流量策略', '600000395578', 'travel_tag=1 AND location_near_scenic=1', '小程序', 0.0, 0.30, 1.95, 0.50, 780, TRUE, NOW(), NOW()),
(100809, '集团客户全家享70元优惠激活策略V7', '激活', '针对集团客户的全家享套餐激活策略', '600000324752', 'corporate_customer=1 AND family_size>=4', '营业厅', 1.0, 0.27, 2.05, 0.44, 680, TRUE, NOW(), NOW()),
(100810, '铁岭10GB区域流量升级策略V7', '升级', '针对铁岭地区用户的流量升级策略', '600000378679', 'location="铁岭" AND data_usage>80%', '网厅', 1.0, 0.32, 2.15, 0.54, 940, TRUE, NOW(), NOW()),
(100811, '铁岭5元15GB复合流量升级策略V7', '升级', '针对铁岭用户的复合流量包升级策略', '600000393629', 'location="铁岭" AND current_plan_basic=1', 'APP推送', 0.0, 0.29, 1.95, 0.48, 810, TRUE, NOW(), NOW()),
(100812, '铁岭100分钟语音优惠激活策略V7', '激活', '针对铁岭地区用户的本地语音激活策略', '600000378653', 'location="铁岭" AND voice_usage_low=1', '短信', 1.0, 0.25, 1.75, 0.42, 750, TRUE, NOW(), NOW()),
(100813, '500分钟国内语音24个月激活策略V7', '激活', '针对语音需求用户的长期语音包策略', '600000384492', 'voice_heavy_user=1 AND ARPU>60', '人工外呼', 1.0, 0.33, 2.25, 0.58, 920, TRUE, NOW(), NOW()),
(100814, '300M企业宽带专属合约交叉销售策略V7', '交叉销售', '针对企业宽带用户的专属合约策略', '600000351020', 'business_customer=1 AND broadband_speed<250', '沙盘', 0.0, 0.21, 1.55, 0.34, 500, TRUE, NOW(), NOW()),
(100815, '120GB辽宁流量36个月升级策略V7', '升级', '针对高流量用户的超长期大流量策略', '600000403055', 'data_usage>96% AND tenure>17 AND ARPU>90', '网厅', 0.0, 0.37, 2.55, 0.64, 1050, TRUE, NOW(), NOW()),
(100816, '129元全家享套餐优惠升级策略V7', '升级', '针对中等价值用户的全家享套餐升级策略', '600000373700', 'ARPU>90 AND current_plan=79', '10000号', 0.57, 0.35, 2.35, 0.61, 980, TRUE, NOW(), NOW()),
(100817, '葫芦岛5元80分钟分区语音激活策略V7', '激活', '针对葫芦岛用户的本地语音激活策略', '600000369249', 'location="葫芦岛" AND local_call_need=1', '短信', 0.0, 0.27, 1.85, 0.45, 780, TRUE, NOW(), NOW()),
(100818, '葫芦岛川达集团39元存量激活策略V7', '激活', '针对川达集团存量用户的套餐激活策略', '600000397003', 'corporate_group="川达集团" AND inactive_days>50', '沙盘', 0.70, 0.30, 2.05, 0.51, 610, TRUE, NOW(), NOW()),
(100819, '59元全家享套餐优惠升级策略V7', '升级', '针对用户的全家享套餐升级策略', '600000373697', 'ARPU>70 AND current_plan=29', '人工外呼', 0.63, 0.32, 2.15, 0.55, 850, TRUE, NOW(), NOW()),
(100820, '吉祥号码7056元预存激活策略V7', '激活', '针对吉祥号码用户的高额预存策略', '600000363107', 'premium_number=1 AND high_value=1', '营业厅', 0.0, 0.18, 1.45, 0.29, 410, TRUE, NOW(), NOW()),
(100821, '抖音30G定向流量交叉销售策略V7', '交叉销售', '针对视频用户的抖音定向流量策略', '600000305882', 'video_app_user=1 AND social_media_active=1', 'APP推送', 1.0, 0.36, 2.35, 0.61, 1280, TRUE, NOW(), NOW()),
(100822, '新入网50G省内流量激活策略V7', '激活', '针对新入网用户的省内流量优惠激活策略', '600000397595', 'new_subscriber=1 AND location="辽宁"', '短信', 1.0, 0.41, 2.55, 0.68, 1610, TRUE, NOW(), NOW()),
(100823, '全家享90元话费优惠交叉销售策略V7', '交叉销售', '针对家庭用户的全家享套餐话费优惠策略', '600000368102', 'family_size>=3 AND ARPU>165', '人工外呼', 0.62, 0.38, 2.65, 0.71, 1080, TRUE, NOW(), NOW()),
(100824, '50元流量优享包扩容40G升级策略V7', '升级', '针对流量重度用户的优享包扩容升级策略', '600000356286', 'data_usage>90% AND ARPU>70', '网厅', 0.0, 0.32, 2.15, 0.55, 1210, TRUE, NOW(), NOW()),
(100825, '30元流量优享包扩容20G升级策略V7', '升级', '针对中等流量用户的优享包扩容策略', '600000356284', 'data_usage>70% AND ARPU>50', 'APP推送', 0.0, 0.30, 2.05, 0.52, 1380, TRUE, NOW(), NOW()),
(100826, '存100享300话费回馈挽留策略V7', '挽留', '针对高价值客户的存费享优惠回馈策略', '600000402848', 'vip_level>=3 AND churn_risk_high=1', '短信', 0.8, 0.44, 2.85, 0.69, 950, TRUE, NOW(), NOW()),
(100827, '20G国内流量基础包激活策略V7', '激活', '针对低流量用户的国内流量激活策略', '600000314751', 'data_usage<40% AND inactive_days>40', '电子外呼', 1.0, 0.28, 1.85, 0.47, 1510, TRUE, NOW(), NOW()),
(100828, '0元20G定向流量体验激活策略V7', '激活', '针对视频用户的免费定向流量体验策略', '600000389316', 'video_app_user=1 AND new_feature_user=1', '公众号', 1.0, 0.37, 2.45, 0.62, 1710, TRUE, NOW(), NOW()),
(100829, '宽带20元话费返还交叉销售策略V7', '交叉销售', '针对宽带用户的阶段性话费返还策略', '600000400162', 'broadband_customer=1 AND tenure>11', '营业厅', 0.0, 0.25, 1.75, 0.44, 810, TRUE, NOW(), NOW()),
(100830, '狂欢包30元100G大流量升级策略V7', '升级', '针对辽宁地区用户的超大流量包策略', '600000392209', 'location="辽宁" AND data_usage>99%', '小程序', 0.0, 0.35, 2.55, 0.62, 1150, TRUE, NOW(), NOW()),
(100831, '全家享55元优惠交叉销售策略V7', '交叉销售', '针对中等价值家庭用户的全家享套餐优惠策略', '600000368126', 'family_size>=2 AND ARPU>115', '人工外呼', 0.77, 0.33, 2.25, 0.58, 980, TRUE, NOW(), NOW()),
(100832, '全家享70元优惠交叉销售策略V7', '交叉销售', '针对高价值家庭用户的全家享套餐优惠策略', '600000368114', 'family_size>=3 AND ARPU>195', '10000号', 0.71, 0.39, 2.75, 0.74, 850, TRUE, NOW(), NOW()),
(100833, '集团客户全家享10元优惠激活策略V7', '激活', '针对集团客户的全家享套餐小额优惠激活策略', '600000324758', 'corporate_customer=1 AND family_plan_eligible=1', '沙盘', 1.0, 0.24, 1.65, 0.41, 750, TRUE, NOW(), NOW()),
(100834, '集团客户全家享30元优惠激活策略V7', '激活', '针对集团客户的全家享套餐中额优惠激活策略', '600000324746', 'corporate_customer=1 AND family_size>=2', '沙盘', 1.0, 0.27, 1.85, 0.45, 680, TRUE, NOW(), NOW()),
(100835, '集团客户全家享40元优惠激活策略V7', '激活', '针对集团客户的全家享套餐较高额优惠激活策略', '600000324743', 'corporate_customer=1 AND ARPU>135', '沙盘', 1.0, 0.30, 2.05, 0.49, 610, TRUE, NOW(), NOW()),
(100836, '集团客户全家享70元优惠激活策略V7', '激活', '针对高价值集团客户的全家享套餐高额优惠激活策略', '600000324752', 'corporate_customer=1 AND ARPU>215', '沙盘', 1.0, 0.34, 2.35, 0.57, 550, TRUE, NOW(), NOW()),
(100837, '辽阳30元100G流量升级策略V7', '升级', '针对辽阳地区用户的超大流量优惠策略', '600000401676', 'location="辽阳" AND data_usage>80%', '网厅', 0.0, 0.38, 2.65, 0.66, 1010, TRUE, NOW(), NOW()),
(100838, '辽阳加10元50G流量升级策略V7', '升级', '针对辽阳地区用户的增量流量优惠策略', '600000401792', 'location="辽阳" AND current_plan_basic=1', 'APP推送', 0.0, 0.31, 2.05, 0.52, 950, TRUE, NOW(), NOW()),
(100839, '39元飞享存100享340激活策略V7', '激活', '针对新入网用户的高额话费返还策略', '600000381638', 'new_subscriber=1 AND plan="39元飞享"', '营业厅', 0.29, 0.42, 2.95, 0.71, 1350, TRUE, NOW(), NOW()),
(100840, '辽阳高校200分钟语音激活策略V7', '激活', '针对高校新生的语音通话优惠策略', '600000326002', 'student=1 AND campus="辽阳高校"', '校园推广', 1.0, 0.47, 3.15, 0.79, 1910, TRUE, NOW(), NOW()),
(100841, '本钢50G区域流量精准挽留策略V8', '挽留', '针对本钢厂区高流失风险用户的专属流量挽留策略', '600000388603', 'location="本钢厂区" AND churn_risk_high=1 AND ARPU>62', '短信', 1.0, 0.32, 2.1, 0.52, 1400, TRUE, NOW(), NOW()),
(100842, '全家享239套餐高额优惠交叉销售策略V8', '交叉销售', '针对高价值家庭用户的全家享套餐高额优惠策略', '600000390880', 'ARPU>235 AND family_size>=3 AND tenure>12', '人工外呼', 0.71, 0.39, 2.6, 0.75, 960, TRUE, NOW(), NOW()),
(100843, '集团客户全家享90元专属激活策略V8', '激活', '针对集团客户的企业套餐激活策略', '600000324761', 'corporate_customer=1 AND inactive_days>18', '10000号', 1.0, 0.22, 1.7, 0.39, 690, TRUE, NOW(), NOW()),
(100844, '本溪100G关爱流量升级策略V8', '升级', '针对本溪地区流量重度用户的超大流量升级策略', '600000385378', 'location="本溪" AND data_usage>91% AND ARPU>72', 'APP推送', 0.0, 0.35, 2.3, 0.60, 1090, TRUE, NOW(), NOW()),
(100845, '重点客户150GB辽宁流量优惠挽留策略V8', '挽留', '针对重点客户的超大流量优惠挽留策略', '600000402690', 'vip_level>=3 AND churn_risk_high=1 AND data_usage>99%', '短信', 0.91, 0.42, 2.7, 0.66, 1220, TRUE, NOW(), NOW()),
(100846, '重点客户300分钟语音通话挽留策略V8', '挽留', '针对语音重度用户的通话时长挽留策略', '600000317773', 'voice_usage>620 AND churn_risk_medium=1', '电子外呼', 1.0, 0.29, 2.0, 0.48, 860, TRUE, NOW(), NOW()),
(100847, '重点客户20G通用流量激活策略V8', '激活', '针对重点客户的通用流量激活策略', '600000317774', 'vip_level>=3 AND activity_level_low=1', '公众号', 1.0, 0.36, 2.4, 0.57, 1020, TRUE, NOW(), NOW()),
(100848, '景区30GB专属流量交叉销售策略V8', '交叉销售', '针对旅游爱好者的景区专属流量策略', '600000395578', 'travel_tag=1 AND location_near_scenic=1', '小程序', 0.0, 0.31, 2.0, 0.51, 790, TRUE, NOW(), NOW()),
(100849, '集团客户全家享70元优惠激活策略V8', '激活', '针对集团客户的全家享套餐激活策略', '600000324752', 'corporate_customer=1 AND family_size>=4', '营业厅', 1.0, 0.28, 2.1, 0.45, 690, TRUE, NOW(), NOW()),
(100850, '铁岭10GB区域流量升级策略V8', '升级', '针对铁岭地区用户的流量升级策略', '600000378679', 'location="铁岭" AND data_usage>81%', '网厅', 1.0, 0.33, 2.2, 0.55, 950, TRUE, NOW(), NOW()),
(100851, '铁岭5元15GB复合流量升级策略V8', '升级', '针对铁岭用户的复合流量包升级策略', '600000393629', 'location="铁岭" AND current_plan_basic=1', 'APP推送', 0.0, 0.30, 2.0, 0.49, 820, TRUE, NOW(), NOW()),
(100852, '铁岭100分钟语音优惠激活策略V8', '激活', '针对铁岭地区用户的本地语音激活策略', '600000378653', 'location="铁岭" AND voice_usage_low=1', '短信', 1.0, 0.26, 1.8, 0.43, 760, TRUE, NOW(), NOW()),
(100853, '500分钟国内语音24个月激活策略V8', '激活', '针对语音需求用户的长期语音包策略', '600000384492', 'voice_heavy_user=1 AND ARPU>61', '人工外呼', 1.0, 0.34, 2.3, 0.59, 930, TRUE, NOW(), NOW()),
(100854, '300M企业宽带专属合约交叉销售策略V8', '交叉销售', '针对企业宽带用户的专属合约策略', '600000351020', 'business_customer=1 AND broadband_speed<240', '沙盘', 0.0, 0.22, 1.6, 0.35, 510, TRUE, NOW(), NOW()),
(100855, '120GB辽宁流量36个月升级策略V8', '升级', '针对高流量用户的超长期大流量策略', '600000403055', 'data_usage>97% AND tenure>18 AND ARPU>92', '网厅', 0.0, 0.38, 2.6, 0.65, 1060, TRUE, NOW(), NOW()),
(100856, '129元全家享套餐优惠升级策略V8', '升级', '针对中等价值用户的全家享套餐升级策略', '600000373700', 'ARPU>92 AND current_plan=79', '10000号', 0.57, 0.36, 2.4, 0.62, 990, TRUE, NOW(), NOW()),
(100857, '葫芦岛5元80分钟分区语音激活策略V8', '激活', '针对葫芦岛用户的本地语音激活策略', '600000369249', 'location="葫芦岛" AND local_call_need=1', '短信', 0.0, 0.28, 1.9, 0.46, 790, TRUE, NOW(), NOW()),
(100858, '葫芦岛川达集团39元存量激活策略V8', '激活', '针对川达集团存量用户的套餐激活策略', '600000397003', 'corporate_group="川达集团" AND inactive_days>48', '沙盘', 0.70, 0.31, 2.1, 0.52, 620, TRUE, NOW(), NOW()),
(100859, '59元全家享套餐优惠升级策略V8', '升级', '针对用户的全家享套餐升级策略', '600000373697', 'ARPU>72 AND current_plan=29', '人工外呼', 0.63, 0.33, 2.2, 0.56, 860, TRUE, NOW(), NOW()),
(100860, '吉祥号码7056元预存激活策略V8', '激活', '针对吉祥号码用户的高额预存策略', '600000363107', 'premium_number=1 AND high_value=1', '营业厅', 0.0, 0.19, 1.5, 0.30, 420, TRUE, NOW(), NOW()),
(100861, '抖音30G定向流量交叉销售策略V8', '交叉销售', '针对视频用户的抖音定向流量策略', '600000305882', 'video_app_user=1 AND social_media_active=1', 'APP推送', 1.0, 0.37, 2.4, 0.62, 1290, TRUE, NOW(), NOW()),
(100862, '新入网50G省内流量激活策略V8', '激活', '针对新入网用户的省内流量优惠激活策略', '600000397595', 'new_subscriber=1 AND location="辽宁"', '短信', 1.0, 0.42, 2.6, 0.69, 1620, TRUE, NOW(), NOW()),
(100863, '全家享90元话费优惠交叉销售策略V8', '交叉销售', '针对家庭用户的全家享套餐话费优惠策略', '600000368102', 'family_size>=3 AND ARPU>168', '人工外呼', 0.62, 0.39, 2.7, 0.72, 1090, TRUE, NOW(), NOW()),
(100864, '50元流量优享包扩容40G升级策略V8', '升级', '针对流量重度用户的优享包扩容升级策略', '600000356286', 'data_usage>91% AND ARPU>71', '网厅', 0.0, 0.33, 2.2, 0.56, 1220, TRUE, NOW(), NOW()),
(100865, '30元流量优享包扩容20G升级策略V8', '升级', '针对中等流量用户的优享包扩容策略', '600000356284', 'data_usage>71% AND ARPU>51', 'APP推送', 0.0, 0.31, 2.1, 0.53, 1390, TRUE, NOW(), NOW()),
(100866, '存100享300话费回馈挽留策略V8', '挽留', '针对高价值客户的存费享优惠回馈策略', '600000402848', 'vip_level>=3 AND churn_risk_high=1', '短信', 0.8, 0.45, 2.9, 0.70, 960, TRUE, NOW(), NOW()),
(100867, '20G国内流量基础包激活策略V8', '激活', '针对低流量用户的国内流量激活策略', '600000314751', 'data_usage<41% AND inactive_days>41', '电子外呼', 1.0, 0.29, 1.9, 0.48, 1520, TRUE, NOW(), NOW()),
(100868, '0元20G定向流量体验激活策略V8', '激活', '针对视频用户的免费定向流量体验策略', '600000389316', 'video_app_user=1 AND new_feature_user=1', '公众号', 1.0, 0.38, 2.5, 0.63, 1720, TRUE, NOW(), NOW()),
(100869, '宽带20元话费返还交叉销售策略V8', '交叉销售', '针对宽带用户的阶段性话费返还策略', '600000400162', 'broadband_customer=1 AND tenure>12', '营业厅', 0.0, 0.26, 1.8, 0.45, 820, TRUE, NOW(), NOW()),
(100870, '狂欢包30元100G大流量升级策略V8', '升级', '针对辽宁地区用户的超大流量包策略', '600000392209', 'location="辽宁" AND data_usage>99%', '小程序', 0.0, 0.36, 2.6, 0.63, 1160, TRUE, NOW(), NOW()),
(100871, '全家享55元优惠交叉销售策略V8', '交叉销售', '针对中等价值家庭用户的全家享套餐优惠策略', '600000368126', 'family_size>=2 AND ARPU>118', '人工外呼', 0.77, 0.34, 2.3, 0.59, 990, TRUE, NOW(), NOW()),
(100872, '全家享70元优惠交叉销售策略V8', '交叉销售', '针对高价值家庭用户的全家享套餐优惠策略', '600000368114', 'family_size>=3 AND ARPU>198', '10000号', 0.71, 0.40, 2.8, 0.75, 860, TRUE, NOW(), NOW()),
(100873, '集团客户全家享10元优惠激活策略V8', '激活', '针对集团客户的全家享套餐小额优惠激活策略', '600000324758', 'corporate_customer=1 AND family_plan_eligible=1', '沙盘', 1.0, 0.25, 1.7, 0.42, 760, TRUE, NOW(), NOW()),
(100874, '集团客户全家享30元优惠激活策略V8', '激活', '针对集团客户的全家享套餐中额优惠激活策略', '600000324746', 'corporate_customer=1 AND family_size>=2', '沙盘', 1.0, 0.28, 1.9, 0.46, 690, TRUE, NOW(), NOW()),
(100875, '集团客户全家享40元优惠激活策略V8', '激活', '针对集团客户的全家享套餐较高额优惠激活策略', '600000324743', 'corporate_customer=1 AND ARPU>138', '沙盘', 1.0, 0.31, 2.1, 0.50, 620, TRUE, NOW(), NOW()),
(100876, '集团客户全家享70元优惠激活策略V8', '激活', '针对高价值集团客户的全家享套餐高额优惠激活策略', '600000324752', 'corporate_customer=1 AND ARPU>218', '沙盘', 1.0, 0.35, 2.4, 0.58, 560, TRUE, NOW(), NOW()),
(100877, '辽阳30元100G流量升级策略V8', '升级', '针对辽阳地区用户的超大流量优惠策略', '600000401676', 'location="辽阳" AND data_usage>81%', '网厅', 0.0, 0.39, 2.7, 0.67, 1020, TRUE, NOW(), NOW()),
(100878, '辽阳加10元50G流量升级策略V8', '升级', '针对辽阳地区用户的增量流量优惠策略', '600000401792', 'location="辽阳" AND current_plan_basic=1', 'APP推送', 0.0, 0.32, 2.1, 0.53, 960, TRUE, NOW(), NOW()),
(100879, '39元飞享存100享340激活策略V8', '激活', '针对新入网用户的高额话费返还策略', '600000381638', 'new_subscriber=1 AND plan="39元飞享"', '营业厅', 0.29, 0.43, 3.0, 0.72, 1360, TRUE, NOW(), NOW()),
(100880, '辽阳高校200分钟语音激活策略V8', '激活', '针对高校新生的语音通话优惠策略', '600000326002', 'student=1 AND campus="辽阳高校"', '校园推广', 1.0, 0.48, 3.2, 0.80, 1920, TRUE, NOW(), NOW()),
(100881, '本钢50G区域流量精准挽留策略V9', '挽留', '针对本钢厂区高流失风险用户的专属流量挽留策略', '600000388603', 'location="本钢厂区" AND churn_risk_high=1 AND ARPU>64', '短信', 1.0, 0.33, 2.15, 0.53, 1410, TRUE, NOW(), NOW()),
(100882, '全家享239套餐高额优惠交叉销售策略V9', '交叉销售', '针对高价值家庭用户的全家享套餐高额优惠策略', '600000390880', 'ARPU>240 AND family_size>=3 AND tenure>13', '人工外呼', 0.71, 0.40, 2.65, 0.76, 970, TRUE, NOW(), NOW()),
(100883, '集团客户全家享90元专属激活策略V9', '激活', '针对集团客户的企业套餐激活策略', '600000324761', 'corporate_customer=1 AND inactive_days>16', '10000号', 1.0, 0.23, 1.75, 0.40, 700, TRUE, NOW(), NOW()),
(100884, '本溪100G关爱流量升级策略V9', '升级', '针对本溪地区流量重度用户的超大流量升级策略', '600000385378', 'location="本溪" AND data_usage>92% AND ARPU>74', 'APP推送', 0.0, 0.36, 2.35, 0.61, 1100, TRUE, NOW(), NOW()),
(100885, '重点客户150GB辽宁流量优惠挽留策略V9', '挽留', '针对重点客户的超大流量优惠挽留策略', '600000402690', 'vip_level>=3 AND churn_risk_high=1 AND data_usage>99%', '短信', 0.91, 0.43, 2.75, 0.67, 1230, TRUE, NOW(), NOW()),
(100886, '重点客户300分钟语音通话挽留策略V9', '挽留', '针对语音重度用户的通话时长挽留策略', '600000317773', 'voice_usage>640 AND churn_risk_medium=1', '电子外呼', 1.0, 0.30, 2.05, 0.49, 870, TRUE, NOW(), NOW()),
(100887, '重点客户20G通用流量激活策略V9', '激活', '针对重点客户的通用流量激活策略', '600000317774', 'vip_level>=3 AND activity_level_low=1', '公众号', 1.0, 0.37, 2.45, 0.58, 1030, TRUE, NOW(), NOW()),
(100888, '景区30GB专属流量交叉销售策略V9', '交叉销售', '针对旅游爱好者的景区专属流量策略', '600000395578', 'travel_tag=1 AND location_near_scenic=1', '小程序', 0.0, 0.32, 2.05, 0.52, 800, TRUE, NOW(), NOW()),
(100889, '集团客户全家享70元优惠激活策略V9', '激活', '针对集团客户的全家享套餐激活策略', '600000324752', 'corporate_customer=1 AND family_size>=4', '营业厅', 1.0, 0.29, 2.15, 0.46, 700, TRUE, NOW(), NOW()),
(100890, '铁岭10GB区域流量升级策略V9', '升级', '针对铁岭地区用户的流量升级策略', '600000378679', 'location="铁岭" AND data_usage>82%', '网厅', 1.0, 0.34, 2.25, 0.56, 960, TRUE, NOW(), NOW()),
(100891, '铁岭5元15GB复合流量升级策略V9', '升级', '针对铁岭用户的复合流量包升级策略', '600000393629', 'location="铁岭" AND current_plan_basic=1', 'APP推送', 0.0, 0.31, 2.05, 0.50, 830, TRUE, NOW(), NOW()),
(100892, '铁岭100分钟语音优惠激活策略V9', '激活', '针对铁岭地区用户的本地语音激活策略', '600000378653', 'location="铁岭" AND voice_usage_low=1', '短信', 1.0, 0.27, 1.85, 0.44, 770, TRUE, NOW(), NOW()),
(100893, '500分钟国内语音24个月激活策略V9', '激活', '针对语音需求用户的长期语音包策略', '600000384492', 'voice_heavy_user=1 AND ARPU>62', '人工外呼', 1.0, 0.35, 2.35, 0.60, 940, TRUE, NOW(), NOW()),
(100894, '300M企业宽带专属合约交叉销售策略V9', '交叉销售', '针对企业宽带用户的专属合约策略', '600000351020', 'business_customer=1 AND broadband_speed<230', '沙盘', 0.0, 0.23, 1.65, 0.36, 520, TRUE, NOW(), NOW()),
(100895, '120GB辽宁流量36个月升级策略V9', '升级', '针对高流量用户的超长期大流量策略', '600000403055', 'data_usage>98% AND tenure>19 AND ARPU>94', '网厅', 0.0, 0.39, 2.65, 0.66, 1070, TRUE, NOW(), NOW()),
(100896, '129元全家享套餐优惠升级策略V9', '升级', '针对中等价值用户的全家享套餐升级策略', '600000373700', 'ARPU>94 AND current_plan=79', '10000号', 0.57, 0.37, 2.45, 0.63, 1000, TRUE, NOW(), NOW()),
(100897, '葫芦岛5元80分钟分区语音激活策略V9', '激活', '针对葫芦岛用户的本地语音激活策略', '600000369249', 'location="葫芦岛" AND local_call_need=1', '短信', 0.0, 0.29, 1.95, 0.47, 800, TRUE, NOW(), NOW()),
(100898, '葫芦岛川达集团39元存量激活策略V9', '激活', '针对川达集团存量用户的套餐激活策略', '600000397003', 'corporate_group="川达集团" AND inactive_days>46', '沙盘', 0.70, 0.32, 2.15, 0.53, 630, TRUE, NOW(), NOW()),
(100899, '59元全家享套餐优惠升级策略V9', '升级', '针对用户的全家享套餐升级策略', '600000373697', 'ARPU>74 AND current_plan=29', '人工外呼', 0.63, 0.34, 2.25, 0.57, 870, TRUE, NOW(), NOW()),
(100900, '吉祥号码7056元预存激活策略V9', '激活', '针对吉祥号码用户的高额预存策略', '600000363107', 'premium_number=1 AND high_value=1', '营业厅', 0.0, 0.20, 1.55, 0.31, 430, TRUE, NOW(), NOW()),
(100901, '抖音30G定向流量交叉销售策略V9', '交叉销售', '针对视频用户的抖音定向流量策略', '600000305882', 'video_app_user=1 AND social_media_active=1', 'APP推送', 1.0, 0.38, 2.45, 0.63, 1300, TRUE, NOW(), NOW()),
(100902, '新入网50G省内流量激活策略V9', '激活', '针对新入网用户的省内流量优惠激活策略', '600000397595', 'new_subscriber=1 AND location="辽宁"', '短信', 1.0, 0.43, 2.65, 0.70, 1630, TRUE, NOW(), NOW()),
(100903, '全家享90元话费优惠交叉销售策略V9', '交叉销售', '针对家庭用户的全家享套餐话费优惠策略', '600000368102', 'family_size>=3 AND ARPU>170', '人工外呼', 0.62, 0.40, 2.75, 0.73, 1100, TRUE, NOW(), NOW()),
(100904, '50元流量优享包扩容40G升级策略V9', '升级', '针对流量重度用户的优享包扩容升级策略', '600000356286', 'data_usage>92% AND ARPU>72', '网厅', 0.0, 0.34, 2.25, 0.57, 1230, TRUE, NOW(), NOW()),
(100905, '30元流量优享包扩容20G升级策略V9', '升级', '针对中等流量用户的优享包扩容策略', '600000356284', 'data_usage>72% AND ARPU>52', 'APP推送', 0.0, 0.32, 2.15, 0.54, 1400, TRUE, NOW(), NOW()),
(100906, '存100享300话费回馈挽留策略V9', '挽留', '针对高价值客户的存费享优惠回馈策略', '600000402848', 'vip_level>=3 AND churn_risk_high=1', '短信', 0.8, 0.46, 2.95, 0.71, 970, TRUE, NOW(), NOW()),
(100907, '20G国内流量基础包激活策略V9', '激活', '针对低流量用户的国内流量激活策略', '600000314751', 'data_usage<42% AND inactive_days>42', '电子外呼', 1.0, 0.30, 1.95, 0.49, 1530, TRUE, NOW(), NOW()),
(100908, '0元20G定向流量体验激活策略V9', '激活', '针对视频用户的免费定向流量体验策略', '600000389316', 'video_app_user=1 AND new_feature_user=1', '公众号', 1.0, 0.39, 2.55, 0.64, 1730, TRUE, NOW(), NOW()),
(100909, '宽带20元话费返还交叉销售策略V9', '交叉销售', '针对宽带用户的阶段性话费返还策略', '600000400162', 'broadband_customer=1 AND tenure>13', '营业厅', 0.0, 0.27, 1.85, 0.46, 830, TRUE, NOW(), NOW()),
(100910, '狂欢包30元100G大流量升级策略V9', '升级', '针对辽宁地区用户的超大流量包策略', '600000392209', 'location="辽宁" AND data_usage>99%', '小程序', 0.0, 0.37, 2.65, 0.64, 1170, TRUE, NOW(), NOW()),
(100911, '全家享55元优惠交叉销售策略V9', '交叉销售', '针对中等价值家庭用户的全家享套餐优惠策略', '600000368126', 'family_size>=2 AND ARPU>120', '人工外呼', 0.77, 0.35, 2.35, 0.60, 1000, TRUE, NOW(), NOW()),
(100912, '全家享70元优惠交叉销售策略V9', '交叉销售', '针对高价值家庭用户的全家享套餐优惠策略', '600000368114', 'family_size>=3 AND ARPU>200', '10000号', 0.71, 0.41, 2.85, 0.76, 870, TRUE, NOW(), NOW()),
(100913, '集团客户全家享10元优惠激活策略V9', '激活', '针对集团客户的全家享套餐小额优惠激活策略', '600000324758', 'corporate_customer=1 AND family_plan_eligible=1', '沙盘', 1.0, 0.26, 1.75, 0.43, 770, TRUE, NOW(), NOW()),
(100914, '集团客户全家享30元优惠激活策略V9', '激活', '针对集团客户的全家享套餐中额优惠激活策略', '600000324746', 'corporate_customer=1 AND family_size>=2', '沙盘', 1.0, 0.29, 1.95, 0.47, 700, TRUE, NOW(), NOW()),
(100915, '集团客户全家享40元优惠激活策略V9', '激活', '针对集团客户的全家享套餐较高额优惠激活策略', '600000324743', 'corporate_customer=1 AND ARPU>140', '沙盘', 1.0, 0.32, 2.15, 0.51, 630, TRUE, NOW(), NOW()),
(100916, '集团客户全家享70元优惠激活策略V9', '激活', '针对高价值集团客户的全家享套餐高额优惠激活策略', '600000324752', 'corporate_customer=1 AND ARPU>220', '沙盘', 1.0, 0.36, 2.45, 0.59, 570, TRUE, NOW(), NOW()),
(100917, '辽阳30元100G流量升级策略V9', '升级', '针对辽阳地区用户的超大流量优惠策略', '600000401676', 'location="辽阳" AND data_usage>82%', '网厅', 0.0, 0.40, 2.75, 0.68, 1030, TRUE, NOW(), NOW()),
(100918, '辽阳加10元50G流量升级策略V9', '升级', '针对辽阳地区用户的增量流量优惠策略', '600000401792', 'location="辽阳" AND current_plan_basic=1', 'APP推送', 0.0, 0.33, 2.15, 0.54, 970, TRUE, NOW(), NOW()),
(100919, '39元飞享存100享340激活策略V9', '激活', '针对新入网用户的高额话费返还策略', '600000381638', 'new_subscriber=1 AND plan="39元飞享"', '营业厅', 0.29, 0.44, 3.05, 0.73, 1370, TRUE, NOW(), NOW()),
(100920, '辽阳高校200分钟语音激活策略V9', '激活', '针对高校新生的语音通话优惠策略', '600000326002', 'student=1 AND campus="辽阳高校"', '校园推广', 1.0, 0.49, 3.25, 0.81, 1930, TRUE, NOW(), NOW()),
(100921, '本钢50G区域流量精准挽留策略V10', '挽留', '针对本钢厂区高流失风险用户的专属流量挽留策略', '600000388603', 'location="本钢厂区" AND churn_risk_high=1 AND ARPU>66', '短信', 1.0, 0.34, 2.2, 0.54, 1420, TRUE, NOW(), NOW()),
(100922, '全家享239套餐高额优惠交叉销售策略V10', '交叉销售', '针对高价值家庭用户的全家享套餐高额优惠策略', '600000390880', 'ARPU>245 AND family_size>=3 AND tenure>14', '人工外呼', 0.71, 0.41, 2.7, 0.77, 980, TRUE, NOW(), NOW()),
(100923, '集团客户全家享90元专属激活策略V10', '激活', '针对集团客户的企业套餐激活策略', '600000324761', 'corporate_customer=1 AND inactive_days>14', '10000号', 1.0, 0.24, 1.8, 0.41, 710, TRUE, NOW(), NOW()),
(100924, '本溪100G关爱流量升级策略V10', '升级', '针对本溪地区流量重度用户的超大流量升级策略', '600000385378', 'location="本溪" AND data_usage>93% AND ARPU>76', 'APP推送', 0.0, 0.37, 2.4, 0.62, 1110, TRUE, NOW(), NOW()),
(100925, '重点客户150GB辽宁流量优惠挽留策略V10', '挽留', '针对重点客户的超大流量优惠挽留策略', '600000402690', 'vip_level>=3 AND churn_risk_high=1 AND data_usage>99%', '短信', 0.91, 0.44, 2.8, 0.68, 1240, TRUE, NOW(), NOW()),
(100926, '重点客户300分钟语音通话挽留策略V10', '挽留', '针对语音重度用户的通话时长挽留策略', '600000317773', 'voice_usage>660 AND churn_risk_medium=1', '电子外呼', 1.0, 0.31, 2.1, 0.50, 880, TRUE, NOW(), NOW()),
(100927, '重点客户20G通用流量激活策略V10', '激活', '针对重点客户的通用流量激活策略', '600000317774', 'vip_level>=3 AND activity_level_low=1', '公众号', 1.0, 0.38, 2.5, 0.59, 1040, TRUE, NOW(), NOW()),
(100928, '景区30GB专属流量交叉销售策略V10', '交叉销售', '针对旅游爱好者的景区专属流量策略', '600000395578', 'travel_tag=1 AND location_near_scenic=1', '小程序', 0.0, 0.33, 2.1, 0.53, 810, TRUE, NOW(), NOW()),
(100929, '集团客户全家享70元优惠激活策略V10', '激活', '针对集团客户的全家享套餐激活策略', '600000324752', 'corporate_customer=1 AND family_size>=4', '营业厅', 1.0, 0.30, 2.2, 0.47, 710, TRUE, NOW(), NOW()),
(100930, '铁岭10GB区域流量升级策略V10', '升级', '针对铁岭地区用户的流量升级策略', '600000378679', 'location="铁岭" AND data_usage>83%', '网厅', 1.0, 0.35, 2.3, 0.57, 970, TRUE, NOW(), NOW()),
(100931, '铁岭5元15GB复合流量升级策略V10', '升级', '针对铁岭用户的复合流量包升级策略', '600000393629', 'location="铁岭" AND current_plan_basic=1', 'APP推送', 0.0, 0.32, 2.1, 0.51, 840, TRUE, NOW(), NOW()),
(100932, '铁岭100分钟语音优惠激活策略V10', '激活', '针对铁岭地区用户的本地语音激活策略', '600000378653', 'location="铁岭" AND voice_usage_low=1', '短信', 1.0, 0.28, 1.9, 0.45, 780, TRUE, NOW(), NOW()),
(100933, '500分钟国内语音24个月激活策略V10', '激活', '针对语音需求用户的长期语音包策略', '600000384492', 'voice_heavy_user=1 AND ARPU>63', '人工外呼', 1.0, 0.36, 2.4, 0.61, 950, TRUE, NOW(), NOW()),
(100934, '300M企业宽带专属合约交叉销售策略V10', '交叉销售', '针对企业宽带用户的专属合约策略', '600000351020', 'business_customer=1 AND broadband_speed<220', '沙盘', 0.0, 0.24, 1.7, 0.37, 530, TRUE, NOW(), NOW()),
(100935, '120GB辽宁流量36个月升级策略V10', '升级', '针对高流量用户的超长期大流量策略', '600000403055', 'data_usage>99% AND tenure>20 AND ARPU>96', '网厅', 0.0, 0.40, 2.7, 0.67, 1080, TRUE, NOW(), NOW()),
(100936, '129元全家享套餐优惠升级策略V10', '升级', '针对中等价值用户的全家享套餐升级策略', '600000373700', 'ARPU>96 AND current_plan=79', '10000号', 0.57, 0.38, 2.5, 0.64, 1010, TRUE, NOW(), NOW()),
(100937, '葫芦岛5元80分钟分区语音激活策略V10', '激活', '针对葫芦岛用户的本地语音激活策略', '600000369249', 'location="葫芦岛" AND local_call_need=1', '短信', 0.0, 0.30, 2.0, 0.48, 810, TRUE, NOW(), NOW()),
(100938, '葫芦岛川达集团39元存量激活策略V10', '激活', '针对川达集团存量用户的套餐激活策略', '600000397003', 'corporate_group="川达集团" AND inactive_days>44', '沙盘', 0.70, 0.33, 2.2, 0.54, 640, TRUE, NOW(), NOW()),
(100939, '59元全家享套餐优惠升级策略V10', '升级', '针对用户的全家享套餐升级策略', '600000373697', 'ARPU>76 AND current_plan=29', '人工外呼', 0.63, 0.35, 2.3, 0.58, 880, TRUE, NOW(), NOW()),
(100940, '吉祥号码7056元预存激活策略V10', '激活', '针对吉祥号码用户的高额预存策略', '600000363107', 'premium_number=1 AND high_value=1', '营业厅', 0.0, 0.21, 1.6, 0.32, 440, TRUE, NOW(), NOW()),
(100941, '抖音30G定向流量交叉销售策略V10', '交叉销售', '针对视频用户的抖音定向流量策略', '600000305882', 'video_app_user=1 AND social_media_active=1', 'APP推送', 1.0, 0.39, 2.5, 0.64, 1310, TRUE, NOW(), NOW()),
(100942, '新入网50G省内流量激活策略V10', '激活', '针对新入网用户的省内流量优惠激活策略', '600000397595', 'new_subscriber=1 AND location="辽宁"', '短信', 1.0, 0.44, 2.7, 0.71, 1640, TRUE, NOW(), NOW()),
(100943, '全家享90元话费优惠交叉销售策略V10', '交叉销售', '针对家庭用户的全家享套餐话费优惠策略', '600000368102', 'family_size>=3 AND ARPU>172', '人工外呼', 0.62, 0.41, 2.8, 0.74, 1110, TRUE, NOW(), NOW()),
(100944, '50元流量优享包扩容40G升级策略V10', '升级', '针对流量重度用户的优享包扩容升级策略', '600000356286', 'data_usage>93% AND ARPU>73', '网厅', 0.0, 0.35, 2.3, 0.58, 1240, TRUE, NOW(), NOW()),
(100945, '30元流量优享包扩容20G升级策略V10', '升级', '针对中等流量用户的优享包扩容策略', '600000356284', 'data_usage>73% AND ARPU>53', 'APP推送', 0.0, 0.33, 2.2, 0.55, 1410, TRUE, NOW(), NOW()),
(100946, '存100享300话费回馈挽留策略V10', '挽留', '针对高价值客户的存费享优惠回馈策略', '600000402848', 'vip_level>=3 AND churn_risk_high=1', '短信', 0.8, 0.47, 3.0, 0.72, 980, TRUE, NOW(), NOW()),
(100947, '20G国内流量基础包激活策略V10', '激活', '针对低流量用户的国内流量激活策略', '600000314751', 'data_usage<43% AND inactive_days>43', '电子外呼', 1.0, 0.31, 2.0, 0.50, 1540, TRUE, NOW(), NOW()),
(100948, '0元20G定向流量体验激活策略V10', '激活', '针对视频用户的免费定向流量体验策略', '600000389316', 'video_app_user=1 AND new_feature_user=1', '公众号', 1.0, 0.40, 2.6, 0.65, 1740, TRUE, NOW(), NOW()),
(100949, '宽带20元话费返还交叉销售策略V10', '交叉销售', '针对宽带用户的阶段性话费返还策略', '600000400162', 'broadband_customer=1 AND tenure>14', '营业厅', 0.0, 0.28, 1.9, 0.47, 840, TRUE, NOW(), NOW()),
(100950, '狂欢包30元100G大流量升级策略V10', '升级', '针对辽宁地区用户的超大流量包策略', '600000392209', 'location="辽宁" AND data_usage>99%', '小程序', 0.0, 0.38, 2.7, 0.65, 1180, TRUE, NOW(), NOW())
  ON CONFLICT DO NOTHING;

INSERT INTO products (id, name, category, sub_category, price, original_price, discount_supported, description, target_user_type, package_size, valid_period, applicable_scope, is_active, created_at) VALUES
(600000388603, '50G本钢专属区域流量优惠活动V3', '流量包', '区域流量', 0.0, 0.0, FALSE, '50GB本钢厂区专属区域流量，有效期12个月，不含港澳台，不支持共享和结转', '企业用户', '50GB', '12个月', '本钢厂区', TRUE, NOW()),
(600000390880, '全家享优惠专属活动239减170V3', '个人套餐', '全家享套餐', 69.0, 239.0, TRUE, '全家享套餐月费239元优惠至69元，合约期24个月，包含家庭宽带和多终端共享', '家庭用户', '全家享套餐', '24个月', '全国', TRUE, NOW()),
(600000324761, '集团客户全家享套餐专属优惠活动（优惠90元）V3', '个人套餐', '集团套餐', 0.0, 90.0, TRUE, '集团客户全家享套餐专属优惠，每月充值90元连续24个月，合约期25个月', '企业用户', '集团全家享', '25个月', '全国', TRUE, NOW()),
(600000385378, '50元100G关爱专属流量（本溪）V3', '流量包', '区域流量', 50.0, 50.0, FALSE, '100G本溪地区关爱专属流量，适用于本溪地区用户', '低流量用户', '100GB', '长期', '本溪', TRUE, NOW()),
(600000402690, '2024重点客户流量优惠活动（150GB）V3', '流量包', '通用流量', 3.0, 33.0, TRUE, '150GB辽宁流量优惠活动，原价33元/月，优惠后3元/月，合约期12个月', '高流量用户', '150GB', '12个月', '辽宁', TRUE, NOW()),
(600000317773, '重点客户300分钟国内语音12个月（立即）V3', '语音包', '国内语音', 0.0, 20.0, TRUE, '300分钟国内通话时长，合约期12个月，到期自动取消', '语音重度用户', '300分钟', '12个月', '全国', TRUE, NOW()),
(600000317774, '重点客户20G流量12个月（立即）V3', '流量包', '通用流量', 0.0, 15.0, TRUE, '20G国内通用流量，不含港澳台，不支持共享及结转，合约期12个月', '重点客户', '20GB', '12个月', '全国', TRUE, NOW()),
(600000395578, '30GB景区专属流量优惠活动V3', '流量包', '景区流量', 0.0, 25.0, TRUE, '30GB景区专属流量，适用于热门旅游景区使用', '旅游用户', '30GB', '24个月', '景区区域', TRUE, NOW()),
(600000324752, '集团客户全家享套餐专属优惠活动（优惠70元）V3', '个人套餐', '集团套餐', 0.0, 70.0, TRUE, '集团客户全家享套餐70元优惠，每月充值70元连续24个月，合约期25个月', '企业用户', '集团全家享', '25个月', '全国', TRUE, NOW()),
(600000378679, '铁岭客户辽宁10GB流量优惠V3', '流量包', '区域流量', 0.0, 10.0, TRUE, '10GB辽宁流量优惠，需在套餐内流量用完后使用，不支持共享及结转', '区域用户', '10GB', '24个月', '辽宁', TRUE, NOW()),
(600000393629, '5元2GB国内通用流量及13GB铁岭区域流量（次月生效）V3', '流量包', '复合流量', 5.0, 5.0, FALSE, '2GB国内通用流量+13GB铁岭区域流量，流量不可结转及共享，合约期24个月', '区域用户', '15GB', '24个月', '全国+铁岭', TRUE, NOW()),
(600000378653, '铁岭客户100分钟语音优惠V3', '语音包', '本地语音', 0.0, 8.0, TRUE, '100分钟国内语音通话优惠，共24个月，不含港澳台', '区域用户', '100分钟', '24个月', '全国', TRUE, NOW()),
(600000384492, '500分钟国内语音优惠活动（24个月）V3', '语音包', '国内语音', 0.0, 40.0, TRUE, '500分钟国内语音，活动有效期24个月，到期后自动取消', '语音用户', '500分钟', '24个月', '全国', TRUE, NOW()),
(600000351020, '300M企带套餐专属合约活动V3', '宽带业务', '企业宽带', 0.0, 0.0, FALSE, '300M企业宽带专属合约，合约期24个月，需归还光猫设备', '企业用户', '300M宽带', '24个月', '全国', TRUE, NOW()),
(600000403055, '流量补充包120GB辽宁流量（36个月）V3', '流量包', '区域流量', 0.0, 0.0, FALSE, '120GB辽宁通用流量，需在辽宁区域内使用，不支持共享和结转，合约期36个月', '高流量用户', '120GB', '36个月', '辽宁', TRUE, NOW()),
(600000373700, '129元优惠活动（转套餐）V3', '个人套餐', '全家享套餐', 129.0, 299.0, TRUE, '129元/月享受原价299元的299档位全家享套餐优惠，活动有效期24个月', '中高价值用户', '全家享套餐', '24个月', '全国', TRUE, NOW()),
(600000369249, '葫芦岛分区5元80分钟国内主叫V3', '语音包', '分区语音', 5.0, 5.0, FALSE, '80分钟葫芦岛分区国内主叫通话时长，仅限在葫芦岛本地使用，不支持结转', '区域用户', '80分钟', '24个月', '葫芦岛', TRUE, NOW()),
(600000397003, '葫芦岛川达集团成员39元活动（存量）V3', '个人套餐', '集团套餐', 39.0, 129.0, TRUE, '39元/月享受129元全家享套餐资源，包含30G全国流量，150G本地流量', '集团用户', '集团套餐', '24个月', '葫芦岛', TRUE, NOW()),
(600000373697, '59元优惠活动（非转套餐）V3', '个人套餐', '全家享套餐', 59.0, 159.0, TRUE, '59元/月享受原价159元的159档位全家享套餐优惠，活动有效期24个月', '中等价值用户', '全家享套餐', '24个月', '全国', TRUE, NOW()),
(600000363107, '吉祥号码预存7056元V3', '话费优惠', '预存送费', 0.0, 0.0, FALSE, '预存7056元话费，有效期内每月返还588元话费，活动有效期12个月', '高价值用户', '7056元话费', '12个月', '全国', TRUE, NOW()),
(600000305882, '重点客户30G抖音流量V3', '流量包', '定向流量', 0.0, 0.0, FALSE, '30G抖音定向流量，可在抖音APP内使用，不含港澳台，不支持结转与共享，合约期12个月', '重点客户', '30GB', '12个月', '全国', TRUE, NOW()),
(600000397595, '新入网0元50G特惠省内流量12个月V3', '流量包', '区域流量', 0.0, 0.0, FALSE, '50GB辽宁通用流量，新入网用户专享，办理立即生效，有效期12个月，到期自动取消', '新用户', '50GB', '12个月', '辽宁', TRUE, NOW()),
(600000368102, '全家享套餐优惠专属活动（优惠90元）V3', '个人套餐', '全家享套餐', 0.0, 90.0, TRUE, '全家享套餐每月赠送90元话费，从参与次月起连续赠送24个月，如活动终止则未获得的话费不予享受', '家庭用户', '全家享套餐', '24个月', '全国', TRUE, NOW()),
(600000356286, '50元流量优享包活动扩容40GV3', '流量包', '通用流量', 50.0, 50.0, FALSE, '包含20GB国内通用流量、20GB抖音快手定向流量、10GB月末通用流量，额外加享40GB辽宁流量，有效期12个月', '高流量用户', '90GB', '12个月', '全国+辽宁', TRUE, NOW()),
(600000356284, '30元流量优享包活动扩容20GV3', '流量包', '通用流量', 30.0, 30.0, FALSE, '包含10GB国内通用流量、10GB抖音快手定向流量、5GB月末通用流量，额外加享20GB辽宁流量，有效期12个月', '中等流量用户', '45GB', '12个月', '全国+辽宁', TRUE, NOW()),
(600000402848, '100享300权益客户回馈活动V3', '话费优惠', '存费送费', 100.0, 100.0, FALSE, '存100元话费，从业务办理次月起连续10个月每月享20元话费到账优惠，合约期11个月', '高价值用户', '300元话费', '11个月', '全国', TRUE, NOW()),
(600000314751, '20G国内流量V3', '流量包', '通用流量', 0.0, 0.0, FALSE, '20G国内流量，从参与活动当月起生效，连续优惠12个月，到期后活动自动失效', '低流量用户', '20GB', '12个月', '全国', TRUE, NOW()),
(600000389316, '0元20G定向流量V3', '流量包', '定向流量', 0.0, 0.0, FALSE, '20G定向流量，适用于爱奇艺、优酷、腾讯视频、快手、抖音等APP，共12个月到期自动取消', '视频用户', '20GB', '12个月', '全国', TRUE, NOW()),
(600000400162, '宽带阶段性活动优惠20元V3', '宽带业务', '话费返还', 0.0, 0.0, FALSE, '参与活动后赠送720元话费，从参与当月起连续返还36个月，每月返还10元话费', '宽带用户', '720元话费', '36个月', '全国', TRUE, NOW()),
(600000392209, '狂欢包30元档位V3', '流量包', '区域流量', 30.0, 30.0, FALSE, '100GB辽宁通用流量，需在套餐内流量使用前使用，有效期24个月，不支持结转及共享', '区域用户', '100GB', '24个月', '辽宁', TRUE, NOW()),
(600000368126, '全家享套餐优惠专属活动（优惠55元）V3', '个人套餐', '全家享套餐', 0.0, 55.0, TRUE, '全家享套餐每月赠送55元话费，从参与次月起连续赠送24个月，如活动终止则未获得的话费不予享受', '家庭用户', '全家享套餐', '24个月', '全国', TRUE, NOW()),
(600000368114, '全家享套餐优惠专属活动（优惠70元）V3', '个人套餐', '全家享套餐', 0.0, 70.0, TRUE, '全家享套餐每月赠送70元话费，从参与次月起连续赠送24个月，如活动终止则未获得的话费不予享受', '高价值家庭', '全家享套餐', '24个月', '全国', TRUE, NOW()),
(600000324758, '集团客户全家享套餐专属优惠活动（优惠10元）V3', '个人套餐', '集团套餐', 0.0, 10.0, TRUE, '集团客户全家享套餐专属优惠，不收取费用，办理立即生效，合约期25个月，每月充值10元连续24个月', '企业用户', '集团全家享', '25个月', '全国', TRUE, NOW()),
(600000324746, '集团客户全家享套餐专属优惠活动（优惠30元）V3', '个人套餐', '集团套餐', 0.0, 30.0, TRUE, '集团客户全家享套餐专属优惠，不收取费用，办理立即生效，合约期25个月，每月充值30元连续24个月', '企业用户', '集团全家享', '25个月', '全国', TRUE, NOW()),
(600000324743, '集团客户全家享套餐专属优惠活动（优惠40元）V3', '个人套餐', '集团套餐', 0.0, 40.0, TRUE, '集团客户全家享套餐专属优惠，不收取费用，办理立即生效，合约期25个月，每月充值40元连续24个月', '企业用户', '集团全家享', '25个月', '全国', TRUE, NOW()),
(600000401676, '2024年辽阳惠享30元100G辽宁流量V3', '流量包', '区域流量', 30.0, 30.0, FALSE, '100G辽宁流量，必须在辽宁分区内使用，共24个月到期自动取消，不支持结转与共享', '区域用户', '100GB', '24个月', '辽宁', TRUE, NOW()),
(600000401792, '2024年辽阳约惠加10元流量活动V3', '流量包', '区域流量', 10.0, 10.0, FALSE, '承诺在原消费金额不变基础上每月增加10元享50GB辽宁流量，共24个月到期自动取消', '区域用户', '50GB', '24个月', '辽宁', TRUE, NOW()),
(600000381638, '2024年39元飞享入网存100元享340元优惠活动V3', '话费优惠', '存费送费', 100.0, 100.0, FALSE, '存100元话费享340元话费优惠，100元入网当月返还，剩余240元次月起每月返还20元，活动期13个月', '新用户', '340元话费', '13个月', '全国', TRUE, NOW()),
(600000326002, '2022年辽阳高校迎新200分钟国内主叫国内通话包（48个月）V3', '语音包', '国内语音', 0.0, 0.0, FALSE, '每月可享200分钟国内主叫通话时长（不含港澳台），有效期48个月，到期后自动取消', '学生用户', '200分钟', '48个月', '全国', TRUE, NOW()),
(600000388603, '50G本钢专属区域流量优惠活动V4', '流量包', '区域流量', 0.0, 0.0, FALSE, '50GB本钢厂区专属区域流量，有效期12个月，不含港澳台，不支持共享和结转', '企业用户', '50GB', '12个月', '本钢厂区', TRUE, NOW()),
(600000390880, '全家享优惠专属活动239减170V4', '个人套餐', '全家享套餐', 69.0, 239.0, TRUE, '全家享套餐月费239元优惠至69元，合约期24个月，包含家庭宽带和多终端共享', '家庭用户', '全家享套餐', '24个月', '全国', TRUE, NOW()),
(600000324761, '集团客户全家享套餐专属优惠活动（优惠90元）V4', '个人套餐', '集团套餐', 0.0, 90.0, TRUE, '集团客户全家享套餐专属优惠，每月充值90元连续24个月，合约期25个月', '企业用户', '集团全家享', '25个月', '全国', TRUE, NOW()),
(600000385378, '50元100G关爱专属流量（本溪）V4', '流量包', '区域流量', 50.0, 50.0, FALSE, '100G本溪地区关爱专属流量，适用于本溪地区用户', '低流量用户', '100GB', '长期', '本溪', TRUE, NOW()),
(600000402690, '2024重点客户流量优惠活动（150GB）V4', '流量包', '通用流量', 3.0, 33.0, TRUE, '150GB辽宁流量优惠活动，原价33元/月，优惠后3元/月，合约期12个月', '高流量用户', '150GB', '12个月', '辽宁', TRUE, NOW()),
(600000317773, '重点客户300分钟国内语音12个月（立即）V4', '语音包', '国内语音', 0.0, 20.0, TRUE, '300分钟国内通话时长，合约期12个月，到期自动取消', '语音重度用户', '300分钟', '12个月', '全国', TRUE, NOW()),
(600000317774, '重点客户20G流量12个月（立即）V4', '流量包', '通用流量', 0.0, 15.0, TRUE, '20G国内通用流量，不含港澳台，不支持共享及结转，合约期12个月', '重点客户', '20GB', '12个月', '全国', TRUE, NOW()),
(600000395578, '30GB景区专属流量优惠活动V4', '流量包', '景区流量', 0.0, 25.0, TRUE, '30GB景区专属流量，适用于热门旅游景区使用', '旅游用户', '30GB', '24个月', '景区区域', TRUE, NOW()),
(600000324752, '集团客户全家享套餐专属优惠活动（优惠70元）V4', '个人套餐', '集团套餐', 0.0, 70.0, TRUE, '集团客户全家享套餐70元优惠，每月充值70元连续24个月，合约期25个月', '企业用户', '集团全家享', '25个月', '全国', TRUE, NOW()),
(600000378679, '铁岭客户辽宁10GB流量优惠V4', '流量包', '区域流量', 0.0, 10.0, TRUE, '10GB辽宁流量优惠，需在套餐内流量用完后使用，不支持共享及结转', '区域用户', '10GB', '24个月', '辽宁', TRUE, NOW()),
(600000393629, '5元2GB国内通用流量及13GB铁岭区域流量（次月生效）V4', '流量包', '复合流量', 5.0, 5.0, FALSE, '2GB国内通用流量+13GB铁岭区域流量，流量不可结转及共享，合约期24个月', '区域用户', '15GB', '24个月', '全国+铁岭', TRUE, NOW()),
(600000378653, '铁岭客户100分钟语音优惠V4', '语音包', '本地语音', 0.0, 8.0, TRUE, '100分钟国内语音通话优惠，共24个月，不含港澳台', '区域用户', '100分钟', '24个月', '全国', TRUE, NOW()),
(600000384492, '500分钟国内语音优惠活动（24个月）V4', '语音包', '国内语音', 0.0, 40.0, TRUE, '500分钟国内语音，活动有效期24个月，到期后自动取消', '语音用户', '500分钟', '24个月', '全国', TRUE, NOW()),
(600000351020, '300M企带套餐专属合约活动V4', '宽带业务', '企业宽带', 0.0, 0.0, FALSE, '300M企业宽带专属合约，合约期24个月，需归还光猫设备', '企业用户', '300M宽带', '24个月', '全国', TRUE, NOW()),
(600000403055, '流量补充包120GB辽宁流量（36个月）V4', '流量包', '区域流量', 0.0, 0.0, FALSE, '120GB辽宁通用流量，需在辽宁区域内使用，不支持共享和结转，合约期36个月', '高流量用户', '120GB', '36个月', '辽宁', TRUE, NOW()),
(600000373700, '129元优惠活动（转套餐）V4', '个人套餐', '全家享套餐', 129.0, 299.0, TRUE, '129元/月享受原价299元的299档位全家享套餐优惠，活动有效期24个月', '中高价值用户', '全家享套餐', '24个月', '全国', TRUE, NOW()),
(600000369249, '葫芦岛分区5元80分钟国内主叫V4', '语音包', '分区语音', 5.0, 5.0, FALSE, '80分钟葫芦岛分区国内主叫通话时长，仅限在葫芦岛本地使用，不支持结转', '区域用户', '80分钟', '24个月', '葫芦岛', TRUE, NOW()),
(600000397003, '葫芦岛川达集团成员39元活动（存量）V4', '个人套餐', '集团套餐', 39.0, 129.0, TRUE, '39元/月享受129元全家享套餐资源，包含30G全国流量，150G本地流量', '集团用户', '集团套餐', '24个月', '葫芦岛', TRUE, NOW()),
(600000373697, '59元优惠活动（非转套餐）V4', '个人套餐', '全家享套餐', 59.0, 159.0, TRUE, '59元/月享受原价159元的159档位全家享套餐优惠，活动有效期24个月', '中等价值用户', '全家享套餐', '24个月', '全国', TRUE, NOW()),
(600000363107, '吉祥号码预存7056元V4', '话费优惠', '预存送费', 0.0, 0.0, FALSE, '预存7056元话费，有效期内每月返还588元话费，活动有效期12个月', '高价值用户', '7056元话费', '12个月', '全国', TRUE, NOW()),
(600000305882, '重点客户30G抖音流量V4', '流量包', '定向流量', 0.0, 0.0, FALSE, '30G抖音定向流量，可在抖音APP内使用，不含港澳台，不支持结转与共享，合约期12个月', '重点客户', '30GB', '12个月', '全国', TRUE, NOW()),
(600000397595, '新入网0元50G特惠省内流量12个月V4', '流量包', '区域流量', 0.0, 0.0, FALSE, '50GB辽宁通用流量，新入网用户专享，办理立即生效，有效期12个月，到期自动取消', '新用户', '50GB', '12个月', '辽宁', TRUE, NOW()),
(600000368102, '全家享套餐优惠专属活动（优惠90元）V4', '个人套餐', '全家享套餐', 0.0, 90.0, TRUE, '全家享套餐每月赠送90元话费，从参与次月起连续赠送24个月，如活动终止则未获得的话费不予享受', '家庭用户', '全家享套餐', '24个月', '全国', TRUE, NOW()),
(600000356286, '50元流量优享包活动扩容40GV4', '流量包', '通用流量', 50.0, 50.0, FALSE, '包含20GB国内通用流量、20GB抖音快手定向流量、10GB月末通用流量，额外加享40GB辽宁流量，有效期12个月', '高流量用户', '90GB', '12个月', '全国+辽宁', TRUE, NOW()),
(600000356284, '30元流量优享包活动扩容20GV4', '流量包', '通用流量', 30.0, 30.0, FALSE, '包含10GB国内通用流量、10GB抖音快手定向流量、5GB月末通用流量，额外加享20GB辽宁流量，有效期12个月', '中等流量用户', '45GB', '12个月', '全国+辽宁', TRUE, NOW()),
(600000402848, '100享300权益客户回馈活动V4', '话费优惠', '存费送费', 100.0, 100.0, FALSE, '存100元话费，从业务办理次月起连续10个月每月享20元话费到账优惠，合约期11个月', '高价值用户', '300元话费', '11个月', '全国', TRUE, NOW()),
(600000314751, '20G国内流量V4', '流量包', '通用流量', 0.0, 0.0, FALSE, '20G国内流量，从参与活动当月起生效，连续优惠12个月，到期后活动自动失效', '低流量用户', '20GB', '12个月', '全国', TRUE, NOW()),
(600000389316, '0元20G定向流量V4', '流量包', '定向流量', 0.0, 0.0, FALSE, '20G定向流量，适用于爱奇艺、优酷、腾讯视频、快手、抖音等APP，共12个月到期自动取消', '视频用户', '20GB', '12个月', '全国', TRUE, NOW()),
(600000400162, '宽带阶段性活动优惠20元V4', '宽带业务', '话费返还', 0.0, 0.0, FALSE, '参与活动后赠送720元话费，从参与当月起连续返还36个月，每月返还10元话费', '宽带用户', '720元话费', '36个月', '全国', TRUE, NOW()),
(600000392209, '狂欢包30元档位V4', '流量包', '区域流量', 30.0, 30.0, FALSE, '100GB辽宁通用流量，需在套餐内流量使用前使用，有效期24个月，不支持结转及共享', '区域用户', '100GB', '24个月', '辽宁', TRUE, NOW()),
(600000368126, '全家享套餐优惠专属活动（优惠55元）V4', '个人套餐', '全家享套餐', 0.0, 55.0, TRUE, '全家享套餐每月赠送55元话费，从参与次月起连续赠送24个月，如活动终止则未获得的话费不予享受', '家庭用户', '全家享套餐', '24个月', '全国', TRUE, NOW()),
(600000368114, '全家享套餐优惠专属活动（优惠70元）V4', '个人套餐', '全家享套餐', 0.0, 70.0, TRUE, '全家享套餐每月赠送70元话费，从参与次月起连续赠送24个月，如活动终止则未获得的话费不予享受', '高价值家庭', '全家享套餐', '24个月', '全国', TRUE, NOW()),
(600000324758, '集团客户全家享套餐专属优惠活动（优惠10元）V4', '个人套餐', '集团套餐', 0.0, 10.0, TRUE, '集团客户全家享套餐专属优惠，不收取费用，办理立即生效，合约期25个月，每月充值10元连续24个月', '企业用户', '集团全家享', '25个月', '全国', TRUE, NOW()),
(600000324746, '集团客户全家享套餐专属优惠活动（优惠30元）V4', '个人套餐', '集团套餐', 0.0, 30.0, TRUE, '集团客户全家享套餐专属优惠，不收取费用，办理立即生效，合约期25个月，每月充值30元连续24个月', '企业用户', '集团全家享', '25个月', '全国', TRUE, NOW()),
(600000324743, '集团客户全家享套餐专属优惠活动（优惠40元）V4', '个人套餐', '集团套餐', 0.0, 40.0, TRUE, '集团客户全家享套餐专属优惠，不收取费用，办理立即生效，合约期25个月，每月充值40元连续24个月', '企业用户', '集团全家享', '25个月', '全国', TRUE, NOW()),
(600000401676, '2024年辽阳惠享30元100G辽宁流量V4', '流量包', '区域流量', 30.0, 30.0, FALSE, '100G辽宁流量，必须在辽宁分区内使用，共24个月到期自动取消，不支持结转与共享', '区域用户', '100GB', '24个月', '辽宁', TRUE, NOW()),
(600000401792, '2024年辽阳约惠加10元流量活动V4', '流量包', '区域流量', 10.0, 10.0, FALSE, '承诺在原消费金额不变基础上每月增加10元享50GB辽宁流量，共24个月到期自动取消', '区域用户', '50GB', '24个月', '辽宁', TRUE, NOW()),
(600000381638, '2024年39元飞享入网存100元享340元优惠活动V4', '话费优惠', '存费送费', 100.0, 100.0, FALSE, '存100元话费享340元话费优惠，100元入网当月返还，剩余240元次月起每月返还20元，活动期13个月', '新用户', '340元话费', '13个月', '全国', TRUE, NOW()),
(600000326002, '2022年辽阳高校迎新200分钟国内主叫国内通话包（48个月）V4', '语音包', '国内语音', 0.0, 0.0, FALSE, '每月可享200分钟国内主叫通话时长（不含港澳台），有效期48个月，到期后自动取消', '学生用户', '200分钟', '48个月', '全国', TRUE, NOW()),
(600000388603, '50G本钢专属区域流量优惠活动V5', '流量包', '区域流量', 0.0, 0.0, FALSE, '50GB本钢厂区专属区域流量，有效期12个月，不含港澳台，不支持共享和结转', '企业用户', '50GB', '12个月', '本钢厂区', TRUE, NOW()),
(600000390880, '全家享优惠专属活动239减170V5', '个人套餐', '全家享套餐', 69.0, 239.0, TRUE, '全家享套餐月费239元优惠至69元，合约期24个月，包含家庭宽带和多终端共享', '家庭用户', '全家享套餐', '24个月', '全国', TRUE, NOW()),
(600000324761, '集团客户全家享套餐专属优惠活动（优惠90元）V5', '个人套餐', '集团套餐', 0.0, 90.0, TRUE, '集团客户全家享套餐专属优惠，每月充值90元连续24个月，合约期25个月', '企业用户', '集团全家享', '25个月', '全国', TRUE, NOW()),
(600000385378, '50元100G关爱专属流量（本溪）V5', '流量包', '区域流量', 50.0, 50.0, FALSE, '100G本溪地区关爱专属流量，适用于本溪地区用户', '低流量用户', '100GB', '长期', '本溪', TRUE, NOW()),
(600000402690, '2024重点客户流量优惠活动（150GB）V5', '流量包', '通用流量', 3.0, 33.0, TRUE, '150GB辽宁流量优惠活动，原价33元/月，优惠后3元/月，合约期12个月', '高流量用户', '150GB', '12个月', '辽宁', TRUE, NOW()),
(600000317773, '重点客户300分钟国内语音12个月（立即）V5', '语音包', '国内语音', 0.0, 20.0, TRUE, '300分钟国内通话时长，合约期12个月，到期自动取消', '语音重度用户', '300分钟', '12个月', '全国', TRUE, NOW()),
(600000317774, '重点客户20G流量12个月（立即）V5', '流量包', '通用流量', 0.0, 15.0, TRUE, '20G国内通用流量，不含港澳台，不支持共享及结转，合约期12个月', '重点客户', '20GB', '12个月', '全国', TRUE, NOW()),
(600000395578, '30GB景区专属流量优惠活动V5', '流量包', '景区流量', 0.0, 25.0, TRUE, '30GB景区专属流量，适用于热门旅游景区使用', '旅游用户', '30GB', '24个月', '景区区域', TRUE, NOW()),
(600000324752, '集团客户全家享套餐专属优惠活动（优惠70元）V5', '个人套餐', '集团套餐', 0.0, 70.0, TRUE, '集团客户全家享套餐70元优惠，每月充值70元连续24个月，合约期25个月', '企业用户', '集团全家享', '25个月', '全国', TRUE, NOW()),
(600000378679, '铁岭客户辽宁10GB流量优惠V5', '流量包', '区域流量', 0.0, 10.0, TRUE, '10GB辽宁流量优惠，需在套餐内流量用完后使用，不支持共享及结转', '区域用户', '10GB', '24个月', '辽宁', TRUE, NOW()),
(600000393629, '5元2GB国内通用流量及13GB铁岭区域流量（次月生效）V5', '流量包', '复合流量', 5.0, 5.0, FALSE, '2GB国内通用流量+13GB铁岭区域流量，流量不可结转及共享，合约期24个月', '区域用户', '15GB', '24个月', '全国+铁岭', TRUE, NOW()),
(600000378653, '铁岭客户100分钟语音优惠V5', '语音包', '本地语音', 0.0, 8.0, TRUE, '100分钟国内语音通话优惠，共24个月，不含港澳台', '区域用户', '100分钟', '24个月', '全国', TRUE, NOW()),
(600000384492, '500分钟国内语音优惠活动（24个月）V5', '语音包', '国内语音', 0.0, 40.0, TRUE, '500分钟国内语音，活动有效期24个月，到期后自动取消', '语音用户', '500分钟', '24个月', '全国', TRUE, NOW()),
(600000351020, '300M企带套餐专属合约活动V5', '宽带业务', '企业宽带', 0.0, 0.0, FALSE, '300M企业宽带专属合约，合约期24个月，需归还光猫设备', '企业用户', '300M宽带', '24个月', '全国', TRUE, NOW()),
(600000403055, '流量补充包120GB辽宁流量（36个月）V5', '流量包', '区域流量', 0.0, 0.0, FALSE, '120GB辽宁通用流量，需在辽宁区域内使用，不支持共享和结转，合约期36个月', '高流量用户', '120GB', '36个月', '辽宁', TRUE, NOW()),
(600000373700, '129元优惠活动（转套餐）V5', '个人套餐', '全家享套餐', 129.0, 299.0, TRUE, '129元/月享受原价299元的299档位全家享套餐优惠，活动有效期24个月', '中高价值用户', '全家享套餐', '24个月', '全国', TRUE, NOW()),
(600000369249, '葫芦岛分区5元80分钟国内主叫V5', '语音包', '分区语音', 5.0, 5.0, FALSE, '80分钟葫芦岛分区国内主叫通话时长，仅限在葫芦岛本地使用，不支持结转', '区域用户', '80分钟', '24个月', '葫芦岛', TRUE, NOW()),
(600000397003, '葫芦岛川达集团成员39元活动（存量）V5', '个人套餐', '集团套餐', 39.0, 129.0, TRUE, '39元/月享受129元全家享套餐资源，包含30G全国流量，150G本地流量', '集团用户', '集团套餐', '24个月', '葫芦岛', TRUE, NOW()),
(600000373697, '59元优惠活动（非转套餐）V5', '个人套餐', '全家享套餐', 59.0, 159.0, TRUE, '59元/月享受原价159元的159档位全家享套餐优惠，活动有效期24个月', '中等价值用户', '全家享套餐', '24个月', '全国', TRUE, NOW()),
(600000363107, '吉祥号码预存7056元V5', '话费优惠', '预存送费', 0.0, 0.0, FALSE, '预存7056元话费，有效期内每月返还588元话费，活动有效期12个月', '高价值用户', '7056元话费', '12个月', '全国', TRUE, NOW()),
(600000305882, '重点客户30G抖音流量V5', '流量包', '定向流量', 0.0, 0.0, FALSE, '30G抖音定向流量，可在抖音APP内使用，不含港澳台，不支持结转与共享，合约期12个月', '重点客户', '30GB', '12个月', '全国', TRUE, NOW()),
(600000397595, '新入网0元50G特惠省内流量12个月V5', '流量包', '区域流量', 0.0, 0.0, FALSE, '50GB辽宁通用流量，新入网用户专享，办理立即生效，有效期12个月，到期自动取消', '新用户', '50GB', '12个月', '辽宁', TRUE, NOW()),
(600000368102, '全家享套餐优惠专属活动（优惠90元）V5', '个人套餐', '全家享套餐', 0.0, 90.0, TRUE, '全家享套餐每月赠送90元话费，从参与次月起连续赠送24个月，如活动终止则未获得的话费不予享受', '家庭用户', '全家享套餐', '24个月', '全国', TRUE, NOW()),
(600000356286, '50元流量优享包活动扩容40GV5', '流量包', '通用流量', 50.0, 50.0, FALSE, '包含20GB国内通用流量、20GB抖音快手定向流量、10GB月末通用流量，额外加享40GB辽宁流量，有效期12个月', '高流量用户', '90GB', '12个月', '全国+辽宁', TRUE, NOW()),
(600000356284, '30元流量优享包活动扩容20GV5', '流量包', '通用流量', 30.0, 30.0, FALSE, '包含10GB国内通用流量、10GB抖音快手定向流量、5GB月末通用流量，额外加享20GB辽宁流量，有效期12个月', '中等流量用户', '45GB', '12个月', '全国+辽宁', TRUE, NOW()),
(600000402848, '100享300权益客户回馈活动V5', '话费优惠', '存费送费', 100.0, 100.0, FALSE, '存100元话费，从业务办理次月起连续10个月每月享20元话费到账优惠，合约期11个月', '高价值用户', '300元话费', '11个月', '全国', TRUE, NOW()),
(600000314751, '20G国内流量V5', '流量包', '通用流量', 0.0, 0.0, FALSE, '20G国内流量，从参与活动当月起生效，连续优惠12个月，到期后活动自动失效', '低流量用户', '20GB', '12个月', '全国', TRUE, NOW()),
(600000389316, '0元20G定向流量V5', '流量包', '定向流量', 0.0, 0.0, FALSE, '20G定向流量，适用于爱奇艺、优酷、腾讯视频、快手、抖音等APP，共12个月到期自动取消', '视频用户', '20GB', '12个月', '全国', TRUE, NOW()),
(600000400162, '宽带阶段性活动优惠20元V5', '宽带业务', '话费返还', 0.0, 0.0, FALSE, '参与活动后赠送720元话费，从参与当月起连续返还36个月，每月返还10元话费', '宽带用户', '720元话费', '36个月', '全国', TRUE, NOW()),
(600000392209, '狂欢包30元档位V5', '流量包', '区域流量', 30.0, 30.0, FALSE, '100GB辽宁通用流量，需在套餐内流量使用前使用，有效期24个月，不支持结转及共享', '区域用户', '100GB', '24个月', '辽宁', TRUE, NOW()),
(600000368126, '全家享套餐优惠专属活动（优惠55元）V5', '个人套餐', '全家享套餐', 0.0, 55.0, TRUE, '全家享套餐每月赠送55元话费，从参与次月起连续赠送24个月，如活动终止则未获得的话费不予享受', '家庭用户', '全家享套餐', '24个月', '全国', TRUE, NOW()),
(600000368114, '全家享套餐优惠专属活动（优惠70元）V5', '个人套餐', '全家享套餐', 0.0, 70.0, TRUE, '全家享套餐每月赠送70元话费，从参与次月起连续赠送24个月，如活动终止则未获得的话费不予享受', '高价值家庭', '全家享套餐', '24个月', '全国', TRUE, NOW()),
(600000324758, '集团客户全家享套餐专属优惠活动（优惠10元）V5', '个人套餐', '集团套餐', 0.0, 10.0, TRUE, '集团客户全家享套餐专属优惠，不收取费用，办理立即生效，合约期25个月，每月充值10元连续24个月', '企业用户', '集团全家享', '25个月', '全国', TRUE, NOW()),
(600000324746, '集团客户全家享套餐专属优惠活动（优惠30元）V5', '个人套餐', '集团套餐', 0.0, 30.0, TRUE, '集团客户全家享套餐专属优惠，不收取费用，办理立即生效，合约期25个月，每月充值30元连续24个月', '企业用户', '集团全家享', '25个月', '全国', TRUE, NOW()),
(600000324743, '集团客户全家享套餐专属优惠活动（优惠40元）V5', '个人套餐', '集团套餐', 0.0, 40.0, TRUE, '集团客户全家享套餐专属优惠，不收取费用，办理立即生效，合约期25个月，每月充值40元连续24个月', '企业用户', '集团全家享', '25个月', '全国', TRUE, NOW()),
(600000401676, '2024年辽阳惠享30元100G辽宁流量V5', '流量包', '区域流量', 30.0, 30.0, FALSE, '100G辽宁流量，必须在辽宁分区内使用，共24个月到期自动取消，不支持结转与共享', '区域用户', '100GB', '24个月', '辽宁', TRUE, NOW()),
(600000401792, '2024年辽阳约惠加10元流量活动V5', '流量包', '区域流量', 10.0, 10.0, FALSE, '承诺在原消费金额不变基础上每月增加10元享50GB辽宁流量，共24个月到期自动取消', '区域用户', '50GB', '24个月', '辽宁', TRUE, NOW()),
(600000381638, '2024年39元飞享入网存100元享340元优惠活动V5', '话费优惠', '存费送费', 100.0, 100.0, FALSE, '存100元话费享340元话费优惠，100元入网当月返还，剩余240元次月起每月返还20元，活动期13个月', '新用户', '340元话费', '13个月', '全国', TRUE, NOW()),
(600000326002, '2022年辽阳高校迎新200分钟国内主叫国内通话包（48个月）V5', '语音包', '国内语音', 0.0, 0.0, FALSE, '每月可享200分钟国内主叫通话时长（不含港澳台），有效期48个月，到期后自动取消', '学生用户', '200分钟', '48个月', '全国', TRUE, NOW()),
(600000388603, '50G本钢专属区域流量优惠活动V6', '流量包', '区域流量', 0.0, 0.0, FALSE, '50GB本钢厂区专属区域流量，有效期12个月，不含港澳台，不支持共享和结转', '企业用户', '50GB', '12个月', '本钢厂区', TRUE, NOW()),
(600000390880, '全家享优惠专属活动239减170V6', '个人套餐', '全家享套餐', 69.0, 239.0, TRUE, '全家享套餐月费239元优惠至69元，合约期24个月，包含家庭宽带和多终端共享', '家庭用户', '全家享套餐', '24个月', '全国', TRUE, NOW()),
(600000324761, '集团客户全家享套餐专属优惠活动（优惠90元）V6', '个人套餐', '集团套餐', 0.0, 90.0, TRUE, '集团客户全家享套餐专属优惠，每月充值90元连续24个月，合约期25个月', '企业用户', '集团全家享', '25个月', '全国', TRUE, NOW()),
(600000385378, '50元100G关爱专属流量（本溪）V6', '流量包', '区域流量', 50.0, 50.0, FALSE, '100G本溪地区关爱专属流量，适用于本溪地区用户', '低流量用户', '100GB', '长期', '本溪', TRUE, NOW()),
(600000402690, '2024重点客户流量优惠活动（150GB）V6', '流量包', '通用流量', 3.0, 33.0, TRUE, '150GB辽宁流量优惠活动，原价33元/月，优惠后3元/月，合约期12个月', '高流量用户', '150GB', '12个月', '辽宁', TRUE, NOW()),
(600000317773, '重点客户300分钟国内语音12个月（立即）V6', '语音包', '国内语音', 0.0, 20.0, TRUE, '300分钟国内通话时长，合约期12个月，到期自动取消', '语音重度用户', '300分钟', '12个月', '全国', TRUE, NOW()),
(600000317774, '重点客户20G流量12个月（立即）V6', '流量包', '通用流量', 0.0, 15.0, TRUE, '20G国内通用流量，不含港澳台，不支持共享及结转，合约期12个月', '重点客户', '20GB', '12个月', '全国', TRUE, NOW()),
(600000395578, '30GB景区专属流量优惠活动V6', '流量包', '景区流量', 0.0, 25.0, TRUE, '30GB景区专属流量，适用于热门旅游景区使用', '旅游用户', '30GB', '24个月', '景区区域', TRUE, NOW()),
(600000324752, '集团客户全家享套餐专属优惠活动（优惠70元）V6', '个人套餐', '集团套餐', 0.0, 70.0, TRUE, '集团客户全家享套餐70元优惠，每月充值70元连续24个月，合约期25个月', '企业用户', '集团全家享', '25个月', '全国', TRUE, NOW()),
(600000378679, '铁岭客户辽宁10GB流量优惠V6', '流量包', '区域流量', 0.0, 10.0, TRUE, '10GB辽宁流量优惠，需在套餐内流量用完后使用，不支持共享及结转', '区域用户', '10GB', '24个月', '辽宁', TRUE, NOW()),
(600000393629, '5元2GB国内通用流量及13GB铁岭区域流量（次月生效）V6', '流量包', '复合流量', 5.0, 5.0, FALSE, '2GB国内通用流量+13GB铁岭区域流量，流量不可结转及共享，合约期24个月', '区域用户', '15GB', '24个月', '全国+铁岭', TRUE, NOW()),
(600000378653, '铁岭客户100分钟语音优惠V6', '语音包', '本地语音', 0.0, 8.0, TRUE, '100分钟国内语音通话优惠，共24个月，不含港澳台', '区域用户', '100分钟', '24个月', '全国', TRUE, NOW()),
(600000384492, '500分钟国内语音优惠活动（24个月）V6', '语音包', '国内语音', 0.0, 40.0, TRUE, '500分钟国内语音，活动有效期24个月，到期后自动取消', '语音用户', '500分钟', '24个月', '全国', TRUE, NOW()),
(600000351020, '300M企带套餐专属合约活动V6', '宽带业务', '企业宽带', 0.0, 0.0, FALSE, '300M企业宽带专属合约，合约期24个月，需归还光猫设备', '企业用户', '300M宽带', '24个月', '全国', TRUE, NOW()),
(600000403055, '流量补充包120GB辽宁流量（36个月）V6', '流量包', '区域流量', 0.0, 0.0, FALSE, '120GB辽宁通用流量，需在辽宁区域内使用，不支持共享和结转，合约期36个月', '高流量用户', '120GB', '36个月', '辽宁', TRUE, NOW()),
(600000373700, '129元优惠活动（转套餐）V6', '个人套餐', '全家享套餐', 129.0, 299.0, TRUE, '129元/月享受原价299元的299档位全家享套餐优惠，活动有效期24个月', '中高价值用户', '全家享套餐', '24个月', '全国', TRUE, NOW()),
(600000369249, '葫芦岛分区5元80分钟国内主叫V6', '语音包', '分区语音', 5.0, 5.0, FALSE, '80分钟葫芦岛分区国内主叫通话时长，仅限在葫芦岛本地使用，不支持结转', '区域用户', '80分钟', '24个月', '葫芦岛', TRUE, NOW()),
(600000397003, '葫芦岛川达集团成员39元活动（存量）V6', '个人套餐', '集团套餐', 39.0, 129.0, TRUE, '39元/月享受129元全家享套餐资源，包含30G全国流量，150G本地流量', '集团用户', '集团套餐', '24个月', '葫芦岛', TRUE, NOW()),
(600000373697, '59元优惠活动（非转套餐）V6', '个人套餐', '全家享套餐', 59.0, 159.0, TRUE, '59元/月享受原价159元的159档位全家享套餐优惠，活动有效期24个月', '中等价值用户', '全家享套餐', '24个月', '全国', TRUE, NOW()),
(600000363107, '吉祥号码预存7056元V6', '话费优惠', '预存送费', 0.0, 0.0, FALSE, '预存7056元话费，有效期内每月返还588元话费，活动有效期12个月', '高价值用户', '7056元话费', '12个月', '全国', TRUE, NOW()),
(600000305882, '重点客户30G抖音流量V6', '流量包', '定向流量', 0.0, 0.0, FALSE, '30G抖音定向流量，可在抖音APP内使用，不含港澳台，不支持结转与共享，合约期12个月', '重点客户', '30GB', '12个月', '全国', TRUE, NOW()),
(600000397595, '新入网0元50G特惠省内流量12个月V6', '流量包', '区域流量', 0.0, 0.0, FALSE, '50GB辽宁通用流量，新入网用户专享，办理立即生效，有效期12个月，到期自动取消', '新用户', '50GB', '12个月', '辽宁', TRUE, NOW()),
(600000368102, '全家享套餐优惠专属活动（优惠90元）V6', '个人套餐', '全家享套餐', 0.0, 90.0, TRUE, '全家享套餐每月赠送90元话费，从参与次月起连续赠送24个月，如活动终止则未获得的话费不予享受', '家庭用户', '全家享套餐', '24个月', '全国', TRUE, NOW()),
(600000356286, '50元流量优享包活动扩容40GV6', '流量包', '通用流量', 50.0, 50.0, FALSE, '包含20GB国内通用流量、20GB抖音快手定向流量、10GB月末通用流量，额外加享40GB辽宁流量，有效期12个月', '高流量用户', '90GB', '12个月', '全国+辽宁', TRUE, NOW()),
(600000356284, '30元流量优享包活动扩容20GV6', '流量包', '通用流量', 30.0, 30.0, FALSE, '包含10GB国内通用流量、10GB抖音快手定向流量、5GB月末通用流量，额外加享20GB辽宁流量，有效期12个月', '中等流量用户', '45GB', '12个月', '全国+辽宁', TRUE, NOW()),
(600000402848, '100享300权益客户回馈活动V6', '话费优惠', '存费送费', 100.0, 100.0, FALSE, '存100元话费，从业务办理次月起连续10个月每月享20元话费到账优惠，合约期11个月', '高价值用户', '300元话费', '11个月', '全国', TRUE, NOW()),
(600000314751, '20G国内流量V6', '流量包', '通用流量', 0.0, 0.0, FALSE, '20G国内流量，从参与活动当月起生效，连续优惠12个月，到期后活动自动失效', '低流量用户', '20GB', '12个月', '全国', TRUE, NOW()),
(600000389316, '0元20G定向流量V6', '流量包', '定向流量', 0.0, 0.0, FALSE, '20G定向流量，适用于爱奇艺、优酷、腾讯视频、快手、抖音等APP，共12个月到期自动取消', '视频用户', '20GB', '12个月', '全国', TRUE, NOW()),
(600000400162, '宽带阶段性活动优惠20元V6', '宽带业务', '话费返还', 0.0, 0.0, FALSE, '参与活动后赠送720元话费，从参与当月起连续返还36个月，每月返还10元话费', '宽带用户', '720元话费', '36个月', '全国', TRUE, NOW()),
(600000392209, '狂欢包30元档位V6', '流量包', '区域流量', 30.0, 30.0, FALSE, '100GB辽宁通用流量，需在套餐内流量使用前使用，有效期24个月，不支持结转及共享', '区域用户', '100GB', '24个月', '辽宁', TRUE, NOW()),
(600000368126, '全家享套餐优惠专属活动（优惠55元）V6', '个人套餐', '全家享套餐', 0.0, 55.0, TRUE, '全家享套餐每月赠送55元话费，从参与次月起连续赠送24个月，如活动终止则未获得的话费不予享受', '家庭用户', '全家享套餐', '24个月', '全国', TRUE, NOW()),
(600000368114, '全家享套餐优惠专属活动（优惠70元）V6', '个人套餐', '全家享套餐', 0.0, 70.0, TRUE, '全家享套餐每月赠送70元话费，从参与次月起连续赠送24个月，如活动终止则未获得的话费不予享受', '高价值家庭', '全家享套餐', '24个月', '全国', TRUE, NOW()),
(600000324758, '集团客户全家享套餐专属优惠活动（优惠10元）V6', '个人套餐', '集团套餐', 0.0, 10.0, TRUE, '集团客户全家享套餐专属优惠，不收取费用，办理立即生效，合约期25个月，每月充值10元连续24个月', '企业用户', '集团全家享', '25个月', '全国', TRUE, NOW()),
(600000324746, '集团客户全家享套餐专属优惠活动（优惠30元）V6', '个人套餐', '集团套餐', 0.0, 30.0, TRUE, '集团客户全家享套餐专属优惠，不收取费用，办理立即生效，合约期25个月，每月充值30元连续24个月', '企业用户', '集团全家享', '25个月', '全国', TRUE, NOW()),
(600000324743, '集团客户全家享套餐专属优惠活动（优惠40元）V6', '个人套餐', '集团套餐', 0.0, 40.0, TRUE, '集团客户全家享套餐专属优惠，不收取费用，办理立即生效，合约期25个月，每月充值40元连续24个月', '企业用户', '集团全家享', '25个月', '全国', TRUE, NOW()),
(600000401676, '2024年辽阳惠享30元100G辽宁流量V6', '流量包', '区域流量', 30.0, 30.0, FALSE, '100G辽宁流量，必须在辽宁分区内使用，共24个月到期自动取消，不支持结转与共享', '区域用户', '100GB', '24个月', '辽宁', TRUE, NOW()),
(600000401792, '2024年辽阳约惠加10元流量活动V6', '流量包', '区域流量', 10.0, 10.0, FALSE, '承诺在原消费金额不变基础上每月增加10元享50GB辽宁流量，共24个月到期自动取消', '区域用户', '50GB', '24个月', '辽宁', TRUE, NOW()),
(600000381638, '2024年39元飞享入网存100元享340元优惠活动V6', '话费优惠', '存费送费', 100.0, 100.0, FALSE, '存100元话费享340元话费优惠，100元入网当月返还，剩余240元次月起每月返还20元，活动期13个月', '新用户', '340元话费', '13个月', '全国', TRUE, NOW()),
(600000326002, '2022年辽阳高校迎新200分钟国内主叫国内通话包（48个月）V6', '语音包', '国内语音', 0.0, 0.0, FALSE, '每月可享200分钟国内主叫通话时长（不含港澳台），有效期48个月，到期后自动取消', '学生用户', '200分钟', '48个月', '全国', TRUE, NOW()),
(600000388603, '50G本钢专属区域流量优惠活动V7', '流量包', '区域流量', 0.0, 0.0, FALSE, '50GB本钢厂区专属区域流量，有效期12个月，不含港澳台，不支持共享和结转', '企业用户', '50GB', '12个月', '本钢厂区', TRUE, NOW()),
(600000390880, '全家享优惠专属活动239减170V7', '个人套餐', '全家享套餐', 69.0, 239.0, TRUE, '全家享套餐月费239元优惠至69元，合约期24个月，包含家庭宽带和多终端共享', '家庭用户', '全家享套餐', '24个月', '全国', TRUE, NOW()),
(600000324761, '集团客户全家享套餐专属优惠活动（优惠90元）V7', '个人套餐', '集团套餐', 0.0, 90.0, TRUE, '集团客户全家享套餐专属优惠，每月充值90元连续24个月，合约期25个月', '企业用户', '集团全家享', '25个月', '全国', TRUE, NOW()),
(600000385378, '50元100G关爱专属流量（本溪）V7', '流量包', '区域流量', 50.0, 50.0, FALSE, '100G本溪地区关爱专属流量，适用于本溪地区用户', '低流量用户', '100GB', '长期', '本溪', TRUE, NOW())
  ON CONFLICT DO NOTHING;


INSERT INTO scripts (id, content, scenario, product_id, strategy_id, user_segment, channel, compliance_status, usage_count, avg_ctr, created_at, updated_at) VALUES
(801, '【本钢厂区专属福利】尊敬的客户，您可享受50GB本钢专属区域流量，0元/月！立即生效，有效期12个月。回复Y办理，或拨打10086咨询。', '区域流量挽留', 600000388603, 100801, '本钢厂区用户', '短信', 'approved', 870, 0.51, NOW(), NOW()),
(802, '您好！我是移动客服专员，看到您是我们的高价值客户，现为您推荐全家享239套餐优惠至69元/月，月省170元！包含宽带、多终端共享，需要为您详细介绍吗？', '高价值客户交叉销售', 600000390880, 100802, '高ARPU用户', '人工外呼', 'approved', 640, 0.74, NOW(), NOW()),
(803, '【集团客户专享】您可办理全家享套餐90元优惠活动！不收费用，办理立即生效，合约25个月。详情请咨询10000号或前往营业厅。', '集团客户激活', 600000324761, 100803, '集团客户', '10000号', 'approved', 500, 0.38, NOW(), NOW()),
(804, '【本溪关爱流量】50元享100G专属流量！超大流量满足您的日常需求，立即通过APP办理享受优惠！', '区域流量升级', 600000385378, 100804, '本溪用户', 'APP推送', 'approved', 740, 0.59, NOW(), NOW()),
(805, '【重点客户专享】150GB辽宁流量仅需3元/月！原价33元，现在办理立享优惠，合约12个月。点击链接立即办理>>', '重点客户挽留', 600000402690, 100805, 'VIP客户', '短信', 'approved', 970, 0.65, NOW(), NOW()),
(806, '您好！检测到您本月语音使用较多，为您推荐300分钟国内语音包，0元/月，连续12个月！需要为您开通吗？', '语音用户挽留', 600000317773, 100806, '语音重度用户', '电子外呼', 'approved', 600, 0.47, NOW(), NOW()),
(807, '【重点客户福利】20G国内通用流量免费送！连续12个月，立即生效。关注公众号回复"领流量"即可领取！', '重点客户激活', 600000317774, 100807, '重点客户', '公众号', 'approved', 840, 0.56, NOW(), NOW()),
(808, '【景区流量特惠】30GB景区专属流量免费送！旅游出行无忧，通过小程序一键领取，有效期24个月！', '旅游用户交叉销售', 600000395578, 100808, '旅游兴趣用户', '小程序', 'approved', 540, 0.50, NOW(), NOW()),
(809, '【集团客户福利】全家享套餐70元优惠活动开启！每月充值70元连续24个月，合约25个月。欢迎到营业厅咨询办理！', '集团客户激活', 600000324752, 100809, '集团客户', '营业厅', 'approved', 470, 0.44, NOW(), NOW()),
(810, '【铁岭用户专享】10GB辽宁流量免费送！次月生效，连续24个月。登录网厅立即领取>>', '区域用户升级', 600000378679, 100810, '铁岭用户', '网厅', 'approved', 800, 0.54, NOW(), NOW()),
(811, '【铁岭流量组合包】5元享15GB流量！2GB全国+13GB铁岭本地，APP一键办理>>', '区域用户升级', 600000393629, 100811, '铁岭用户', 'APP推送', 'approved', 640, 0.48, NOW(), NOW()),
(812, '【铁岭语音优惠】100分钟国内通话免费送！24个月长期有效，短信回复Y立即办理>>', '区域用户激活', 600000378653, 100812, '铁岭用户', '短信', 'approved', 600, 0.42, NOW(), NOW()),
(813, '您好！为您推荐500分钟国内语音包，0元/月，连续24个月！适合经常打电话的您，需要开通吗？', '语音用户激活', 600000384492, 100813, '语音重度用户', '人工外呼', 'approved', 740, 0.58, NOW(), NOW()),
(814, '【企业宽带升级】300M企业宽带专属合约开启！联系客户经理了解详情，沙盘系统已为您配置>>', '企业客户交叉销售', 600000351020, 100814, '企业客户', '沙盘', 'approved', 340, 0.34, NOW(), NOW()),
(815, '【超大流量长期包】120GB辽宁流量免费送！36个月超长期有效，网厅立即办理>>', '高流量用户升级', 600000403055, 100815, '高流量用户', '网厅', 'approved', 870, 0.64, NOW(), NOW()),
(816, '您好！为您推荐129元全家享套餐，原价299元现在只要129元！月省170元，拨打10000号立即咨询>>', '套餐升级', 600000373700, 100816, '中高价值用户', '10000号', 'approved', 800, 0.61, NOW(), NOW()),
(817, '【葫芦岛本地优惠】5元享80分钟本地通话！仅限葫芦岛使用，24个月有效，回复Y办理>>', '区域用户激活', 600000369249, 100817, '葫芦岛用户', '短信', 'approved', 540, 0.45, NOW(), NOW()),
(818, '【川达集团专享】39元享129元套餐资源！包含180G流量+300分钟通话，沙盘系统已配置>>', '集团客户激活', 600000397003, 100818, '川达集团用户', '沙盘', 'approved', 400, 0.51, NOW(), NOW()),
(819, '您好！为您推荐59元全家享套餐，原价159元现在只要59元！月省100元，需要详细介绍吗？', '套餐升级', 600000373697, 100819, '中等价值用户', '人工外呼', 'approved', 670, 0.55, NOW(), NOW()),
(820, '【吉祥号码专享】预存7056元话费，12个月每月返588元！营业厅专属办理，详情咨询>>', '高价值用户激活', 600000363107, 100820, '吉祥号码用户', '营业厅', 'approved', 300, 0.29, NOW(), NOW()),
(821, '【抖音流量专享】尊敬的客户，您可享受30G抖音定向流量免费送！立即生效，12个月有效，刷抖音不耗套餐流量！点击APP立即领取>>', '视频用户定向流量', 600000305882, 100821, '重点客户', 'APP推送', 'approved', 870, 0.61, NOW(), NOW()),
(822, '【新用户专享】50G辽宁流量0元送！新入网用户专享福利，立即生效12个月！回复Y办理或拨打10086咨询。', '新用户流量激活', 600000397595, 100822, '新用户', '短信', 'approved', 1220, 0.68, NOW(), NOW()),
(823, '您好！我是移动客服专员，看到您是我们的优质家庭用户，现为您推荐全家享套餐90元优惠！月省90元，包含家庭宽带和多终端共享，需要详细介绍吗？', '家庭用户交叉销售', 600000368102, 100823, '家庭用户', '人工外呼', 'approved', 640, 0.71, NOW(), NOW()),
(824, '【流量升级提醒】您的50元流量优享包现在额外加享40G辽宁流量！总流量达90G，立即通过网厅办理享受>>', '流量包升级', 600000356286, 100824, '高流量用户', '网厅', 'approved', 800, 0.55, NOW(), NOW()),
(825, '【流量优惠】30元流量优享包现在扩容20G辽宁流量！总流量45G超值享受，APP一键办理>>', '流量包升级', 600000356284, 100825, '中等流量用户', 'APP推送', 'approved', 970, 0.52, NOW(), NOW()),
(826, '【高价值客户专享】存100元享300元话费！连续10个月每月返20元，立即生效！回复Y办理>>', '高价值客户挽留', 600000402848, 100826, 'VIP客户', '短信', 'approved', 600, 0.69, NOW(), NOW()),
(827, '您好！检测到您本月流量使用较少，为您推荐20G国内流量免费送！12个月有效，需要为您开通吗？', '低流量用户激活', 600000314751, 100827, '低流量用户', '电子外呼', 'approved', 1120, 0.47, NOW(), NOW()),
(828, '【视频会员福利】20G定向流量免费送！爱奇艺、优酷、腾讯视频、抖音、快手全免流！关注公众号回复"领流量"立即领取>>', '视频用户激活', 600000389316, 100828, '视频用户', '公众号', 'approved', 1420, 0.62, NOW(), NOW()),
(829, '【宽带用户专享】参与宽带活动即送720元话费！36个月分期返还，欢迎到营业厅咨询办理！', '宽带用户交叉销售', 600000400162, 100829, '宽带用户', '营业厅', 'approved', 440, 0.44, NOW(), NOW()),
(830, '【辽阳用户专享】30元享100G辽宁流量！超大流量满足您的日常需求，小程序一键办理>>', '区域用户升级', 600000392209, 100830, '辽阳用户', '小程序', 'approved', 700, 0.62, NOW(), NOW()),
(831, '您好！为您推荐全家享套餐55元优惠！月省55元，24个月连续优惠，适合2人以上家庭使用，需要了解详情吗？', '家庭用户交叉销售', 600000368126, 100831, '家庭用户', '人工外呼', 'approved', 540, 0.58, NOW(), NOW()),
(832, '【高价值家庭专享】全家享套餐70元优惠开启！月省70元，包含更多家庭权益，拨打10000号立即咨询>>', '高价值家庭交叉销售', 600000368114, 100832, '高价值家庭', '10000号', 'approved', 500, 0.74, NOW(), NOW()),
(833, '【集团客户福利】全家享套餐10元优惠活动开启！集团客户专享，沙盘系统已为您配置，联系客户经理办理>>', '集团客户激活', 600000324758, 100833, '集团客户', '沙盘', 'approved', 340, 0.41, NOW(), NOW()),
(834, '【集团客户专享】全家享套餐30元优惠！适合2人以上家庭，沙盘系统已配置，联系您的客户经理>>', '集团客户激活', 600000324746, 100834, '集团客户', '沙盘', 'approved', 300, 0.45, NOW(), NOW()),
(835, '【集团客户福利】全家享套餐40元优惠活动！ARPU>120客户专享，沙盘系统已为您准备>>', '集团客户激活', 600000324743, 100835, '集团客户', '沙盘', 'approved', 270, 0.49, NOW(), NOW()),
(836, '【高价值集团专享】全家享套餐70元优惠！沙盘系统已配置最高优惠，联系客户经理立即办理>>', '高价值集团激活', 600000324752, 100836, '高价值集团', '沙盘', 'approved', 240, 0.57, NOW(), NOW()),
(837, '【辽阳流量特惠】30元享100G辽宁流量！辽阳用户专享，网厅办理立享优惠>>', '辽阳用户升级', 600000401676, 100837, '辽阳用户', '网厅', 'approved', 600, 0.66, NOW(), NOW()),
(838, '【辽阳增量优惠】加10元享50G辽宁流量！原套餐不变，流量翻倍，APP立即办理>>', '辽阳用户升级', 600000401792, 100838, '辽阳用户', 'APP推送', 'approved', 540, 0.52, NOW(), NOW()),
(839, '【新入网专享】39元飞享套餐存100元享340元！首月返100元，后续每月返20元，营业厅办理>>', '新用户激活', 600000381638, 100839, '新用户', '营业厅', 'approved', 840, 0.71, NOW(), NOW()),
(840, '【校园迎新福利】200分钟国内通话免费送！辽阳高校新生专享，48个月长期有效！', '学生用户激活', 600000326002, 100840, '学生用户', '校园推广', 'approved', 1520, 0.79, NOW(), NOW()),
(841, '【本钢厂区专属福利】尊敬的客户，您可享受50GB本钢专属区域流量，0元/月！立即生效，有效期12个月。回复Y办理，或拨打10086咨询。', '区域流量挽留', 600000388603, 100841, '本钢厂区用户', '短信', 'approved', 880, 0.52, NOW(), NOW()),
(842, '您好！我是移动客服专员，看到您是我们的高价值客户，现为您推荐全家享239套餐优惠至69元/月，月省170元！包含宽带、多终端共享，需要为您详细介绍吗？', '高价值客户交叉销售', 600000390880, 100842, '高ARPU用户', '人工外呼', 'approved', 650, 0.75, NOW(), NOW()),
(843, '【集团客户专享】您可办理全家享套餐90元优惠活动！不收费用，办理立即生效，合约25个月。详情请咨询10000号或前往营业厅。', '集团客户激活', 600000324761, 100843, '集团客户', '10000号', 'approved', 510, 0.39, NOW(), NOW()),
(844, '【本溪关爱流量】50元享100G专属流量！超大流量满足您的日常需求，立即通过APP办理享受优惠！', '区域流量升级', 600000385378, 100844, '本溪用户', 'APP推送', 'approved', 750, 0.60, NOW(), NOW()),
(845, '【重点客户专享】150GB辽宁流量仅需3元/月！原价33元，现在办理立享优惠，合约12个月。点击链接立即办理>>', '重点客户挽留', 600000402690, 100845, 'VIP客户', '短信', 'approved', 980, 0.66, NOW(), NOW()),
(846, '您好！检测到您本月语音使用较多，为您推荐300分钟国内语音包，0元/月，连续12个月！需要为您开通吗？', '语音用户挽留', 600000317773, 100846, '语音重度用户', '电子外呼', 'approved', 610, 0.48, NOW(), NOW()),
(847, '【重点客户福利】20G国内通用流量免费送！连续12个月，立即生效。关注公众号回复"领流量"即可领取！', '重点客户激活', 600000317774, 100847, '重点客户', '公众号', 'approved', 850, 0.57, NOW(), NOW()),
(848, '【景区流量特惠】30GB景区专属流量免费送！旅游出行无忧，通过小程序一键领取，有效期24个月！', '旅游用户交叉销售', 600000395578, 100848, '旅游兴趣用户', '小程序', 'approved', 550, 0.51, NOW(), NOW()),
(849, '【集团客户福利】全家享套餐70元优惠活动开启！每月充值70元连续24个月，合约25个月。欢迎到营业厅咨询办理！', '集团客户激活', 600000324752, 100849, '集团客户', '营业厅', 'approved', 480, 0.45, NOW(), NOW()),
(850, '【铁岭用户专享】10GB辽宁流量免费送！次月生效，连续24个月。登录网厅立即领取>>', '区域用户升级', 600000378679, 100850, '铁岭用户', '网厅', 'approved', 810, 0.55, NOW(), NOW()),
(851, '【铁岭流量组合包】5元享15GB流量！2GB全国+13GB铁岭本地，APP一键办理>>', '区域用户升级', 600000393629, 100851, '铁岭用户', 'APP推送', 'approved', 650, 0.49, NOW(), NOW()),
(852, '【铁岭语音优惠】100分钟国内通话免费送！24个月长期有效，短信回复Y立即办理>>', '区域用户激活', 600000378653, 100852, '铁岭用户', '短信', 'approved', 610, 0.43, NOW(), NOW()),
(853, '您好！为您推荐500分钟国内语音包，0元/月，连续24个月！适合经常打电话的您，需要开通吗？', '语音用户激活', 600000384492, 100853, '语音重度用户', '人工外呼', 'approved', 750, 0.59, NOW(), NOW()),
(854, '【企业宽带升级】300M企业宽带专属合约开启！联系客户经理了解详情，沙盘系统已为您配置>>', '企业客户交叉销售', 600000351020, 100854, '企业客户', '沙盘', 'approved', 350, 0.35, NOW(), NOW()),
(855, '【超大流量长期包】120GB辽宁流量免费送！36个月超长期有效，网厅立即办理>>', '高流量用户升级', 600000403055, 100855, '高流量用户', '网厅', 'approved', 880, 0.65, NOW(), NOW()),
(856, '您好！为您推荐129元全家享套餐，原价299元现在只要129元！月省170元，拨打10000号立即咨询>>', '套餐升级', 600000373700, 100856, '中高价值用户', '10000号', 'approved', 810, 0.62, NOW(), NOW()),
(857, '【葫芦岛本地优惠】5元享80分钟本地通话！仅限葫芦岛使用，24个月有效，回复Y办理>>', '区域用户激活', 600000369249, 100857, '葫芦岛用户', '短信', 'approved', 550, 0.46, NOW(), NOW()),
(858, '【川达集团专享】39元享129元套餐资源！包含180G流量+300分钟通话，沙盘系统已配置>>', '集团客户激活', 600000397003, 100858, '川达集团用户', '沙盘', 'approved', 410, 0.52, NOW(), NOW()),
(859, '您好！为您推荐59元全家享套餐，原价159元现在只要59元！月省100元，需要详细介绍吗？', '套餐升级', 600000373697, 100859, '中等价值用户', '人工外呼', 'approved', 680, 0.56, NOW(), NOW()),
(860, '【吉祥号码专享】预存7056元话费，12个月每月返588元！营业厅专属办理，详情咨询>>', '高价值用户激活', 600000363107, 100860, '吉祥号码用户', '营业厅', 'approved', 310, 0.30, NOW(), NOW()),
(861, '【抖音流量专享】尊敬的客户，您可享受30G抖音定向流量免费送！立即生效，12个月有效，刷抖音不耗套餐流量！点击APP立即领取>>', '视频用户定向流量', 600000305882, 100861, '重点客户', 'APP推送', 'approved', 880, 0.62, NOW(), NOW()),
(862, '【新用户专享】50G辽宁流量0元送！新入网用户专享福利，立即生效12个月！回复Y办理或拨打10086咨询。', '新用户流量激活', 600000397595, 100862, '新用户', '短信', 'approved', 1230, 0.69, NOW(), NOW()),
(863, '您好！我是移动客服专员，看到您是我们的优质家庭用户，现为您推荐全家享套餐90元优惠！月省90元，包含家庭宽带和多终端共享，需要详细介绍吗？', '家庭用户交叉销售', 600000368102, 100863, '家庭用户', '人工外呼', 'approved', 650, 0.72, NOW(), NOW()),
(864, '【流量升级提醒】您的50元流量优享包现在额外加享40G辽宁流量！总流量达90G，立即通过网厅办理享受>>', '流量包升级', 600000356286, 100864, '高流量用户', '网厅', 'approved', 810, 0.56, NOW(), NOW()),
(865, '【流量优惠】30元流量优享包现在扩容20G辽宁流量！总流量45G超值享受，APP一键办理>>', '流量包升级', 600000356284, 100865, '中等流量用户', 'APP推送', 'approved', 980, 0.53, NOW(), NOW()),
(866, '【高价值客户专享】存100元享300元话费！连续10个月每月返20元，立即生效！回复Y办理>>', '高价值客户挽留', 600000402848, 100866, 'VIP客户', '短信', 'approved', 610, 0.70, NOW(), NOW()),
(867, '您好！检测到您本月流量使用较少，为您推荐20G国内流量免费送！12个月有效，需要为您开通吗？', '低流量用户激活', 600000314751, 100867, '低流量用户', '电子外呼', 'approved', 1130, 0.48, NOW(), NOW()),
(868, '【视频会员福利】20G定向流量免费送！爱奇艺、优酷、腾讯视频、抖音、快手全免流！关注公众号回复"领流量"立即领取>>', '视频用户激活', 600000389316, 100868, '视频用户', '公众号', 'approved', 1430, 0.63, NOW(), NOW()),
(869, '【宽带用户专享】参与宽带活动即送720元话费！36个月分期返还，欢迎到营业厅咨询办理！', '宽带用户交叉销售', 600000400162, 100869, '宽带用户', '营业厅', 'approved', 450, 0.45, NOW(), NOW()),
(870, '【辽阳用户专享】30元享100G辽宁流量！超大流量满足您的日常需求，小程序一键办理>>', '区域用户升级', 600000392209, 100870, '辽阳用户', '小程序', 'approved', 710, 0.63, NOW(), NOW()),
(871, '您好！为您推荐全家享套餐55元优惠！月省55元，24个月连续优惠，适合2人以上家庭使用，需要了解详情吗？', '家庭用户交叉销售', 600000368126, 100871, '家庭用户', '人工外呼', 'approved', 550, 0.59, NOW(), NOW()),
(872, '【高价值家庭专享】全家享套餐70元优惠开启！月省70元，包含更多家庭权益，拨打10000号立即咨询>>', '高价值家庭交叉销售', 600000368114, 100872, '高价值家庭', '10000号', 'approved', 510, 0.75, NOW(), NOW()),
(873, '【集团客户福利】全家享套餐10元优惠活动开启！集团客户专享，沙盘系统已为您配置，联系客户经理办理>>', '集团客户激活', 600000324758, 100873, '集团客户', '沙盘', 'approved', 350, 0.42, NOW(), NOW()),
(874, '【集团客户专享】全家享套餐30元优惠！适合2人以上家庭，沙盘系统已配置，联系您的客户经理>>', '集团客户激活', 600000324746, 100874, '集团客户', '沙盘', 'approved', 310, 0.46, NOW(), NOW()),
(875, '【集团客户福利】全家享套餐40元优惠活动！ARPU>120客户专享，沙盘系统已为您准备>>', '集团客户激活', 600000324743, 100875, '集团客户', '沙盘', 'approved', 280, 0.50, NOW(), NOW()),
(876, '【高价值集团专享】全家享套餐70元优惠！沙盘系统已配置最高优惠，联系客户经理立即办理>>', '高价值集团激活', 600000324752, 100876, '高价值集团', '沙盘', 'approved', 250, 0.58, NOW(), NOW()),
(877, '【辽阳流量特惠】30元享100G辽宁流量！辽阳用户专享，网厅办理立享优惠>>', '辽阳用户升级', 600000401676, 100877, '辽阳用户', '网厅', 'approved', 610, 0.67, NOW(), NOW()),
(878, '【辽阳增量优惠】加10元享50G辽宁流量！原套餐不变，流量翻倍，APP立即办理>>', '辽阳用户升级', 600000401792, 100878, '辽阳用户', 'APP推送', 'approved', 550, 0.53, NOW(), NOW()),
(879, '【新入网专享】39元飞享套餐存100元享340元！首月返100元，后续每月返20元，营业厅办理>>', '新用户激活', 600000381638, 100879, '新用户', '营业厅', 'approved', 850, 0.72, NOW(), NOW()),
(880, '【校园迎新福利】200分钟国内通话免费送！辽阳高校新生专享，48个月长期有效！', '学生用户激活', 600000326002, 100880, '学生用户', '校园推广', 'approved', 1530, 0.80, NOW(), NOW()),
(881, '【本钢厂区专属福利】尊敬的客户，您可享受50GB本钢专属区域流量，0元/月！立即生效，有效期12个月。回复Y办理，或拨打10086咨询。', '区域流量挽留', 600000388603, 100881, '本钢厂区用户', '短信', 'approved', 890, 0.53, NOW(), NOW()),
(882, '您好！我是移动客服专员，看到您是我们的高价值客户，现为您推荐全家享239套餐优惠至69元/月，月省170元！包含宽带、多终端共享，需要为您详细介绍吗？', '高价值客户交叉销售', 600000390880, 100882, '高ARPU用户', '人工外呼', 'approved', 660, 0.76, NOW(), NOW()),
(883, '【集团客户专享】您可办理全家享套餐90元优惠活动！不收费用，办理立即生效，合约25个月。详情请咨询10000号或前往营业厅。', '集团客户激活', 600000324761, 100883, '集团客户', '10000号', 'approved', 520, 0.40, NOW(), NOW()),
(884, '【本溪关爱流量】50元享100G专属流量！超大流量满足您的日常需求，立即通过APP办理享受优惠！', '区域流量升级', 600000385378, 100884, '本溪用户', 'APP推送', 'approved', 760, 0.61, NOW(), NOW()),
(885, '【重点客户专享】150GB辽宁流量仅需3元/月！原价33元，现在办理立享优惠，合约12个月。点击链接立即办理>>', '重点客户挽留', 600000402690, 100885, 'VIP客户', '短信', 'approved', 990, 0.67, NOW(), NOW()),
(886, '您好！检测到您本月语音使用较多，为您推荐300分钟国内语音包，0元/月，连续12个月！需要为您开通吗？', '语音用户挽留', 600000317773, 100886, '语音重度用户', '电子外呼', 'approved', 620, 0.49, NOW(), NOW()),
(887, '【重点客户福利】20G国内通用流量免费送！连续12个月，立即生效。关注公众号回复"领流量"即可领取！', '重点客户激活', 600000317774, 100887, '重点客户', '公众号', 'approved', 860, 0.58, NOW(), NOW()),
(888, '【景区流量特惠】30GB景区专属流量免费送！旅游出行无忧，通过小程序一键领取，有效期24个月！', '旅游用户交叉销售', 600000395578, 100888, '旅游兴趣用户', '小程序', 'approved', 560, 0.52, NOW(), NOW()),
(889, '【集团客户福利】全家享套餐70元优惠活动开启！每月充值70元连续24个月，合约25个月。欢迎到营业厅咨询办理！', '集团客户激活', 600000324752, 100889, '集团客户', '营业厅', 'approved', 490, 0.46, NOW(), NOW()),
(890, '【铁岭用户专享】10GB辽宁流量免费送！次月生效，连续24个月。登录网厅立即领取>>', '区域用户升级', 600000378679, 100890, '铁岭用户', '网厅', 'approved', 820, 0.56, NOW(), NOW()),
(891, '【铁岭流量组合包】5元享15GB流量！2GB全国+13GB铁岭本地，APP一键办理>>', '区域用户升级', 600000393629, 100891, '铁岭用户', 'APP推送', 'approved', 660, 0.50, NOW(), NOW()),
(892, '【铁岭语音优惠】100分钟国内通话免费送！24个月长期有效，短信回复Y立即办理>>', '区域用户激活', 600000378653, 100892, '铁岭用户', '短信', 'approved', 620, 0.44, NOW(), NOW())
  ON CONFLICT DO NOTHING;

INSERT INTO scripts (id, content, scenario, product_id, strategy_id, user_segment, channel, compliance_status, usage_count, avg_ctr, created_at, updated_at) VALUES
-- 短信渠道话术（简洁、有行动号召）
(450001, '【中国移动】尊敬的客户，您可享50GB本钢专属流量，0元/月！立即生效12个月。回复Y办理，或拨打10086咨询。【中国移动】', '区域流量挽留', 600000388603, 100801, '本钢厂区用户', '短信', 'approved', 870, 0.51, NOW(), NOW()),
(450002, '【中国移动】150GB辽宁流量仅3元/月！原价33元，合约12个月。点击办理>>【中国移动】', '重点客户挽留', 600000402690, 100805, 'VIP客户', '短信', 'approved', 970, 0.65, NOW(), NOW()),
(450003, '【中国移动】存100元享300元话费！连续10个月每月返20元。回复Y办理>>【中国移动】', '高价值客户挽留', 600000402848, 100826, '高价值客户', '短信', 'approved', 600, 0.69, NOW(), NOW()),
(450004, '【中国移动】新用户专享：50G辽宁流量0元送！12个月有效。回复Y办理>>【中国移动】', '新用户激活', 600000397595, 100822, '新用户', '短信', 'approved', 1220, 0.68, NOW(), NOW()),
(450005, '【中国移动】铁岭用户专享：100分钟通话免费送！24个月有效。回复Y办理>>【中国移动】', '区域用户激活', 600000378653, 100812, '铁岭用户', '短信', 'approved', 600, 0.42, NOW(), NOW()),
(450006, '【中国移动】葫芦岛本地优惠：5元享80分钟通话！24个月有效。回复Y办理>>【中国移动】', '区域用户激活', 600000369249, 100817, '葫芦岛用户', '短信', 'approved', 540, 0.45, NOW(), NOW()),
(450007, '【中国移动】抖音流量专享：30G定向流量免费送！刷抖音不耗套餐流量。点击领取>>【中国移动】', '视频用户定向流量', 600000305882, 100821, '视频用户', '短信', 'approved', 870, 0.61, NOW(), NOW()),
(450008, '【中国移动】辽阳高校新生专享：200分钟通话免费送！48个月长期有效。回复Y办理>>【中国移动】', '学生用户激活', 600000326002, 100840, '学生用户', '短信', 'approved', 1520, 0.79, NOW(), NOW()),
(450009, '【中国移动】流量告急提醒：您本月流量已用90%，推荐30元享100G辽宁流量！点击办理>>【中国移动】', '流量超套预警', 600000392209, 100830, '高流量用户', '短信', 'approved', 700, 0.62, NOW(), NOW()),
(450010, '【中国移动】套餐升级提醒：59元享159元全家享套餐！月省100元。回复Y了解详情>>【中国移动】', '套餐升级', 600000373697, 100819, '中等价值用户', '短信', 'approved', 670, 0.55, NOW(), NOW()),
(450011, '【中国移动】本钢厂区专属福利：50GB区域流量0元/月！12个月有效。回复Y办理>>【中国移动】', '区域流量挽留', 600000388603, 100841, '本钢厂区用户', '短信', 'approved', 880, 0.52, NOW(), NOW()),
(450012, '【中国移动】重点客户专享：150GB辽宁流量3元/月！原价33元。点击办理>>【中国移动】', '重点客户挽留', 600000402690, 100845, 'VIP客户', '短信', 'approved', 980, 0.66, NOW(), NOW()),
(450013, '【中国移动】存100享300权益回馈！连续10个月每月返20元话费。回复Y办理>>【中国移动】', '高价值客户挽留', 600000402848, 100866, '高价值客户', '短信', 'approved', 610, 0.70, NOW(), NOW()),
(450014, '【中国移动】新入网福利：50G辽宁流量0元送！12个月有效。回复Y办理>>【中国移动】', '新用户激活', 600000397595, 100862, '新用户', '短信', 'approved', 1230, 0.69, NOW(), NOW()),
(450015, '【中国移动】铁岭语音优惠：100分钟通话免费送！24个月有效。回复Y办理>>【中国移动】', '区域用户激活', 600000378653, 100852, '铁岭用户', '短信', 'approved', 610, 0.43, NOW(), NOW()),
(450016, '【中国移动】葫芦岛5元80分钟本地通话！仅限葫芦岛使用。回复Y办理>>【中国移动】', '区域用户激活', 600000369249, 100857, '葫芦岛用户', '短信', 'approved', 550, 0.46, NOW(), NOW()),
(450017, '【中国移动】抖音30G定向流量免费送！刷视频不耗套餐流量。点击领取>>【中国移动】', '视频用户定向流量', 600000305882, 100861, '视频用户', '短信', 'approved', 880, 0.62, NOW(), NOW()),
(450018, '【中国移动】辽阳高校迎新：200分钟通话免费送！48个月有效。回复Y办理>>【中国移动】', '学生用户激活', 600000326002, 100880, '学生用户', '短信', 'approved', 1530, 0.80, NOW(), NOW()),
(450019, '【中国移动】流量使用提醒：推荐30元享100G辽宁流量！超大流量满足需求。点击办理>>【中国移动】', '流量超套预警', 600000392209, 100870, '高流量用户', '短信', 'approved', 710, 0.63, NOW(), NOW()),
(450020, '【中国移动】套餐优惠：59元享159元全家享套餐！月省100元。回复Y了解>>【中国移动】', '套餐升级', 600000373697, 100859, '中等价值用户', '短信', 'approved', 680, 0.56, NOW(), NOW()),
(450021, '【中国移动】本钢专属：50GB区域流量0元/月！立即生效。回复Y办理>>【中国移动】', '区域流量挽留', 600000388603, 100881, '本钢厂区用户', '短信', 'approved', 890, 0.53, NOW(), NOW()),
(450022, '【中国移动】150GB辽宁流量3元/月！重点客户专享。点击办理>>【中国移动】', '重点客户挽留', 600000402690, 100885, 'VIP客户', '短信', 'approved', 990, 0.67, NOW(), NOW()),
(450023, '【中国移动】存100元享300元话费回馈！连续10个月返还。回复Y办理>>【中国移动】', '高价值客户挽留', 600000402848, 100906, '高价值客户', '短信', 'approved', 620, 0.71, NOW(), NOW()),
(450024, '【中国移动】新用户50G辽宁流量0元送！12个月有效。回复Y办理>>【中国移动】', '新用户激活', 600000397595, 100902, '新用户', '短信', 'approved', 1240, 0.70, NOW(), NOW()),
(450025, '【中国移动】铁岭100分钟通话免费！24个月长期有效。回复Y办理>>【中国移动】', '区域用户激活', 600000378653, 100892, '铁岭用户', '短信', 'approved', 620, 0.44, NOW(), NOW()),
(450026, '【中国移动】葫芦岛5元80分钟通话！本地专享优惠。回复Y办理>>【中国移动】', '区域用户激活', 600000369249, 100897, '葫芦岛用户', '短信', 'approved', 560, 0.47, NOW(), NOW()),
(450027, '【中国移动】抖音30G流量免费送！定向免流。点击领取>>【中国移动】', '视频用户定向流量', 600000305882, 100901, '视频用户', '短信', 'approved', 890, 0.63, NOW(), NOW()),
(450028, '【中国移动】高校新生200分钟通话免费！48个月有效。回复Y办理>>【中国移动】', '学生用户激活', 600000326002, 100920, '学生用户', '短信', 'approved', 1540, 0.81, NOW(), NOW()),
(450029, '【中国移动】流量推荐：30元享100G辽宁流量！超值优惠。点击办理>>【中国移动】', '流量超套预警', 600000392209, 100910, '高流量用户', '短信', 'approved', 720, 0.64, NOW(), NOW()),
(450030, '【中国移动】59元全家享套餐优惠！月省100元。回复Y了解>>【中国移动】', '套餐升级', 600000373697, 100899, '中等价值用户', '短信', 'approved', 690, 0.57, NOW(), NOW()),
(450031, '【中国移动】本钢50GB专属流量0元！12个月有效。回复Y办理>>【中国移动】', '区域流量挽留', 600000388603, 100921, '本钢厂区用户', '短信', 'approved', 900, 0.54, NOW(), NOW()),
(450032, '【中国移动】重点客户150GB流量3元/月！限时优惠。点击办理>>【中国移动】', '重点客户挽留', 600000402690, 100925, 'VIP客户', '短信', 'approved', 1000, 0.68, NOW(), NOW()),
(450033, '【中国移动】存100享300话费！10个月返还。回复Y办理>>【中国移动】', '高价值客户挽留', 600000402848, 100946, '高价值客户', '短信', 'approved', 630, 0.72, NOW(), NOW()),
(450034, '【中国移动】新入网50G流量0元！12个月专享。回复Y办理>>【中国移动】', '新用户激活', 600000397595, 100942, '新用户', '短信', 'approved', 1250, 0.71, NOW(), NOW()),
(450035, '【中国移动】铁岭100分钟通话0元！24个月有效。回复Y办理>>【中国移动】', '区域用户激活', 600000378653, 100932, '铁岭用户', '短信', 'approved', 630, 0.45, NOW(), NOW()),
(450036, '【中国移动】葫芦岛5元80分钟！本地通话优惠。回复Y办理>>【中国移动】', '区域用户激活', 600000369249, 100937, '葫芦岛用户', '短信', 'approved', 570, 0.48, NOW(), NOW()),
(450037, '【中国移动】抖音30G定向流量！刷视频免费。点击领取>>【中国移动】', '视频用户定向流量', 600000305882, 100941, '视频用户', '短信', 'approved', 900, 0.64, NOW(), NOW()),
(450038, '【中国移动】辽阳高校200分钟通话！48个月长期。回复Y办理>>【中国移动】', '学生用户激活', 600000326002, 100950, '学生用户', '短信', 'approved', 1550, 0.82, NOW(), NOW()),
(450039, '【中国移动】流量升级：30元100G辽宁流量！点击办理>>【中国移动】', '流量超套预警', 600000392209, 100950, '高流量用户', '短信', 'approved', 730, 0.65, NOW(), NOW()),
(450040, '【中国移动】全家享59元套餐！原价159元。回复Y了解>>【中国移动】', '套餐升级', 600000373697, 100939, '中等价值用户', '短信', 'approved', 700, 0.58, NOW(), NOW()),

-- 人工外呼话术（礼貌、详细、有互动）
(450041, '您好！我是中国移动客服专员，工号12345。看到您是我们的重要客户，本月为您推荐全家享239套餐优惠至69元/月，月省170元！包含宽带、多终端共享，需要为您详细介绍吗？', '高价值客户交叉销售', 600000390880, 100802, '高ARPU用户', '人工外呼', 'approved', 640, 0.74, NOW(), NOW()),
(450042, '您好！检测到您本月语音使用较多，为您推荐500分钟国内语音包，0元/月，连续24个月！适合经常打电话的您，需要开通吗？', '语音用户激活', 600000384492, 100813, '语音重度用户', '人工外呼', 'approved', 740, 0.58, NOW(), NOW()),
(450043, '您好！我是移动客服，看到您是优质家庭用户，推荐全家享套餐90元优惠！月省90元，包含家庭宽带和多终端共享，需要详细介绍吗？', '家庭用户交叉销售', 600000368102, 100823, '家庭用户', '人工外呼', 'approved', 640, 0.71, NOW(), NOW()),
(450044, '您好！为您推荐59元全家享套餐，原价159元现在只要59元！月省100元，适合2-3人家庭使用，需要了解详情吗？', '套餐升级', 600000373697, 100819, '中等价值用户', '人工外呼', 'approved', 670, 0.55, NOW(), NOW()),
(450045, '您好！我是中国移动客服，检测到您本月流量使用较少，推荐20G国内流量免费送！12个月有效，需要为您开通吗？', '低流量用户激活', 600000314751, 100827, '低流量用户', '人工外呼', 'approved', 1120, 0.47, NOW(), NOW()),
(450046, '您好！看到您是我们的高价值客户，推荐全家享239套餐优惠至69元/月！月省170元，包含更多家庭权益，需要详细介绍吗？', '高价值客户交叉销售', 600000390880, 100842, '高ARPU用户', '人工外呼', 'approved', 650, 0.75, NOW(), NOW()),
(450047, '您好！检测到您语音使用较多，推荐500分钟国内语音包0元/月！连续24个月，需要开通吗？', '语音用户激活', 600000384492, 100853, '语音重度用户', '人工外呼', 'approved', 750, 0.59, NOW(), NOW()),
(450048, '您好！我是移动客服，看到您是优质家庭用户，推荐全家享套餐90元优惠！月省90元，需要详细介绍吗？', '家庭用户交叉销售', 600000368102, 100863, '家庭用户', '人工外呼', 'approved', 650, 0.72, NOW(), NOW()),
(450049, '您好！为您推荐59元全家享套餐，原价159元现在59元！月省100元，需要了解详情吗？', '套餐升级', 600000373697, 100859, '中等价值用户', '人工外呼', 'approved', 680, 0.56, NOW(), NOW()),
(450050, '您好！检测到您流量使用较少，推荐20G国内流量免费送！12个月有效，需要开通吗？', '低流量用户激活', 600000314751, 100867, '低流量用户', '人工外呼', 'approved', 1130, 0.48, NOW(), NOW()),
(450051, '您好！我是中国移动客服，看到您是高价值客户，推荐全家享239套餐优惠至69元/月！月省170元，需要详细介绍吗？', '高价值客户交叉销售', 600000390880, 100882, '高ARPU用户', '人工外呼', 'approved', 660, 0.76, NOW(), NOW()),
(450052, '您好！检测到您语音使用较多，推荐500分钟国内语音包0元/月！24个月有效，需要开通吗？', '语音用户激活', 600000384492, 100893, '语音重度用户', '人工外呼', 'approved', 760, 0.60, NOW(), NOW()),
(450053, '您好！我是移动客服，看到您是优质家庭用户，推荐全家享套餐90元优惠！需要详细介绍吗？', '家庭用户交叉销售', 600000368102, 100903, '家庭用户', '人工外呼', 'approved', 660, 0.73, NOW(), NOW()),
(450054, '您好！为您推荐59元全家享套餐，原价159元现在59元！需要了解详情吗？', '套餐升级', 600000373697, 100899, '中等价值用户', '人工外呼', 'approved', 690, 0.57, NOW(), NOW()),
(450055, '您好！检测到您流量使用较少，推荐20G国内流量免费送！需要开通吗？', '低流量用户激活', 600000314751, 100907, '低流量用户', '人工外呼', 'approved', 1140, 0.49, NOW(), NOW()),
(450056, '您好！我是中国移动客服，看到您是高价值客户，推荐全家享239套餐优惠！需要详细介绍吗？', '高价值客户交叉销售', 600000390880, 100922, '高ARPU用户', '人工外呼', 'approved', 670, 0.77, NOW(), NOW()),
(450057, '您好！检测到您语音使用较多，推荐500分钟国内语音包！需要开通吗？', '语音用户激活', 600000384492, 100933, '语音重度用户', '人工外呼', 'approved', 770, 0.61, NOW(), NOW()),
(450058, '您好！我是移动客服，看到您是优质家庭用户，推荐全家享套餐90元优惠！需要详细介绍吗？', '家庭用户交叉销售', 600000368102, 100943, '家庭用户', '人工外呼', 'approved', 670, 0.74, NOW(), NOW()),
(450059, '您好！为您推荐59元全家享套餐！需要了解详情吗？', '套餐升级', 600000373697, 100939, '中等价值用户', '人工外呼', 'approved', 700, 0.58, NOW(), NOW()),
(450060, '您好！检测到您流量使用较少，推荐20G国内流量！需要开通吗？', '低流量用户激活', 600000314751, 100947, '低流量用户', '人工外呼', 'approved', 1150, 0.50, NOW(), NOW()),

-- 10000号话术（简洁、专业）
(450061, '【10000号】集团客户专享：全家享套餐90元优惠活动！不收费用，办理立即生效，合约25个月。详情请咨询或前往营业厅。', '集团客户激活', 600000324761, 100803, '集团客户', '10000号', 'approved', 500, 0.38, NOW(), NOW()),
(450062, '【10000号】为您推荐129元全家享套餐，原价299元现在129元！月省170元，需要为您转接专员详细介绍吗？', '套餐升级', 600000373700, 100816, '中高价值用户', '10000号', 'approved', 800, 0.61, NOW(), NOW()),
(450063, '【10000号】高价值家庭专享：全家享套餐70元优惠！月省70元，包含更多家庭权益，需要了解详情吗？', '高价值家庭交叉销售', 600000368114, 100832, '高价值家庭', '10000号', 'approved', 500, 0.74, NOW(), NOW()),
(450064, '【10000号】集团客户专享：全家享套餐90元优惠！办理立即生效。需要为您转接客户经理吗？', '集团客户激活', 600000324761, 100843, '集团客户', '10000号', 'approved', 510, 0.39, NOW(), NOW()),
(450065, '【10000号】129元全家享套餐优惠！原价299元，需要为您转接专员吗？', '套餐升级', 600000373700, 100856, '中高价值用户', '10000号', 'approved', 810, 0.62, NOW(), NOW()),
(450066, '【10000号】全家享套餐70元优惠！高价值家庭专享，需要了解详情吗？', '高价值家庭交叉销售', 600000368114, 100872, '高价值家庭', '10000号', 'approved', 510, 0.75, NOW(), NOW()),
(450067, '【10000号】集团客户专享：全家享套餐90元优惠！需要为您转接吗？', '集团客户激活', 600000324761, 100883, '集团客户', '10000号', 'approved', 520, 0.40, NOW(), NOW()),
(450068, '【10000号】129元全家享套餐！原价299元，需要转接专员吗？', '套餐升级', 600000373700, 100896, '中高价值用户', '10000号', 'approved', 820, 0.63, NOW(), NOW()),
(450069, '【10000号】全家享套餐70元优惠！需要了解详情吗？', '高价值家庭交叉销售', 600000368114, 100912, '高价值家庭', '10000号', 'approved', 520, 0.76, NOW(), NOW()),
(450070, '【10000号】集团客户专享：全家享套餐90元优惠！需要转接吗？', '集团客户激活', 600000324761, 100923, '集团客户', '10000号', 'approved', 530, 0.41, NOW(), NOW()),
(450071, '【10000号】129元全家享套餐优惠！需要转接专员吗？', '套餐升级', 600000373700, 100936, '中高价值用户', '10000号', 'approved', 830, 0.64, NOW(), NOW()),
(450072, '【10000号】全家享套餐70元优惠！需要了解详情吗？', '高价值家庭交叉销售', 600000368114, 100952, '高价值家庭', '10000号', 'approved', 530, 0.77, NOW(), NOW()),

-- APP推送话术（简洁、有吸引力）
(450073, '【本溪关爱流量】50元享100G专属流量！超大流量满足您的日常需求，立即通过APP办理享受优惠！', '区域流量升级', 600000385378, 100804, '本溪用户', 'APP推送', 'approved', 740, 0.59, NOW(), NOW()),
(450074, '【铁岭流量组合包】5元享15GB流量！2GB全国+13GB铁岭本地，APP一键办理>>', '区域用户升级', 600000393629, 100811, '铁岭用户', 'APP推送', 'approved', 640, 0.48, NOW(), NOW()),
(450075, '【流量优惠】30元流量优享包现在扩容20G辽宁流量！总流量45G超值享受，APP一键办理>>', '流量包升级', 600000356284, 100825, '中等流量用户', 'APP推送', 'approved', 970, 0.52, NOW(), NOW()),
(450076, '【辽阳增量优惠】加10元享50G辽宁流量！原套餐不变，流量翻倍，APP立即办理>>', '辽阳用户升级', 600000401792, 100838, '辽阳用户', 'APP推送', 'approved', 540, 0.52, NOW(), NOW()),
(450077, '【抖音流量专享】30G抖音定向流量免费送！立即生效，12个月有效，刷抖音不耗套餐流量！点击APP立即领取>>', '视频用户定向流量', 600000305882, 100821, '重点客户', 'APP推送', 'approved', 870, 0.61, NOW(), NOW()),
(450078, '【本溪关爱流量】50元100G专属流量！超大流量，APP办理>>', '区域流量升级', 600000385378, 100844, '本溪用户', 'APP推送', 'approved', 750, 0.60, NOW(), NOW()),
(450079, '【铁岭流量包】5元15GB！2GB全国+13GB铁岭，APP办理>>', '区域用户升级', 600000393629, 100851, '铁岭用户', 'APP推送', 'approved', 650, 0.49, NOW(), NOW()),
(450080, '【流量优享包】30元扩容20G！总流量45G，APP办理>>', '流量包升级', 600000356284, 100865, '中等流量用户', 'APP推送', 'approved', 980, 0.53, NOW(), NOW()),
(450081, '【辽阳增量】加10元50G辽宁流量！APP办理>>', '辽阳用户升级', 600000401792, 100878, '辽阳用户', 'APP推送', 'approved', 550, 0.53, NOW(), NOW()),
(450082, '【抖音流量】30G定向流量免费！刷抖音不耗流量，APP领取>>', '视频用户定向流量', 600000305882, 100861, '重点客户', 'APP推送', 'approved', 880, 0.62, NOW(), NOW()),
(450083, '【本溪流量】50元100G专属！超大流量，APP办理>>', '区域流量升级', 600000385378, 100884, '本溪用户', 'APP推送', 'approved', 760, 0.61, NOW(), NOW()),
(450084, '【铁岭流量】5元15GB！全国+本地，APP办理>>', '区域用户升级', 600000393629, 100891, '铁岭用户', 'APP推送', 'approved', 660, 0.50, NOW(), NOW()),
(450085, '【流量包】30元扩容20G！总流量45G，APP办理>>', '流量包升级', 600000356284, 100905, '中等流量用户', 'APP推送', 'approved', 990, 0.54, NOW(), NOW()),
(450086, '【辽阳流量】加10元50G！APP办理>>', '辽阳用户升级', 600000401792, 100918, '辽阳用户', 'APP推送', 'approved', 560, 0.54, NOW(), NOW()),
(450087, '【抖音流量】30G免费！定向免流，APP领取>>', '视频用户定向流量', 600000305882, 100901, '重点客户', 'APP推送', 'approved', 890, 0.63, NOW(), NOW()),
(450088, '【本溪专属】50元100G流量！APP办理>>', '区域流量升级', 600000385378, 100924, '本溪用户', 'APP推送', 'approved', 770, 0.62, NOW(), NOW()),
(450089, '【铁岭组合】5元15GB！APP办理>>', '区域用户升级', 600000393629, 100931, '铁岭用户', 'APP推送', 'approved', 670, 0.51, NOW(), NOW()),
(450090, '【流量优惠】30元扩容20G！APP办理>>', '流量包升级', 600000356284, 100945, '中等流量用户', 'APP推送', 'approved', 1000, 0.55, NOW(), NOW()),

-- 公众号话术（互动性强）
(450091, '【重点客户福利】20G国内通用流量免费送！连续12个月，立即生效。关注公众号回复"领流量"即可领取！', '重点客户激活', 600000317774, 100807, '重点客户', '公众号', 'approved', 840, 0.56, NOW(), NOW()),
(450092, '【视频会员福利】20G定向流量免费送！爱奇艺、优酷、腾讯视频、抖音、快手全免流！关注公众号回复"领流量"立即领取>>', '视频用户激活', 600000389316, 100828, '视频用户', '公众号', 'approved', 1420, 0.62, NOW(), NOW()),
(450093, '【重点客户福利】20G国内流量免费送！12个月有效。回复"领流量"领取>>', '重点客户激活', 600000317774, 100847, '重点客户', '公众号', 'approved', 850, 0.57, NOW(), NOW()),
(450094, '【视频福利】20G定向流量免费！爱奇艺、优酷、腾讯、抖音、快手全免流！回复"领流量"领取>>', '视频用户激活', 600000389316, 100868, '视频用户', '公众号', 'approved', 1430, 0.63, NOW(), NOW()),
(450095, '【重点客户】20G国内流量免费！12个月有效。回复"领流量">>', '重点客户激活', 600000317774, 100887, '重点客户', '公众号', 'approved', 860, 0.58, NOW(), NOW()),
(450096, '【视频流量】20G定向免费！全平台免流！回复"领流量">>', '视频用户激活', 600000389316, 100908, '视频用户', '公众号', 'approved', 1440, 0.64, NOW(), NOW()),
(450097, '【重点福利】20G流量免费！12个月。回复"领流量">>', '重点客户激活', 600000317774, 100927, '重点客户', '公众号', 'approved', 870, 0.59, NOW(), NOW()),
(450098, '【视频免流】20G定向流量！回复"领流量">>', '视频用户激活', 600000389316, 100948, '视频用户', '公众号', 'approved', 1450, 0.65, NOW(), NOW()),

-- 小程序话术（简洁、操作导向）
(450099, '【景区流量特惠】30GB景区专属流量免费送！旅游出行无忧，通过小程序一键领取，有效期24个月！', '旅游用户交叉销售', 600000395578, 100808, '旅游兴趣用户', '小程序', 'approved', 540, 0.50, NOW(), NOW()),
(450100, '【辽阳用户专享】30元享100G辽宁流量！超大流量满足您的日常需求，小程序一键办理>>', '区域用户升级', 600000392209, 100830, '辽阳用户', '小程序', 'approved', 700, 0.62, NOW(), NOW()),
(450101, '【景区流量】30GB专属免费！小程序一键领取>>', '旅游用户交叉销售', 600000395578, 100848, '旅游兴趣用户', '小程序', 'approved', 550, 0.51, NOW(), NOW()),
(450102, '【辽阳流量】30元100G！小程序一键办理>>', '区域用户升级', 600000392209, 100870, '辽阳用户', '小程序', 'approved', 710, 0.63, NOW(), NOW()),
(450103, '【景区专属】30GB流量免费！小程序领取>>', '旅游用户交叉销售', 600000395578, 100888, '旅游兴趣用户', '小程序', 'approved', 560, 0.52, NOW(), NOW()),
(450104, '【辽阳专享】30元100G！小程序办理>>', '区域用户升级', 600000392209, 100910, '辽阳用户', '小程序', 'approved', 720, 0.64, NOW(), NOW()),
(450105, '【景区流量】30GB免费！小程序领取>>', '旅游用户交叉销售', 600000395578, 100928, '旅游兴趣用户', '小程序', 'approved', 570, 0.53, NOW(), NOW()),
(450106, '【辽阳流量】30元100G！小程序办理>>', '区域用户升级', 600000392209, 100950, '辽阳用户', '小程序', 'approved', 730, 0.65, NOW(), NOW()),

-- 网厅话术（详细、有引导）
(450107, '【铁岭用户专享】10GB辽宁流量免费送！次月生效，连续24个月。登录网厅立即领取>>', '区域用户升级', 600000378679, 100810, '铁岭用户', '网厅', 'approved', 800, 0.54, NOW(), NOW()),
(450108, '【超大流量长期包】120GB辽宁流量免费送！36个月超长期有效，网厅立即办理>>', '高流量用户升级', 600000403055, 100815, '高流量用户', '网厅', 'approved', 870, 0.64, NOW(), NOW()),
(450109, '【流量升级提醒】您的50元流量优享包现在额外加享40G辽宁流量！总流量达90G，立即通过网厅办理享受>>', '流量包升级', 600000356286, 100824, '高流量用户', '网厅', 'approved', 800, 0.55, NOW(), NOW()),
(450110, '【辽阳流量特惠】30元享100G辽宁流量！辽阳用户专享，网厅办理立享优惠>>', '辽阳用户升级', 600000401676, 100837, '辽阳用户', '网厅', 'approved', 600, 0.66, NOW(), NOW()),
(450111, '【铁岭流量】10GB辽宁流量免费！24个月有效，网厅领取>>', '区域用户升级', 600000378679, 100850, '铁岭用户', '网厅', 'approved', 810, 0.55, NOW(), NOW()),
(450112, '【超大流量】120GB辽宁流量免费！36个月有效，网厅办理>>', '高流量用户升级', 600000403055, 100855, '高流量用户', '网厅', 'approved', 880, 0.65, NOW(), NOW()),
(450113, '【流量优享包】50元加享40G！总流量90G，网厅办理>>', '流量包升级', 600000356286, 100864, '高流量用户', '网厅', 'approved', 810, 0.56, NOW(), NOW()),
(450114, '【辽阳特惠】30元100G辽宁流量！网厅办理>>', '辽阳用户升级', 600000401676, 100877, '辽阳用户', '网厅', 'approved', 610, 0.67, NOW(), NOW()),
(450115, '【铁岭专享】10GB辽宁流量！网厅领取>>', '区域用户升级', 600000378679, 100890, '铁岭用户', '网厅', 'approved', 820, 0.56, NOW(), NOW()),
(450116, '【长期流量】120GB辽宁流量！36个月，网厅办理>>', '高流量用户升级', 600000403055, 100895, '高流量用户', '网厅', 'approved', 890, 0.66, NOW(), NOW()),
(450117, '【流量包】50元加享40G！网厅办理>>', '流量包升级', 600000356286, 100904, '高流量用户', '网厅', 'approved', 820, 0.57, NOW(), NOW()),
(450118, '【辽阳优惠】30元100G！网厅办理>>', '辽阳用户升级', 600000401676, 100917, '辽阳用户', '网厅', 'approved', 620, 0.68, NOW(), NOW()),
(450119, '【铁岭流量】10GB免费！网厅领取>>', '区域用户升级', 600000378679, 100930, '铁岭用户', '网厅', 'approved', 830, 0.57, NOW(), NOW()),
(450120, '【超大流量包】120GB！36个月，网厅办理>>', '高流量用户升级', 600000403055, 100935, '高流量用户', '网厅', 'approved', 900, 0.67, NOW(), NOW()),

-- 营业厅话术（面对面、详细）
(450121, '【集团客户福利】全家享套餐70元优惠活动开启！每月充值70元连续24个月，合约25个月。欢迎到营业厅咨询办理！', '集团客户激活', 600000324752, 100809, '集团客户', '营业厅', 'approved', 470, 0.44, NOW(), NOW()),
(450122, '【吉祥号码专享】预存7056元话费，12个月每月返588元！营业厅专属办理，详情咨询>>', '高价值用户激活', 600000363107, 100820, '吉祥号码用户', '营业厅', 'approved', 300, 0.29, NOW(), NOW()),
(450123, '【宽带用户专享】参与宽带活动即送720元话费！36个月分期返还，欢迎到营业厅咨询办理！', '宽带用户交叉销售', 600000400162, 100829, '宽带用户', '营业厅', 'approved', 440, 0.44, NOW(), NOW()),
(450124, '【新入网专享】39元飞享套餐存100元享340元！首月返100元，后续每月返20元，营业厅办理>>', '新用户激活', 600000381638, 100839, '新用户', '营业厅', 'approved', 840, 0.71, NOW(), NOW()),
(450125, '【集团客户福利】全家享套餐70元优惠！欢迎到营业厅咨询>>', '集团客户激活', 600000324752, 100849, '集团客户', '营业厅', 'approved', 480, 0.45, NOW(), NOW()),
(450126, '【吉祥号码】预存7056元话费！12个月返还，营业厅办理>>', '高价值用户激活', 600000363107, 100860, '吉祥号码用户', '营业厅', 'approved', 310, 0.30, NOW(), NOW()),
(450127, '【宽带活动】送720元话费！36个月返还，营业厅咨询>>', '宽带用户交叉销售', 600000400162, 100869, '宽带用户', '营业厅', 'approved', 450, 0.45, NOW(), NOW()),
(450128, '【新入网】39元飞享存100享340！营业厅办理>>', '新用户激活', 600000381638, 100879, '新用户', '营业厅', 'approved', 850, 0.72, NOW(), NOW()),
(450129, '【集团客户】全家享套餐70元优惠！营业厅咨询>>', '集团客户激活', 600000324752, 100889, '集团客户', '营业厅', 'approved', 490, 0.46, NOW(), NOW()),
(450130, '【吉祥号码专享】预存7056元！营业厅办理>>', '高价值用户激活', 600000363107, 100900, '吉祥号码用户', '营业厅', 'approved', 320, 0.31, NOW(), NOW()),
(450131, '【宽带用户】送720元话费！营业厅咨询>>', '宽带用户交叉销售', 600000400162, 100909, '宽带用户', '营业厅', 'approved', 460, 0.46, NOW(), NOW()),
(450132, '【新用户】39元飞享存100享340！营业厅办理>>', '新用户激活', 600000381638, 100919, '新用户', '营业厅', 'approved', 860, 0.73, NOW(), NOW()),
(450133, '【集团专享】全家享套餐70元！营业厅咨询>>', '集团客户激活', 600000324752, 100929, '集团客户', '营业厅', 'approved', 500, 0.47, NOW(), NOW()),
(450134, '【吉祥号码】预存7056元话费！营业厅>>', '高价值用户激活', 600000363107, 100940, '吉祥号码用户', '营业厅', 'approved', 330, 0.32, NOW(), NOW()),
(450135, '【宽带活动】720元话费！营业厅>>', '宽带用户交叉销售', 600000400162, 100949, '宽带用户', '营业厅', 'approved', 470, 0.47, NOW(), NOW()),
(450136, '【新入网】39元飞享！营业厅>>', '新用户激活', 600000381638, 100959, '新用户', '营业厅', 'approved', 870, 0.74, NOW(), NOW()),

-- 沙盘话术（企业客户、专业）
(450137, '【集团客户福利】全家享套餐10元优惠活动开启！集团客户专享，沙盘系统已为您配置，联系客户经理办理>>', '集团客户激活', 600000324758, 100833, '集团客户', '沙盘', 'approved', 340, 0.41, NOW(), NOW()),
(450138, '【集团客户专享】全家享套餐30元优惠！适合2人以上家庭，沙盘系统已配置，联系您的客户经理>>', '集团客户激活', 600000324746, 100834, '集团客户', '沙盘', 'approved', 300, 0.45, NOW(), NOW()),
(450139, '【集团客户福利】全家享套餐40元优惠活动！ARPU>120客户专享，沙盘系统已为您准备>>', '集团客户激活', 600000324743, 100835, '集团客户', '沙盘', 'approved', 270, 0.49, NOW(), NOW()),
(450140, '【高价值集团专享】全家享套餐70元优惠！沙盘系统已配置最高优惠，联系客户经理立即办理>>', '高价值集团激活', 600000324752, 100836, '高价值集团', '沙盘', 'approved', 240, 0.57, NOW(), NOW()),
(450141, '【川达集团专享】39元享129元套餐资源！包含180G流量+300分钟通话，沙盘系统已配置>>', '集团客户激活', 600000397003, 100818, '川达集团用户', '沙盘', 'approved', 400, 0.51, NOW(), NOW()),
(450142, '【企业宽带升级】300M企业宽带专属合约开启！联系客户经理了解详情，沙盘系统已为您配置>>', '企业客户交叉销售', 600000351020, 100814, '企业客户', '沙盘', 'approved', 340, 0.34, NOW(), NOW()),
(450143, '【集团客户福利】全家享套餐10元优惠！沙盘系统已配置>>', '集团客户激活', 600000324758, 100873, '集团客户', '沙盘', 'approved', 350, 0.42, NOW(), NOW()),
(450144, '【集团专享】全家享套餐30元优惠！沙盘配置>>', '集团客户激活', 600000324746, 100874, '集团客户', '沙盘', 'approved', 310, 0.46, NOW(), NOW()),
(450145, '【集团福利】全家享套餐40元优惠！沙盘准备>>', '集团客户激活', 600000324743, 100875, '集团客户', '沙盘', 'approved', 280, 0.50, NOW(), NOW()),
(450146, '【高价值集团】全家享套餐70元优惠！沙盘配置>>', '高价值集团激活', 600000324752, 100876, '高价值集团', '沙盘', 'approved', 250, 0.58, NOW(), NOW()),
(450147, '【川达集团】39元享129元套餐！沙盘配置>>', '集团客户激活', 600000397003, 100858, '川达集团用户', '沙盘', 'approved', 410, 0.52, NOW(), NOW()),
(450148, '【企业宽带】300M专属合约！沙盘配置>>', '企业客户交叉销售', 600000351020, 100854, '企业客户', '沙盘', 'approved', 350, 0.35, NOW(), NOW()),
(450149, '【集团客户】全家享套餐10元优惠！沙盘>>', '集团客户激活', 600000324758, 100913, '集团客户', '沙盘', 'approved', 360, 0.43, NOW(), NOW()),
(450150, '【集团专享】全家享套餐30元！沙盘>>', '集团客户激活', 600000324746, 100914, '集团客户', '沙盘', 'approved', 320, 0.47, NOW(), NOW()),
(450151, '【集团福利】全家享套餐40元！沙盘>>', '集团客户激活', 600000324743, 100915, '集团客户', '沙盘', 'approved', 290, 0.51, NOW(), NOW()),
(450152, '【高价值集团】全家享套餐70元！沙盘>>', '高价值集团激活', 600000324752, 100916, '高价值集团', '沙盘', 'approved', 260, 0.59, NOW(), NOW()),
(450153, '【川达集团专享】39元套餐！沙盘>>', '集团客户激活', 600000397003, 100898, '川达集团用户', '沙盘', 'approved', 420, 0.53, NOW(), NOW()),
(450154, '【企业宽带】300M合约！沙盘>>', '企业客户交叉销售', 600000351020, 100894, '企业客户', '沙盘', 'approved', 360, 0.36, NOW(), NOW()),
(450155, '【集团客户】全家享10元优惠！沙盘>>', '集团客户激活', 600000324758, 100953, '集团客户', '沙盘', 'approved', 370, 0.44, NOW(), NOW()),
(450156, '【集团专享】全家享30元！沙盘>>', '集团客户激活', 600000324746, 100954, '集团客户', '沙盘', 'approved', 330, 0.48, NOW(), NOW()),
(450157, '【集团福利】全家享40元！沙盘>>', '集团客户激活', 600000324743, 100955, '集团客户', '沙盘', 'approved', 300, 0.52, NOW(), NOW()),
(450158, '【高价值集团】全家享70元！沙盘>>', '高价值集团激活', 600000324752, 100956, '高价值集团', '沙盘', 'approved', 270, 0.60, NOW(), NOW()),
(450159, '【川达集团】39元套餐资源！沙盘>>', '集团客户激活', 600000397003, 100938, '川达集团用户', '沙盘', 'approved', 430, 0.54, NOW(), NOW()),
(450160, '【企业宽带】300M专属！沙盘>>', '企业客户交叉销售', 600000351020, 100934, '企业客户', '沙盘', 'approved', 370, 0.37, NOW(), NOW()),

-- 电子外呼话术（自动语音、简洁）
(450161, '您好！检测到您本月语音使用较多，为您推荐300分钟国内语音包，0元/月，连续12个月！需要为您开通吗？', '语音用户挽留', 600000317773, 100806, '语音重度用户', '电子外呼', 'approved', 600, 0.47, NOW(), NOW()),
(450162, '您好！检测到您本月流量使用较少，为您推荐20G国内流量免费送！12个月有效，需要为您开通吗？', '低流量用户激活', 600000314751, 100827, '低流量用户', '电子外呼', 'approved', 1120, 0.47, NOW(), NOW()),
(450163, '您好！检测到您语音使用较多，推荐300分钟国内语音包0元/月！12个月有效，需要开通吗？', '语音用户挽留', 600000317773, 100846, '语音重度用户', '电子外呼', 'approved', 610, 0.48, NOW(), NOW()),
(450164, '您好！检测到您流量使用较少，推荐20G国内流量免费送！需要开通吗？', '低流量用户激活', 600000314751, 100867, '低流量用户', '电子外呼', 'approved', 1130, 0.48, NOW(), NOW()),
(450165, '您好！检测到您语音使用较多，推荐300分钟语音包0元/月！需要开通吗？', '语音用户挽留', 600000317773, 100886, '语音重度用户', '电子外呼', 'approved', 620, 0.49, NOW(), NOW()),
(450166, '您好！检测到您流量使用较少，推荐20G流量免费送！需要开通吗？', '低流量用户激活', 600000314751, 100907, '低流量用户', '电子外呼', 'approved', 1140, 0.49, NOW(), NOW()),
(450167, '您好！检测到您语音使用较多，推荐300分钟语音包！需要开通吗？', '语音用户挽留', 600000317773, 100926, '语音重度用户', '电子外呼', 'approved', 630, 0.50, NOW(), NOW()),
(450168, '您好！检测到您流量使用较少，推荐20G流量！需要开通吗？', '低流量用户激活', 600000314751, 100947, '低流量用户', '电子外呼', 'approved', 1150, 0.50, NOW(), NOW()),

-- 校园推广话术（针对学生）
(450169, '【校园迎新福利】200分钟国内通话免费送！辽阳高校新生专享，48个月长期有效！', '学生用户激活', 600000326002, 100840, '学生用户', '校园推广', 'approved', 1520, 0.79, NOW(), NOW()),
(450170, '【校园迎新】200分钟通话免费！辽阳高校新生专享，48个月有效！', '学生用户激活', 600000326002, 100880, '学生用户', '校园推广', 'approved', 1530, 0.80, NOW(), NOW()),
(450171, '【校园福利】200分钟通话免费！48个月长期有效！', '学生用户激活', 600000326002, 100920, '学生用户', '校园推广', 'approved', 1540, 0.81, NOW(), NOW()),
(450172, '【校园专享】200分钟通话！48个月有效！', '学生用户激活', 600000326002, 100960, '学生用户', '校园推广', 'approved', 1550, 0.82, NOW(), NOW()),
(450173, '【重点客户专享】300分钟国内语音免费送！12个月有效，电子外呼确认办理>>', '语音用户挽留', 600000317773, 100806, '重点客户', '电子外呼', 'approved', 600, 0.47, NOW(), NOW()),
(450174, '【流量提醒】您的20G国内流量已准备就绪！12个月有效，电子外呼确认>>', '低流量用户激活', 600000314751, 100827, '低流量用户', '电子外呼', 'approved', 1120, 0.47, NOW(), NOW()),
(450175, '【语音优惠】300分钟国内通话0元/月！12个月，电子外呼>>', '语音用户挽留', 600000317773, 100846, '语音重度用户', '电子外呼', 'approved', 610, 0.48, NOW(), NOW()),
(450176, '【流量福利】20G国内流量免费！12个月，电子外呼>>', '低流量用户激活', 600000314751, 100867, '低流量用户', '电子外呼', 'approved', 1130, 0.48, NOW(), NOW()),
(450177, '【语音包】300分钟0元/月！电子外呼>>', '语音用户挽留', 600000317773, 100886, '语音重度用户', '电子外呼', 'approved', 620, 0.49, NOW(), NOW()),
(450178, '【流量包】20G免费！电子外呼>>', '低流量用户激活', 600000314751, 100907, '低流量用户', '电子外呼', 'approved', 1140, 0.49, NOW(), NOW()),
(450179, '【语音优惠】300分钟！电子外呼>>', '语音用户挽留', 600000317773, 100926, '语音重度用户', '电子外呼', 'approved', 630, 0.50, NOW(), NOW()),
(450180, '【流量福利】20G！电子外呼>>', '低流量用户激活', 600000314751, 100947, '低流量用户', '电子外呼', 'approved', 1150, 0.50, NOW(), NOW()),
(450181, '【本钢专属】50GB区域流量0元！短信回复Y办理>>', '区域流量挽留', 600000388603, 100801, '本钢厂区用户', '短信', 'approved', 870, 0.51, NOW(), NOW()),
(450182, '【全家享优惠】239套餐69元/月！人工外呼详细介绍>>', '高价值客户交叉销售', 600000390880, 100802, '高ARPU用户', '人工外呼', 'approved', 640, 0.74, NOW(), NOW()),
(450183, '【集团专享】全家享套餐90元优惠！10000号咨询>>', '集团客户激活', 600000324761, 100803, '集团客户', '10000号', 'approved', 500, 0.38, NOW(), NOW()),
(450184, '【本溪流量】50元100G专属！APP推送办理>>', '区域流量升级', 600000385378, 100804, '本溪用户', 'APP推送', 'approved', 740, 0.59, NOW(), NOW()),
(450185, '【重点客户】150GB辽宁流量3元/月！短信办理>>', '重点客户挽留', 600000402690, 100805, 'VIP客户', '短信', 'approved', 970, 0.65, NOW(), NOW()),
(450186, '【语音包】300分钟0元/月！电子外呼>>', '语音用户挽留', 600000317773, 100806, '语音重度用户', '电子外呼', 'approved', 600, 0.47, NOW(), NOW()),
(450187, '【重点流量】20G国内通用！公众号回复"领流量">>', '重点客户激活', 600000317774, 100807, '重点客户', '公众号', 'approved', 840, 0.56, NOW(), NOW()),
(450188, '【景区流量】30GB专属免费！小程序领取>>', '旅游用户交叉销售', 600000395578, 100808, '旅游兴趣用户', '小程序', 'approved', 540, 0.50, NOW(), NOW()),
(450189, '【集团套餐】全家享70元优惠！营业厅咨询>>', '集团客户激活', 600000324752, 100809, '集团客户', '营业厅', 'approved', 470, 0.44, NOW(), NOW()),
(450190, '【铁岭流量】10GB辽宁免费！网厅领取>>', '区域用户升级', 600000378679, 100810, '铁岭用户', '网厅', 'approved', 800, 0.54, NOW(), NOW()),
(450191, '【铁岭组合】5元15GB流量！APP办理>>', '区域用户升级', 600000393629, 100811, '铁岭用户', 'APP推送', 'approved', 640, 0.48, NOW(), NOW()),
(450192, '【铁岭语音】100分钟免费！短信回复Y>>', '区域用户激活', 600000378653, 100812, '铁岭用户', '短信', 'approved', 600, 0.42, NOW(), NOW()),
(450193, '【语音包】500分钟0元/月！人工外呼>>', '语音用户激活', 600000384492, 100813, '语音重度用户', '人工外呼', 'approved', 740, 0.58, NOW(), NOW()),
(450194, '【企业宽带】300M专属合约！沙盘配置>>', '企业客户交叉销售', 600000351020, 100814, '企业客户', '沙盘', 'approved', 340, 0.34, NOW(), NOW()),
(450195, '【超大流量】120GB辽宁36个月！网厅办理>>', '高流量用户升级', 600000403055, 100815, '高流量用户', '网厅', 'approved', 870, 0.64, NOW(), NOW()),
(450196, '【全家享】129元套餐优惠！10000号咨询>>', '套餐升级', 600000373700, 100816, '中高价值用户', '10000号', 'approved', 800, 0.61, NOW(), NOW()),
(450197, '【葫芦岛】5元80分钟本地！短信回复Y>>', '区域用户激活', 600000369249, 100817, '葫芦岛用户', '短信', 'approved', 540, 0.45, NOW(), NOW()),
(450198, '【川达集团】39元套餐资源！沙盘配置>>', '集团客户激活', 600000397003, 100818, '川达集团用户', '沙盘', 'approved', 400, 0.51, NOW(), NOW()),
(450199, '【全家享】59元套餐优惠！人工外呼>>', '套餐升级', 600000373697, 100819, '中等价值用户', '人工外呼', 'approved', 670, 0.55, NOW(), NOW()),
(450200, '【吉祥号码】预存7056元话费！营业厅办理>>', '高价值用户激活', 600000363107, 100820, '吉祥号码用户', '营业厅', 'approved', 300, 0.29, NOW(), NOW())
  ON CONFLICT DO NOTHING;

 INSERT INTO execution_plans (id, strategy_id, audience_segment, channel, wave_count, wave_interval_hours, send_time_preference, actual_conversion_rate, actual_roi, usage_count, created_at) VALUES
-- 短信渠道执行计划（多波次、间隔短）
(450001, 100801, '本钢厂区高流失风险用户，ARPU>60', '短信', 3, 24, '上午10:00-11:30', 0.31, 2.05, 1390, NOW()),
(450002, 100805, 'VIP客户，流量使用>99%', '短信', 2, 48, '下午14:00-16:00', 0.41, 2.65, 1210, NOW()),
(450003, 100826, '高价值客户，流失风险高', '短信', 3, 24, '晚间19:00-21:00', 0.44, 2.85, 960, NOW()),
(450004, 100822, '新入网用户，辽宁地区', '短信', 1, 0, '入网后24小时内', 0.41, 2.55, 1620, NOW()),
(450005, 100812, '铁岭地区用户，语音使用低', '短信', 2, 48, '上午10:00-11:30', 0.25, 1.75, 760, NOW()),
(450006, 100817, '葫芦岛地区用户，本地通话需求', '短信', 2, 48, '下午14:00-16:00', 0.27, 1.85, 790, NOW()),
(450007, 100821, '视频用户，抖音使用频繁', '短信', 2, 24, '晚间19:00-21:00', 0.36, 2.35, 1290, NOW()),
(450008, 100840, '辽阳高校新生', '短信', 1, 0, '开学季集中发送', 0.47, 3.15, 1920, NOW()),
(450009, 100830, '高流量用户，流量使用>99%', '短信', 2, 48, '流量超套提醒后', 0.35, 2.55, 1160, NOW()),
(450010, 100819, '中等价值用户，ARPU>70', '短信', 2, 48, '上午10:00-11:30', 0.32, 2.15, 860, NOW()),
(450011, 100841, '本钢厂区高流失风险用户，ARPU>62', '短信', 3, 24, '上午10:00-11:30', 0.32, 2.10, 1410, NOW()),
(450012, 100845, 'VIP客户，流量使用>100%', '短信', 2, 48, '下午14:00-16:00', 0.42, 2.70, 1230, NOW()),
(450013, 100866, '高价值客户，流失风险高', '短信', 3, 24, '晚间19:00-21:00', 0.45, 2.90, 980, NOW()),
(450014, 100862, '新入网用户，辽宁地区', '短信', 1, 0, '入网后24小时内', 0.42, 2.60, 1640, NOW()),
(450015, 100852, '铁岭地区用户，语音使用低', '短信', 2, 48, '上午10:00-11:30', 0.26, 1.80, 780, NOW()),
(450016, 100857, '葫芦岛地区用户，本地通话需求', '短信', 2, 48, '下午14:00-16:00', 0.28, 1.90, 810, NOW()),
(450017, 100861, '视频用户，抖音使用频繁', '短信', 2, 24, '晚间19:00-21:00', 0.37, 2.40, 1310, NOW()),
(450018, 100880, '辽阳高校新生', '短信', 1, 0, '开学季集中发送', 0.48, 3.20, 1940, NOW()),
(450019, 100870, '高流量用户，流量使用>100%', '短信', 2, 48, '流量超套提醒后', 0.36, 2.60, 1180, NOW()),
(450020, 100859, '中等价值用户，ARPU>72', '短信', 2, 48, '上午10:00-11:30', 0.33, 2.20, 880, NOW()),
(450021, 100881, '本钢厂区高流失风险用户，ARPU>64', '短信', 3, 24, '上午10:00-11:30', 0.33, 2.15, 1430, NOW()),
(450022, 100885, 'VIP客户，流量使用>101%', '短信', 2, 48, '下午14:00-16:00', 0.43, 2.75, 1250, NOW()),
(450023, 100906, '高价值客户，流失风险高', '短信', 3, 24, '晚间19:00-21:00', 0.46, 2.95, 1000, NOW()),
(450024, 100902, '新入网用户，辽宁地区', '短信', 1, 0, '入网后24小时内', 0.43, 2.65, 1660, NOW()),
(450025, 100892, '铁岭地区用户，语音使用低', '短信', 2, 48, '上午10:00-11:30', 0.27, 1.85, 800, NOW()),
(450026, 100897, '葫芦岛地区用户，本地通话需求', '短信', 2, 48, '下午14:00-16:00', 0.29, 1.95, 830, NOW()),
(450027, 100901, '视频用户，抖音使用频繁', '短信', 2, 24, '晚间19:00-21:00', 0.38, 2.45, 1330, NOW()),
(450028, 100920, '辽阳高校新生', '短信', 1, 0, '开学季集中发送', 0.49, 3.25, 1960, NOW()),
(450029, 100910, '高流量用户，流量使用>101%', '短信', 2, 48, '流量超套提醒后', 0.37, 2.65, 1200, NOW()),
(450030, 100899, '中等价值用户，ARPU>74', '短信', 2, 48, '上午10:00-11:30', 0.34, 2.25, 900, NOW()),
(450031, 100921, '本钢厂区高流失风险用户，ARPU>66', '短信', 3, 24, '上午10:00-11:30', 0.34, 2.20, 1450, NOW()),
(450032, 100925, 'VIP客户，流量使用>102%', '短信', 2, 48, '下午14:00-16:00', 0.44, 2.80, 1270, NOW()),
(450033, 100946, '高价值客户，流失风险高', '短信', 3, 24, '晚间19:00-21:00', 0.47, 3.00, 1020, NOW()),
(450034, 100942, '新入网用户，辽宁地区', '短信', 1, 0, '入网后24小时内', 0.44, 2.70, 1680, NOW()),
(450035, 100932, '铁岭地区用户，语音使用低', '短信', 2, 48, '上午10:00-11:30', 0.28, 1.90, 820, NOW()),
(450036, 100937, '葫芦岛地区用户，本地通话需求', '短信', 2, 48, '下午14:00-16:00', 0.30, 2.00, 850, NOW()),
(450037, 100941, '视频用户，抖音使用频繁', '短信', 2, 24, '晚间19:00-21:00', 0.39, 2.50, 1350, NOW()),
(450038, 100950, '辽阳高校新生', '短信', 1, 0, '开学季集中发送', 0.50, 3.30, 1980, NOW()),
(450039, 100950, '高流量用户，流量使用>102%', '短信', 2, 48, '流量超套提醒后', 0.38, 2.70, 1220, NOW()),
(450040, 100939, '中等价值用户，ARPU>76', '短信', 2, 48, '上午10:00-11:30', 0.35, 2.30, 920, NOW()),

-- 人工外呼执行计划（单波次、精准时段）
(450041, 100802, '高ARPU用户，ARPU>230，家庭规模>=3', '人工外呼', 1, 0, '工作日上午9:30-11:30', 0.38, 2.55, 950, NOW()),
(450042, 100813, '语音重度用户，ARPU>60', '人工外呼', 1, 0, '工作日下午14:00-17:00', 0.33, 2.25, 930, NOW()),
(450043, 100823, '家庭用户，家庭规模>=3，ARPU>165', '人工外呼', 1, 0, '工作日晚间19:00-21:00', 0.38, 2.65, 1090, NOW()),
(450044, 100819, '中等价值用户，ARPU>70', '人工外呼', 1, 0, '工作日上午9:30-11:30', 0.32, 2.15, 860, NOW()),
(450045, 100827, '低流量用户，流量使用<40%', '人工外呼', 1, 0, '工作日下午14:00-17:00', 0.28, 1.85, 1520, NOW()),
(450046, 100842, '高ARPU用户，ARPU>235，家庭规模>=3', '人工外呼', 1, 0, '工作日上午9:30-11:30', 0.39, 2.60, 970, NOW()),
(450047, 100853, '语音重度用户，ARPU>61', '人工外呼', 1, 0, '工作日下午14:00-17:00', 0.34, 2.30, 950, NOW()),
(450048, 100863, '家庭用户，家庭规模>=3，ARPU>168', '人工外呼', 1, 0, '工作日晚间19:00-21:00', 0.39, 2.70, 1110, NOW()),
(450049, 100859, '中等价值用户，ARPU>72', '人工外呼', 1, 0, '工作日上午9:30-11:30', 0.33, 2.20, 880, NOW()),
(450050, 100867, '低流量用户，流量使用<42%', '人工外呼', 1, 0, '工作日下午14:00-17:00', 0.29, 1.90, 1540, NOW()),
(450051, 100882, '高ARPU用户，ARPU>240，家庭规模>=3', '人工外呼', 1, 0, '工作日上午9:30-11:30', 0.40, 2.65, 990, NOW()),
(450052, 100893, '语音重度用户，ARPU>62', '人工外呼', 1, 0, '工作日下午14:00-17:00', 0.35, 2.35, 970, NOW()),
(450053, 100903, '家庭用户，家庭规模>=3，ARPU>170', '人工外呼', 1, 0, '工作日晚间19:00-21:00', 0.40, 2.75, 1130, NOW()),
(450054, 100899, '中等价值用户，ARPU>74', '人工外呼', 1, 0, '工作日上午9:30-11:30', 0.34, 2.25, 900, NOW()),
(450055, 100907, '低流量用户，流量使用<44%', '人工外呼', 1, 0, '工作日下午14:00-17:00', 0.30, 1.95, 1560, NOW()),
(450056, 100922, '高ARPU用户，ARPU>245，家庭规模>=3', '人工外呼', 1, 0, '工作日上午9:30-11:30', 0.41, 2.70, 1010, NOW()),
(450057, 100933, '语音重度用户，ARPU>63', '人工外呼', 1, 0, '工作日下午14:00-17:00', 0.36, 2.40, 990, NOW()),
(450058, 100943, '家庭用户，家庭规模>=3，ARPU>172', '人工外呼', 1, 0, '工作日晚间19:00-21:00', 0.41, 2.80, 1150, NOW()),
(450059, 100939, '中等价值用户，ARPU>76', '人工外呼', 1, 0, '工作日上午9:30-11:30', 0.35, 2.30, 920, NOW()),
(450060, 100947, '低流量用户，流量使用<46%', '人工外呼', 1, 0, '工作日下午14:00-17:00', 0.31, 2.00, 1580, NOW()),

-- 10000号执行计划（单波次、专业咨询）
(450061, 100803, '集团客户，企业用户', '10000号', 1, 0, '工作日全天', 0.21, 1.65, 690, NOW()),
(450062, 100816, '中高价值用户，ARPU>90', '10000号', 1, 0, '工作日全天', 0.35, 2.35, 990, NOW()),
(450063, 100832, '高价值家庭，家庭规模>=3，ARPU>195', '10000号', 1, 0, '工作日全天', 0.39, 2.75, 860, NOW()),
(450064, 100843, '集团客户，企业用户', '10000号', 1, 0, '工作日全天', 0.22, 1.70, 710, NOW()),
(450065, 100856, '中高价值用户，ARPU>92', '10000号', 1, 0, '工作日全天', 0.36, 2.40, 1010, NOW()),
(450066, 100872, '高价值家庭，家庭规模>=3，ARPU>198', '10000号', 1, 0, '工作日全天', 0.40, 2.80, 880, NOW()),
(450067, 100883, '集团客户，企业用户', '10000号', 1, 0, '工作日全天', 0.23, 1.75, 730, NOW()),
(450068, 100896, '中高价值用户，ARPU>94', '10000号', 1, 0, '工作日全天', 0.37, 2.45, 1030, NOW()),
(450069, 100912, '高价值家庭，家庭规模>=3，ARPU>200', '10000号', 1, 0, '工作日全天', 0.41, 2.85, 900, NOW()),
(450070, 100923, '集团客户，企业用户', '10000号', 1, 0, '工作日全天', 0.24, 1.80, 750, NOW()),
(450071, 100936, '中高价值用户，ARPU>96', '10000号', 1, 0, '工作日全天', 0.38, 2.50, 1050, NOW()),
(450072, 100952, '高价值家庭，家庭规模>=3，ARPU>202', '10000号', 1, 0, '工作日全天', 0.42, 2.90, 920, NOW()),

-- APP推送执行计划（多波次、智能推送）
(450073, 100804, '本溪地区用户，流量使用>90%', 'APP推送', 3, 12, '用户活跃时段', 0.34, 2.25, 1080, NOW()),
(450074, 100811, '铁岭地区用户，当前套餐基础', 'APP推送', 2, 24, '用户活跃时段', 0.29, 1.95, 820, NOW()),
(450075, 100825, '中等流量用户，流量使用>70%', 'APP推送', 2, 24, '用户活跃时段', 0.30, 2.05, 1390, NOW()),
(450076, 100838, '辽阳地区用户，原套餐基础', 'APP推送', 2, 24, '用户活跃时段', 0.31, 2.05, 960, NOW()),
(450077, 100821, '视频用户，抖音使用频繁', 'APP推送', 3, 12, '晚间活跃时段', 0.36, 2.35, 1290, NOW()),
(450078, 100844, '本溪地区用户，流量使用>91%', 'APP推送', 3, 12, '用户活跃时段', 0.35, 2.30, 1100, NOW()),
(450079, 100851, '铁岭地区用户，当前套餐基础', 'APP推送', 2, 24, '用户活跃时段', 0.30, 2.00, 840, NOW()),
(450080, 100865, '中等流量用户，流量使用>72%', 'APP推送', 2, 24, '用户活跃时段', 0.31, 2.10, 1410, NOW()),
(450081, 100878, '辽阳地区用户，原套餐基础', 'APP推送', 2, 24, '用户活跃时段', 0.32, 2.10, 980, NOW()),
(450082, 100861, '视频用户，抖音使用频繁', 'APP推送', 3, 12, '晚间活跃时段', 0.37, 2.40, 1310, NOW()),
(450083, 100884, '本溪地区用户，流量使用>92%', 'APP推送', 3, 12, '用户活跃时段', 0.36, 2.35, 1120, NOW()),
(450084, 100891, '铁岭地区用户，当前套餐基础', 'APP推送', 2, 24, '用户活跃时段', 0.31, 2.05, 860, NOW()),
(450085, 100905, '中等流量用户，流量使用>74%', 'APP推送', 2, 24, '用户活跃时段', 0.32, 2.15, 1430, NOW()),
(450086, 100918, '辽阳地区用户，原套餐基础', 'APP推送', 2, 24, '用户活跃时段', 0.33, 2.15, 1000, NOW()),
(450087, 100901, '视频用户，抖音使用频繁', 'APP推送', 3, 12, '晚间活跃时段', 0.38, 2.45, 1330, NOW()),
(450088, 100924, '本溪地区用户，流量使用>93%', 'APP推送', 3, 12, '用户活跃时段', 0.37, 2.40, 1140, NOW()),
(450089, 100931, '铁岭地区用户，当前套餐基础', 'APP推送', 2, 24, '用户活跃时段', 0.32, 2.10, 880, NOW()),
(450090, 100945, '中等流量用户，流量使用>76%', 'APP推送', 2, 24, '用户活跃时段', 0.33, 2.20, 1450, NOW()),

-- 公众号执行计划（单波次、内容营销）
(450091, 100807, '重点客户，VIP等级>=3', '公众号', 1, 0, '每周三/五推送', 0.35, 2.35, 1020, NOW()),
(450092, 100828, '视频用户，爱奇艺/优酷/腾讯使用频繁', '公众号', 1, 0, '每周三/五推送', 0.37, 2.45, 1720, NOW()),
(450093, 100847, '重点客户，VIP等级>=3', '公众号', 1, 0, '每周三/五推送', 0.36, 2.40, 1040, NOW()),
(450094, 100868, '视频用户，爱奇艺/优酷/腾讯使用频繁', '公众号', 1, 0, '每周三/五推送', 0.38, 2.50, 1740, NOW()),
(450095, 100887, '重点客户，VIP等级>=3', '公众号', 1, 0, '每周三/五推送', 0.37, 2.45, 1060, NOW()),
(450096, 100908, '视频用户，爱奇艺/优酷/腾讯使用频繁', '公众号', 1, 0, '每周三/五推送', 0.39, 2.55, 1760, NOW()),
(450097, 100927, '重点客户，VIP等级>=3', '公众号', 1, 0, '每周三/五推送', 0.38, 2.50, 1080, NOW()),
(450098, 100948, '视频用户，爱奇艺/优酷/腾讯使用频繁', '公众号', 1, 0, '每周三/五推送', 0.40, 2.60, 1780, NOW()),

-- 小程序执行计划（单波次、场景化）
(450099, 100808, '旅游兴趣用户，景区附近', '小程序', 1, 0, '旅游旺季推送', 0.30, 1.95, 790, NOW()),
(450100, 100830, '辽阳地区用户，流量使用>99%', '小程序', 1, 0, '流量超套提醒后', 0.35, 2.55, 1160, NOW()),
(450101, 100848, '旅游兴趣用户，景区附近', '小程序', 1, 0, '旅游旺季推送', 0.31, 2.00, 810, NOW()),
(450102, 100870, '辽阳地区用户，流量使用>100%', '小程序', 1, 0, '流量超套提醒后', 0.36, 2.60, 1180, NOW()),
(450103, 100888, '旅游兴趣用户，景区附近', '小程序', 1, 0, '旅游旺季推送', 0.32, 2.05, 830, NOW()),
(450104, 100910, '辽阳地区用户，流量使用>101%', '小程序', 1, 0, '流量超套提醒后', 0.37, 2.65, 1200, NOW()),
(450105, 100928, '旅游兴趣用户，景区附近', '小程序', 1, 0, '旅游旺季推送', 0.33, 2.10, 850, NOW()),
(450106, 100950, '辽阳地区用户，流量使用>102%', '小程序', 1, 0, '流量超套提醒后', 0.38, 2.70, 1220, NOW()),

-- 网厅执行计划（单波次、自助服务）
(450107, 100810, '铁岭地区用户，流量使用>80%', '网厅', 1, 0, '全天可办理', 0.32, 2.15, 940, NOW()),
(450108, 100815, '高流量用户，流量使用>96%，ARPU>90', '网厅', 1, 0, '全天可办理', 0.37, 2.55, 1060, NOW()),
(450109, 100824, '高流量用户，流量使用>90%，ARPU>70', '网厅', 1, 0, '全天可办理', 0.32, 2.15, 1220, NOW()),
(450110, 100837, '辽阳地区用户，流量使用>80%', '网厅', 1, 0, '全天可办理', 0.38, 2.65, 1020, NOW()),
(450111, 100850, '铁岭地区用户，流量使用>81%', '网厅', 1, 0, '全天可办理', 0.33, 2.20, 960, NOW()),
(450112, 100855, '高流量用户，流量使用>97%，ARPU>92', '网厅', 1, 0, '全天可办理', 0.38, 2.60, 1080, NOW()),
(450113, 100864, '高流量用户，流量使用>92%，ARPU>72', '网厅', 1, 0, '全天可办理', 0.33, 2.20, 1240, NOW()),
(450114, 100877, '辽阳地区用户，流量使用>82%', '网厅', 1, 0, '全天可办理', 0.39, 2.70, 1040, NOW()),
(450115, 100890, '铁岭地区用户，流量使用>82%', '网厅', 1, 0, '全天可办理', 0.34, 2.25, 980, NOW()),
(450116, 100895, '高流量用户，流量使用>98%，ARPU>94', '网厅', 1, 0, '全天可办理', 0.39, 2.65, 1100, NOW()),
(450117, 100904, '高流量用户，流量使用>94%，ARPU>74', '网厅', 1, 0, '全天可办理', 0.34, 2.25, 1260, NOW()),
(450118, 100917, '辽阳地区用户，流量使用>84%', '网厅', 1, 0, '全天可办理', 0.40, 2.75, 1060, NOW()),
(450119, 100930, '铁岭地区用户，流量使用>83%', '网厅', 1, 0, '全天可办理', 0.35, 2.30, 1000, NOW()),
(450120, 100935, '高流量用户，流量使用>99%，ARPU>96', '网厅', 1, 0, '全天可办理', 0.40, 2.70, 1120, NOW()),

-- 营业厅执行计划（面对面、高转化）
(450121, 100809, '集团客户，家庭规模>=4', '营业厅', 1, 0, '工作日全天', 0.27, 2.05, 690, NOW()),
(450122, 100820, '吉祥号码用户，高价值用户', '营业厅', 1, 0, '工作日全天', 0.18, 1.45, 420, NOW()),
(450123, 100829, '宽带用户，网龄>11个月', '营业厅', 1, 0, '工作日全天', 0.25, 1.75, 820, NOW()),
(450124, 100839, '新入网用户，39元飞享套餐', '营业厅', 1, 0, '工作日全天', 0.42, 2.95, 1360, NOW()),
(450125, 100849, '集团客户，家庭规模>=4', '营业厅', 1, 0, '工作日全天', 0.28, 2.10, 710, NOW()),
(450126, 100860, '吉祥号码用户，高价值用户', '营业厅', 1, 0, '工作日全天', 0.19, 1.50, 440, NOW()),
(450127, 100869, '宽带用户，网龄>12个月', '营业厅', 1, 0, '工作日全天', 0.26, 1.80, 840, NOW()),
(450128, 100879, '新入网用户，39元飞享套餐', '营业厅', 1, 0, '工作日全天', 0.43, 3.00, 1380, NOW()),
(450129, 100889, '集团客户，家庭规模>=4', '营业厅', 1, 0, '工作日全天', 0.29, 2.15, 730, NOW()),
(450130, 100900, '吉祥号码用户，高价值用户', '营业厅', 1, 0, '工作日全天', 0.20, 1.55, 460, NOW()),
(450131, 100909, '宽带用户，网龄>13个月', '营业厅', 1, 0, '工作日全天', 0.27, 1.85, 860, NOW()),
(450132, 100919, '新入网用户，39元飞享套餐', '营业厅', 1, 0, '工作日全天', 0.44, 3.05, 1400, NOW()),
(450133, 100929, '集团客户，家庭规模>=4', '营业厅', 1, 0, '工作日全天', 0.30, 2.20, 750, NOW()),
(450134, 100940, '吉祥号码用户，高价值用户', '营业厅', 1, 0, '工作日全天', 0.21, 1.60, 480, NOW()),
(450135, 100949, '宽带用户，网龄>14个月', '营业厅', 1, 0, '工作日全天', 0.28, 1.90, 880, NOW()),
(450136, 100959, '新入网用户，39元飞享套餐', '营业厅', 1, 0, '工作日全天', 0.45, 3.10, 1420, NOW()),

-- 沙盘执行计划（企业客户、精准营销）
(450137, 100833, '集团客户，家庭套餐资格', '沙盘', 1, 0, '客户经理跟进', 0.24, 1.65, 760, NOW()),
(450138, 100834, '集团客户，家庭规模>=2', '沙盘', 1, 0, '客户经理跟进', 0.27, 1.85, 690, NOW()),
(450139, 100835, '集团客户，ARPU>135', '沙盘', 1, 0, '客户经理跟进', 0.30, 2.05, 620, NOW()),
(450140, 100836, '高价值集团客户，ARPU>215', '沙盘', 1, 0, '客户经理跟进', 0.34, 2.35, 560, NOW()),
(450141, 100818, '川达集团用户，存量用户', '沙盘', 1, 0, '客户经理跟进', 0.30, 2.05, 620, NOW()),
(450142, 100814, '企业客户，宽带速度<250M', '沙盘', 1, 0, '客户经理跟进', 0.21, 1.55, 510, NOW()),
(450143, 100873, '集团客户，家庭套餐资格', '沙盘', 1, 0, '客户经理跟进', 0.25, 1.70, 780, NOW()),
(450144, 100874, '集团客户，家庭规模>=2', '沙盘', 1, 0, '客户经理跟进', 0.28, 1.90, 710, NOW()),
(450145, 100875, '集团客户，ARPU>138', '沙盘', 1, 0, '客户经理跟进', 0.31, 2.10, 640, NOW()),
(450146, 100876, '高价值集团客户，ARPU>218', '沙盘', 1, 0, '客户经理跟进', 0.35, 2.40, 580, NOW()),
(450147, 100858, '川达集团用户，存量用户', '沙盘', 1, 0, '客户经理跟进', 0.31, 2.10, 640, NOW()),
(450148, 100854, '企业客户，宽带速度<240M', '沙盘', 1, 0, '客户经理跟进', 0.22, 1.60, 530, NOW()),
(450149, 100913, '集团客户，家庭套餐资格', '沙盘', 1, 0, '客户经理跟进', 0.26, 1.75, 800, NOW()),
(450150, 100914, '集团客户，家庭规模>=2', '沙盘', 1, 0, '客户经理跟进', 0.29, 1.95, 730, NOW()),
(450151, 100915, '集团客户，ARPU>140', '沙盘', 1, 0, '客户经理跟进', 0.32, 2.15, 660, NOW()),
(450152, 100916, '高价值集团客户，ARPU>220', '沙盘', 1, 0, '客户经理跟进', 0.36, 2.45, 600, NOW()),
(450153, 100898, '川达集团用户，存量用户', '沙盘', 1, 0, '客户经理跟进', 0.32, 2.15, 660, NOW()),
(450154, 100894, '企业客户，宽带速度<230M', '沙盘', 1, 0, '客户经理跟进', 0.23, 1.65, 550, NOW()),
(450155, 100953, '集团客户，家庭套餐资格', '沙盘', 1, 0, '客户经理跟进', 0.27, 1.80, 820, NOW()),
(450156, 100954, '集团客户，家庭规模>=2', '沙盘', 1, 0, '客户经理跟进', 0.30, 2.00, 750, NOW()),
(450157, 100955, '集团客户，ARPU>142', '沙盘', 1, 0, '客户经理跟进', 0.33, 2.20, 680, NOW()),
(450158, 100956, '高价值集团客户，ARPU>222', '沙盘', 1, 0, '客户经理跟进', 0.37, 2.50, 620, NOW()),
(450159, 100938, '川达集团用户，存量用户', '沙盘', 1, 0, '客户经理跟进', 0.33, 2.20, 680, NOW()),
(450160, 100934, '企业客户，宽带速度<220M', '沙盘', 1, 0, '客户经理跟进', 0.24, 1.70, 570, NOW()),

-- 电子外呼执行计划（自动语音、多波次）
(450161, 100806, '语音重度用户，语音使用>600分钟', '电子外呼', 3, 48, '非休息时段', 0.28, 1.95, 860, NOW()),
(450162, 100827, '低流量用户，流量使用<40%', '电子外呼', 3, 48, '非休息时段', 0.28, 1.85, 1520, NOW()),
(450163, 100846, '语音重度用户，语音使用>620分钟', '电子外呼', 3, 48, '非休息时段', 0.29, 2.00, 880, NOW()),
(450164, 100867, '低流量用户，流量使用<42%', '电子外呼', 3, 48, '非休息时段', 0.29, 1.90, 1540, NOW()),
(450165, 100886, '语音重度用户，语音使用>640分钟', '电子外呼', 3, 48, '非休息时段', 0.30, 2.05, 900, NOW()),
(450166, 100907, '低流量用户，流量使用<44%', '电子外呼', 3, 48, '非休息时段', 0.30, 1.95, 1560, NOW()),
(450167, 100926, '语音重度用户，语音使用>660分钟', '电子外呼', 3, 48, '非休息时段', 0.31, 2.10, 920, NOW()),
(450168, 100947, '低流量用户，流量使用<46%', '电子外呼', 3, 48, '非休息时段', 0.31, 2.00, 1580, NOW()),

-- 校园推广执行计划（季节性、集中推广）
(450169, 100840, '辽阳高校新生，学生用户', '校园推广', 1, 0, '开学季9月', 0.47, 3.15, 1920, NOW()),
(450170, 100880, '辽阳高校新生，学生用户', '校园推广', 1, 0, '开学季9月', 0.48, 3.20, 1940, NOW()),
(450171, 100920, '辽阳高校新生，学生用户', '校园推广', 1, 0, '开学季9月', 0.49, 3.25, 1960, NOW()),
(450172, 100960, '辽阳高校新生，学生用户', '校园推广', 1, 0, '开学季9月', 0.50, 3.30, 1980, NOW()),

-- 其他渠道执行计划
(450173, 100806, '语音重度用户，流失风险中', '电子外呼', 3, 48, '非休息时段', 0.28, 1.95, 860, NOW()),
(450174, 100827, '低流量用户，不活跃天数>40', '电子外呼', 3, 48, '非休息时段', 0.28, 1.85, 1520, NOW()),
(450175, 100846, '语音重度用户，语音使用>620', '电子外呼', 3, 48, '非休息时段', 0.29, 2.00, 880, NOW()),
(450176, 100867, '低流量用户，流量使用<42%', '电子外呼', 3, 48, '非休息时段', 0.29, 1.90, 1540, NOW()),
(450177, 100886, '语音重度用户，语音使用>640', '电子外呼', 3, 48, '非休息时段', 0.30, 2.05, 900, NOW()),
(450178, 100907, '低流量用户，流量使用<44%', '电子外呼', 3, 48, '非休息时段', 0.30, 1.95, 1560, NOW()),
(450179, 100926, '语音重度用户，语音使用>660', '电子外呼', 3, 48, '非休息时段', 0.31, 2.10, 920, NOW()),
(450180, 100947, '低流量用户，流量使用<46%', '电子外呼', 3, 48, '非休息时段', 0.31, 2.00, 1580, NOW()),
(450181, 100801, '本钢厂区用户，高流失风险', '短信', 3, 24, '上午10:00-11:30', 0.31, 2.05, 1390, NOW()),
(450182, 100802, '高ARPU用户，家庭规模>=3', '人工外呼', 1, 0, '工作日上午9:30-11:30', 0.38, 2.55, 950, NOW()),
(450183, 100803, '集团客户，不活跃天数>20', '10000号', 1, 0, '工作日全天', 0.21, 1.65, 690, NOW()),
(450184, 100804, '本溪地区用户，流量使用>90%', 'APP推送', 3, 12, '用户活跃时段', 0.34, 2.25, 1080, NOW()),
(450185, 100805, 'VIP客户，流量使用>99%', '短信', 2, 48, '下午14:00-16:00', 0.41, 2.65, 1210, NOW()),
(450186, 100806, '语音重度用户，流失风险中', '电子外呼', 3, 48, '非休息时段', 0.28, 1.95, 860, NOW()),
(450187, 100807, '重点客户，活动水平低', '公众号', 1, 0, '每周三/五推送', 0.35, 2.35, 1020, NOW()),
(450188, 100808, '旅游兴趣用户，景区附近', '小程序', 1, 0, '旅游旺季推送', 0.30, 1.95, 790, NOW()),
(450189, 100809, '集团客户，家庭规模>=4', '营业厅', 1, 0, '工作日全天', 0.27, 2.05, 690, NOW()),
(450190, 100810, '铁岭地区用户，流量使用>80%', '网厅', 1, 0, '全天可办理', 0.32, 2.15, 940, NOW()),
(450191, 100811, '铁岭地区用户，当前套餐基础', 'APP推送', 2, 24, '用户活跃时段', 0.29, 1.95, 820, NOW()),
(450192, 100812, '铁岭地区用户，语音使用低', '短信', 2, 48, '上午10:00-11:30', 0.25, 1.75, 760, NOW()),
(450193, 100813, '语音重度用户，ARPU>60', '人工外呼', 1, 0, '工作日下午14:00-17:00', 0.33, 2.25, 930, NOW()),
(450194, 100814, '企业客户，宽带速度<250M', '沙盘', 1, 0, '客户经理跟进', 0.21, 1.55, 510, NOW()),
(450195, 100815, '高流量用户，流量使用>96%', '网厅', 1, 0, '全天可办理', 0.37, 2.55, 1060, NOW()),
(450196, 100816, '中高价值用户，ARPU>90', '10000号', 1, 0, '工作日全天', 0.35, 2.35, 990, NOW()),
(450197, 100817, '葫芦岛地区用户，本地通话需求', '短信', 2, 48, '下午14:00-16:00', 0.27, 1.85, 790, NOW()),
(450198, 100818, '川达集团用户，不活跃天数>50', '沙盘', 1, 0, '客户经理跟进', 0.30, 2.05, 620, NOW()),
(450199, 100819, '中等价值用户，ARPU>70', '人工外呼', 1, 0, '工作日上午9:30-11:30', 0.32, 2.15, 860, NOW()),
(450200, 100820, '吉祥号码用户，高价值用户', '营业厅', 1, 0, '工作日全天', 0.18, 1.45, 420, NOW()) 
  ON CONFLICT DO NOTHING;

INSERT INTO scripts (id, content, scenario, product_id, strategy_id, user_segment, channel, compliance_status, usage_count, avg_ctr, created_at, updated_at) VALUES
-- 5G业务话术（新种类）
(450201, '【5G先锋专享】5G极速套餐129元/月！原价199元，享1000M宽带+100GB流量+500分钟！回复Y办理>>【中国移动】', '5G套餐升级', 600000410001, 100961, '5G潜在用户', '短信', 'approved', 1250, 0.68, NOW(), NOW()),
(450202, '【5G流量包】30元享50GB 5G专属流量！高速上网体验，回复Y办理>>【中国移动】', '5G流量激活', 600000410002, 100962, '5G套餐用户', '短信', 'approved', 980, 0.62, NOW(), NOW()),
(450203, '【5G权益包】15元/月享5G视频会员+云游戏+超清视频！回复Y办理>>【中国移动】', '5G增值业务', 600000410003, 100963, '年轻用户', '短信', 'approved', 870, 0.58, NOW(), NOW()),
(450204, '您好！检测到您已支持5G网络，推荐129元5G极速套餐！原价199元，包含1000M宽带+100GB流量+500分钟，需要详细介绍吗？', '5G套餐升级', 600000410001, 100961, '5G潜在用户', '人工外呼', 'approved', 950, 0.72, NOW(), NOW()),
(450205, '您好！为您推荐30元5G流量包，50GB专属5G流量！高速上网体验，需要开通吗？', '5G流量激活', 600000410002, 100962, '5G套餐用户', '人工外呼', 'approved', 780, 0.65, NOW(), NOW()),
(450206, '您好！推荐15元5G权益包，包含视频会员+云游戏+超清视频！需要为您开通吗？', '5G增值业务', 600000410003, 100963, '年轻用户', '人工外呼', 'approved', 680, 0.61, NOW(), NOW()),
(450207, '【5G极速套餐】129元/月！1000M宽带+100GB流量，网厅办理立省70元>>', '5G套餐升级', 600000410001, 100961, '5G潜在用户', '网厅', 'approved', 1020, 0.64, NOW(), NOW()),
(450208, '【5G流量包】30元50GB！5G专属高速流量，网厅立即办理>>', '5G流量激活', 600000410002, 100962, '5G套餐用户', '网厅', 'approved', 820, 0.59, NOW(), NOW()),
(450209, '【5G权益包】15元享视频会员+云游戏！网厅办理>>', '5G增值业务', 600000410003, 100963, '年轻用户', '网厅', 'approved', 720, 0.55, NOW(), NOW()),
(450210, '【5G套餐】129元享1000M宽带+100GB流量！营业厅咨询办理>>', '5G套餐升级', 600000410001, 100961, '5G潜在用户', '营业厅', 'approved', 880, 0.58, NOW(), NOW()),
(450211, '【5G流量】30元50GB高速流量！营业厅办理>>', '5G流量激活', 600000410002, 100962, '5G套餐用户', '营业厅', 'approved', 700, 0.53, NOW(), NOW()),
(450212, '【5G权益】15元视频会员+云游戏！营业厅办理>>', '5G增值业务', 600000410003, 100963, '年轻用户', '营业厅', 'approved', 620, 0.49, NOW(), NOW()),

-- 数字化权益话术（新种类：咪咕视频、云盘、游戏等）
(450213, '【咪咕视频会员】9.9元/月！热门影视随心看，首月1元体验！回复Y办理>>【中国移动】', '视频会员激活', 600000410004, 100964, '视频用户', '短信', 'approved', 1580, 0.71, NOW(), NOW()),
(450214, '【移动云盘】10GB免费空间！照片视频云端备份，回复Y领取>>【中国移动】', '云存储激活', 600000410005, 100965, '拍照用户', '短信', 'approved', 1240, 0.65, NOW(), NOW()),
(450215, '【咪咕游戏】热门手游免费玩！首充双倍，回复Y领取>>【中国移动】', '游戏业务激活', 600000410006, 100966, '游戏用户', '短信', 'approved', 1120, 0.62, NOW(), NOW()),
(450216, '【咪咕阅读】畅读10万+电子书！首月1元，回复Y办理>>【中国移动】', '阅读业务激活', 600000410007, 100967, '阅读用户', '短信', 'approved', 980, 0.58, NOW(), NOW()),
(450217, '您好！推荐咪咕视频会员9.9元/月，热门影视随心看！首月1元体验，需要开通吗？', '视频会员激活', 600000410004, 100964, '视频用户', '人工外呼', 'approved', 1280, 0.75, NOW(), NOW()),
(450218, '您好！推荐移动云盘10GB免费空间，照片视频云端备份！需要为您开通吗？', '云存储激活', 600000410005, 100965, '拍照用户', '人工外呼', 'approved', 980, 0.69, NOW(), NOW()),
(450219, '您好！推荐咪咕游戏热门手游免费玩，首充双倍！需要开通吗？', '游戏业务激活', 600000410006, 100966, '游戏用户', '人工外呼', 'approved', 880, 0.66, NOW(), NOW()),
(450220, '您好！推荐咪咕阅读畅读10万+电子书，首月1元！需要开通吗？', '阅读业务激活', 600000410007, 100967, '阅读用户', '人工外呼', 'approved', 780, 0.62, NOW(), NOW()),
(450221, '【咪咕视频】9.9元/月热门影视！首月1元，APP办理>>', '视频会员激活', 600000410004, 100964, '视频用户', 'APP推送', 'approved', 1380, 0.68, NOW(), NOW()),
(450222, '【移动云盘】10GB免费空间！照片备份，APP领取>>', '云存储激活', 600000410005, 100965, '拍照用户', 'APP推送', 'approved', 1080, 0.63, NOW(), NOW()),
(450223, '【咪咕游戏】热门手游免费玩！首充双倍，APP领取>>', '游戏业务激活', 600000410006, 100966, '游戏用户', 'APP推送', 'approved', 980, 0.60, NOW(), NOW()),
(450224, '【咪咕阅读】10万+电子书！首月1元，APP办理>>', '阅读业务激活', 600000410007, 100967, '阅读用户', 'APP推送', 'approved', 880, 0.57, NOW(), NOW()),
(450225, '【咪咕视频会员】9.9元/月！热门影视，公众号回复"视频"领取>>', '视频会员激活', 600000410004, 100964, '视频用户', '公众号', 'approved', 1480, 0.69, NOW(), NOW()),
(450226, '【移动云盘】10GB免费！照片备份，公众号回复"云盘">>', '云存储激活', 600000410005, 100965, '拍照用户', '公众号', 'approved', 1180, 0.64, NOW(), NOW()),
(450227, '【咪咕游戏】热门手游！公众号回复"游戏">>', '游戏业务激活', 600000410006, 100966, '游戏用户', '公众号', 'approved', 1080, 0.61, NOW(), NOW()),
(450228, '【咪咕阅读】10万+电子书！公众号回复"阅读">>', '阅读业务激活', 600000410007, 100967, '阅读用户', '公众号', 'approved', 980, 0.58, NOW(), NOW()),

-- 硬件产品话术（新种类：手机、路由器、智能设备）
(450229, '【购机优惠】华为Mate60直降1000元！移动合约机，月费99元起，回复Y咨询>>【中国移动】', '手机销售', 600000410008, 100968, '换机用户', '短信', 'approved', 1820, 0.74, NOW(), NOW()),
(450230, '【路由器优惠】华为WiFi6路由器199元！原价399元，回复Y办理>>【中国移动】', '硬件销售', 600000410009, 100969, '宽带用户', '短信', 'approved', 1240, 0.68, NOW(), NOW()),
(450231, '【智能手表】华为Watch GT4 599元！移动用户专享，回复Y办理>>【中国移动】', '智能设备销售', 600000410010, 100970, '健康用户', '短信', 'approved', 980, 0.62, NOW(), NOW()),
(450232, '【智能音箱】小度智能音箱99元！语音控制家电，回复Y办理>>【中国移动】', '智能设备销售', 600000410011, 100971, '智能家居用户', '短信', 'approved', 880, 0.58, NOW(), NOW()),
(450233, '您好！推荐华为Mate60购机优惠，直降1000元！移动合约机月费99元起，需要详细介绍吗？', '手机销售', 600000410008, 100968, '换机用户', '人工外呼', 'approved', 1520, 0.78, NOW(), NOW()),
(450234, '您好！推荐华为WiFi6路由器199元优惠！原价399元，需要为您办理吗？', '硬件销售', 600000410009, 100969, '宽带用户', '人工外呼', 'approved', 980, 0.72, NOW(), NOW()),
(450235, '您好！推荐华为Watch GT4 599元！移动用户专享，需要为您办理吗？', '智能设备销售', 600000410010, 100970, '健康用户', '人工外呼', 'approved', 780, 0.66, NOW(), NOW()),
(450236, '您好！推荐小度智能音箱99元！语音控制家电，需要为您办理吗？', '智能设备销售', 600000410011, 100971, '智能家居用户', '人工外呼', 'approved', 680, 0.62, NOW(), NOW()),
(450237, '【华为Mate60】直降1000元！合约机99元/月，营业厅体验>>', '手机销售', 600000410008, 100968, '换机用户', '营业厅', 'approved', 1620, 0.75, NOW(), NOW()),
(450238, '【华为WiFi6路由器】199元！原价399元，营业厅购买>>', '硬件销售', 600000410009, 100969, '宽带用户', '营业厅', 'approved', 1080, 0.69, NOW(), NOW()),
(450239, '【华为Watch GT4】599元！移动专享，营业厅体验>>', '智能设备销售', 600000410010, 100970, '健康用户', '营业厅', 'approved', 880, 0.63, NOW(), NOW()),
(450240, '【小度智能音箱】99元！语音控制，营业厅体验>>', '智能设备销售', 600000410011, 100971, '智能家居用户', '营业厅', 'approved', 780, 0.59, NOW(), NOW()),

-- 国际业务话术（新种类：国际漫游、国际通话）
(450241, '【国际漫游包】39元/天享300MB流量+30分钟通话！出国必备，回复Y办理>>【中国移动】', '国际漫游激活', 600000410012, 100972, '出境用户', '短信', 'approved', 1420, 0.65, NOW(), NOW()),
(450242, '【国际通话包】50元享200分钟国际通话！覆盖100+国家，回复Y办理>>【中国移动】', '国际通话激活', 600000410013, 100973, '国际通话用户', '短信', 'approved', 1120, 0.61, NOW(), NOW()),
(450243, '【港澳台流量包】29元/天享500MB流量！港澳台地区专用，回复Y办理>>【中国移动】', '港澳台业务激活', 600000410014, 100974, '港澳台用户', '短信', 'approved', 980, 0.58, NOW(), NOW()),
(450244, '您好！推荐国际漫游包39元/天，300MB流量+30分钟通话！出国必备，需要办理吗？', '国际漫游激活', 600000410012, 100972, '出境用户', '人工外呼', 'approved', 1120, 0.69, NOW(), NOW()),
(450245, '您好！推荐国际通话包50元享200分钟！覆盖100+国家，需要办理吗？', '国际通话激活', 600000410013, 100973, '国际通话用户', '人工外呼', 'approved', 880, 0.65, NOW(), NOW()),
(450246, '您好！推荐港澳台流量包29元/天享500MB！需要办理吗？', '港澳台业务激活', 600000410014, 100974, '港澳台用户', '人工外呼', 'approved', 780, 0.62, NOW(), NOW()),
(450247, '【国际漫游】39元/天300MB+30分钟！出国必备，APP办理>>', '国际漫游激活', 600000410012, 100972, '出境用户', 'APP推送', 'approved', 1220, 0.66, NOW(), NOW()),
(450248, '【国际通话】50元200分钟！100+国家，APP办理>>', '国际通话激活', 600000410013, 100973, '国际通话用户', 'APP推送', 'approved', 980, 0.62, NOW(), NOW()),
(450249, '【港澳台流量】29元/天500MB！APP办理>>', '港澳台业务激活', 600000410014, 100974, '港澳台用户', 'APP推送', 'approved', 880, 0.59, NOW(), NOW()),
(450250, '【国际漫游包】39元/天！出国必备，网厅办理>>', '国际漫游激活', 600000410012, 100972, '出境用户', '网厅', 'approved', 1020, 0.63, NOW(), NOW()),
(450251, '【国际通话包】50元200分钟！网厅办理>>', '国际通话激活', 600000410013, 100973, '国际通话用户', '网厅', 'approved', 820, 0.59, NOW(), NOW()),
(450252, '【港澳台流量包】29元/天！网厅办理>>', '港澳台业务激活', 600000410014, 100974, '港澳台用户', '网厅', 'approved', 720, 0.56, NOW(), NOW()),

-- 增值服务话术（新种类：彩铃、来电提醒、防骚扰）
(450253, '【炫铃包】5元/月享10首热门彩铃！个性化设置，回复Y办理>>【中国移动】', '彩铃业务激活', 600000410015, 100975, '年轻用户', '短信', 'approved', 1620, 0.68, NOW(), NOW()),
(450254, '【来电提醒】3元/月！漏接电话短信提醒，回复Y办理>>【中国移动】', '来电提醒激活', 600000410016, 100976, '商务用户', '短信', 'approved', 1240, 0.64, NOW(), NOW()),
(450255, '【防骚扰】免费开通！智能拦截骚扰电话，回复Y办理>>【中国移动】', '防骚扰激活', 600000410017, 100977, '所有用户', '短信', 'approved', 2120, 0.72, NOW(), NOW()),
(450256, '【漏话短信】2元/月！漏接电话短信通知，回复Y办理>>【中国移动】', '漏话短信激活', 600000410018, 100978, '重要用户', '短信', 'approved', 980, 0.61, NOW(), NOW()),
(450257, '您好！推荐炫铃包5元/月享10首热门彩铃！个性化设置，需要开通吗？', '彩铃业务激活', 600000410015, 100975, '年轻用户', '人工外呼', 'approved', 1320, 0.72, NOW(), NOW()),
(450258, '您好！推荐来电提醒3元/月，漏接电话短信提醒！需要开通吗？', '来电提醒激活', 600000410016, 100976, '商务用户', '人工外呼', 'approved', 980, 0.68, NOW(), NOW()),
(450259, '您好！推荐免费防骚扰服务，智能拦截骚扰电话！需要开通吗？', '防骚扰激活', 600000410017, 100977, '所有用户', '人工外呼', 'approved', 1680, 0.76, NOW(), NOW()),
(450260, '您好！推荐漏话短信2元/月，漏接电话短信通知！需要开通吗？', '漏话短信激活', 600000410018, 100978, '重要用户', '人工外呼', 'approved', 780, 0.65, NOW(), NOW()),
(450261, '【炫铃包】5元/月10首彩铃！个性化，公众号回复"彩铃">>', '彩铃业务激活', 600000410015, 100975, '年轻用户', '公众号', 'approved', 1420, 0.69, NOW(), NOW()),
(450262, '【来电提醒】3元/月！漏电提醒，公众号回复"提醒">>', '来电提醒激活', 600000410016, 100976, '商务用户', '公众号', 'approved', 1080, 0.65, NOW(), NOW()),
(450263, '【防骚扰】免费开通！智能拦截，公众号回复"防骚扰">>', '防骚扰激活', 600000410017, 100977, '所有用户', '公众号', 'approved', 1780, 0.73, NOW(), NOW()),
(450264, '【漏话短信】2元/月！漏电通知，公众号回复"漏话">>', '漏话短信激活', 600000410018, 100978, '重要用户', '公众号', 'approved', 880, 0.62, NOW(), NOW()),

-- 家庭业务话术（新种类：家庭宽带、IPTV、智能组网）
(450265, '【千兆宽带】399元/年！1000M光纤宽带+IPTV+WiFi6！回复Y办理>>【中国移动】', '家庭宽带升级', 600000410019, 100979, '家庭用户', '短信', 'approved', 1820, 0.71, NOW(), NOW()),
(450266, '【IPTV会员】15元/月！海量影视随心看，回复Y办理>>【中国移动】', 'IPTV业务激活', 600000410020, 100980, '宽带用户', '短信', 'approved', 1240, 0.65, NOW(), NOW()),
(450267, '【智能组网】99元享全屋WiFi覆盖！专业工程师上门，回复Y办理>>【中国移动】', '智能组网激活', 600000410021, 100981, '大户型用户', '短信', 'approved', 980, 0.61, NOW(), NOW()),
(450268, '【宽带提速】50元/月享1000M！原300M提速至1000M，回复Y办理>>【中国移动】', '宽带提速激活', 600000410022, 100982, '中速宽带用户', '短信', 'approved', 880, 0.58, NOW(), NOW()),
(450269, '您好！推荐千兆宽带399元/年，1000M光纤+IPTV+WiFi6！需要详细介绍吗？', '家庭宽带升级', 600000410019, 100979, '家庭用户', '人工外呼', 'approved', 1520, 0.75, NOW(), NOW()),
(450270, '您好！推荐IPTV会员15元/月，海量影视随心看！需要开通吗？', 'IPTV业务激活', 600000410020, 100980, '宽带用户', '人工外呼', 'approved', 980, 0.69, NOW(), NOW()),
(450271, '您好！推荐智能组网99元享全屋WiFi覆盖！专业工程师上门，需要办理吗？', '智能组网激活', 600000410021, 100981, '大户型用户', '人工外呼', 'approved', 780, 0.65, NOW(), NOW()),
(450272, '您好！推荐宽带提速50元/月享1000M！原300M提速，需要办理吗？', '宽带提速激活', 600000410022, 100982, '中速宽带用户', '人工外呼', 'approved', 680, 0.62, NOW(), NOW()),
(450273, '【千兆宽带】399元/年！1000M+IPTV+WiFi6，营业厅办理>>', '家庭宽带升级', 600000410019, 100979, '家庭用户', '营业厅', 'approved', 1620, 0.72, NOW(), NOW()),
(450274, '【IPTV会员】15元/月！海量影视，营业厅办理>>', 'IPTV业务激活', 600000410020, 100980, '宽带用户', '营业厅', 'approved', 1080, 0.66, NOW(), NOW()),
(450275, '【智能组网】99元全屋WiFi！工程师上门，营业厅办理>>', '智能组网激活', 600000410021, 100981, '大户型用户', '营业厅', 'approved', 880, 0.62, NOW(), NOW()),
(450276, '【宽带提速】50元/月1000M！营业厅办理>>', '宽带提速激活', 600000410022, 100982, '中速宽带用户', '营业厅', 'approved', 780, 0.59, NOW(), NOW()),
(450277, '【千兆宽带】399元/年！1000M+IPTV，网厅办理>>', '家庭宽带升级', 600000410019, 100979, '家庭用户', '网厅', 'approved', 1420, 0.68, NOW(), NOW()),
(450278, '【IPTV会员】15元/月！海量影视，网厅办理>>', 'IPTV业务激活', 600000410020, 100980, '宽带用户', '网厅', 'approved', 980, 0.63, NOW(), NOW()),
(450279, '【智能组网】99元全屋WiFi！网厅预约>>', '智能组网激活', 600000410021, 100981, '大户型用户', '网厅', 'approved', 780, 0.59, NOW(), NOW()),
(450280, '【宽带提速】50元/月1000M！网厅办理>>', '宽带提速激活', 600000410022, 100982, '中速宽带用户', '网厅', 'approved', 680, 0.56, NOW(), NOW()),

-- 集团业务话术（新种类：企业专线、云服务、物联网）
(450281, '【企业专线】500元/月享100M专线！稳定高速，回复Y咨询>>【中国移动】', '企业专线激活', 600000410023, 100983, '企业客户', '短信', 'approved', 680, 0.52, NOW(), NOW()),
(450282, '【移动云服务】企业云盘100GB仅99元/月！数据安全备份，回复Y咨询>>【中国移动】', '云服务激活', 600000410024, 100984, '企业客户', '短信', 'approved', 580, 0.48, NOW(), NOW()),
(450283, '【物联网卡】10元/月享100MB流量！设备联网专用，回复Y咨询>>【中国移动】', '物联网激活', 600000410025, 100985, '物联网用户', '短信', 'approved', 480, 0.45, NOW(), NOW()),
(450284, '【企业彩铃】30元/月！企业形象展示，回复Y咨询>>【中国移动】', '企业彩铃激活', 600000410026, 100986, '企业客户', '短信', 'approved', 380, 0.42, NOW(), NOW()),
(450285, '您好！推荐企业专线500元/月享100M！稳定高速，需要详细介绍吗？', '企业专线激活', 600000410023, 100983, '企业客户', '人工外呼', 'approved', 580, 0.56, NOW(), NOW()),
(450286, '您好！推荐移动云服务企业云盘100GB仅99元/月！数据安全备份，需要开通吗？', '云服务激活', 600000410024, 100984, '企业客户', '人工外呼', 'approved', 480, 0.52, NOW(), NOW()),
(450287, '您好！推荐物联网卡10元/月享100MB流量！设备联网专用，需要开通吗？', '物联网激活', 600000410025, 100985, '物联网用户', '人工外呼', 'approved', 380, 0.49, NOW(), NOW()),
(450288, '您好！推荐企业彩铃30元/月！企业形象展示，需要开通吗？', '企业彩铃激活', 600000410026, 100986, '企业客户', '人工外呼', 'approved', 280, 0.46, NOW(), NOW()),
(450289, '【企业专线】500元/月100M！稳定高速，沙盘配置>>', '企业专线激活', 600000410023, 100983, '企业客户', '沙盘', 'approved', 480, 0.50, NOW(), NOW()),
(450290, '【移动云服务】企业云盘100GB！99元/月，沙盘配置>>', '云服务激活', 600000410024, 100984, '企业客户', '沙盘', 'approved', 380, 0.47, NOW(), NOW()),
(450291, '【物联网卡】10元/月100MB！设备联网，沙盘配置>>', '物联网激活', 600000410025, 100985, '物联网用户', '沙盘', 'approved', 280, 0.44, NOW(), NOW()),
(450292, '【企业彩铃】30元/月！企业形象，沙盘配置>>', '企业彩铃激活', 600000410026, 100986, '企业客户', '沙盘', 'approved', 180, 0.41, NOW(), NOW()),

-- 新型套餐话术（新种类：融合套餐、青春卡、银发卡）
(450293, '【融合套餐】129元享手机+宽带+IPTV！三合一超值，回复Y办理>>【中国移动】', '融合套餐激活', 600000410027, 100987, '家庭用户', '短信', 'approved', 1420, 0.67, NOW(), NOW()),
(450294, '【青春卡】39元/月享30GB流量+200分钟！学生专享，回复Y办理>>【中国移动】', '青春卡激活', 600000410028, 100988, '学生用户', '短信', 'approved', 1820, 0.73, NOW(), NOW()),
(450295, '【银发卡】29元/月享10GB流量+300分钟！老年专享，回复Y办理>>【中国移动】', '银发卡激活', 600000410029, 100989, '老年用户', '短信', 'approved', 1240, 0.65, NOW(), NOW()),
(450296, '【无忧卡】59元/月享50GB流量+500分钟！无合约限制，回复Y办理>>【中国移动】', '无忧卡激活', 600000410030, 100990, '灵活用户', '短信', 'approved', 1080, 0.62, NOW(), NOW()),
(450297, '您好！推荐融合套餐129元享手机+宽带+IPTV！三合一超值，需要详细介绍吗？', '融合套餐激活', 600000410027, 100987, '家庭用户', '人工外呼', 'approved', 1120, 0.71, NOW(), NOW()),
(450298, '您好！推荐青春卡39元/月享30GB流量+200分钟！学生专享，需要办理吗？', '青春卡激活', 600000410028, 100988, '学生用户', '人工外呼', 'approved', 1480, 0.77, NOW(), NOW()),
(450299, '您好！推荐银发卡29元/月享10GB流量+300分钟！老年专享，需要办理吗？', '银发卡激活', 600000410029, 100989, '老年用户', '人工外呼', 'approved', 980, 0.69, NOW(), NOW()),
(450300, '您好！推荐无忧卡59元/月享50GB流量+500分钟！无合约限制，需要办理吗？', '无忧卡激活', 600000410030, 100990, '灵活用户', '人工外呼', 'approved', 880, 0.66, NOW(), NOW()),
(450301, '【融合套餐】129元手机+宽带+IPTV！三合一，营业厅办理>>', '融合套餐激活', 600000410027, 100987, '家庭用户', '营业厅', 'approved', 1220, 0.68, NOW(), NOW()),
(450302, '【青春卡】39元/月30GB+200分钟！学生专享，营业厅办理>>', '青春卡激活', 600000410028, 100988, '学生用户', '营业厅', 'approved', 1580, 0.74, NOW(), NOW()),
(450303, '【银发卡】29元/月10GB+300分钟！老年专享，营业厅办理>>', '银发卡激活', 600000410029, 100989, '老年用户', '营业厅', 'approved', 1080, 0.66, NOW(), NOW()),
(450304, '【无忧卡】59元/月50GB+500分钟！无合约，营业厅办理>>', '无忧卡激活', 600000410030, 100990, '灵活用户', '营业厅', 'approved', 980, 0.63, NOW(), NOW()),
(450305, '【融合套餐】129元三合一！网厅办理>>', '融合套餐激活', 600000410027, 100987, '家庭用户', '网厅', 'approved', 1020, 0.65, NOW(), NOW()),
(450306, '【青春卡】39元学生专享！网厅办理>>', '青春卡激活', 600000410028, 100988, '学生用户', '网厅', 'approved', 1380, 0.71, NOW(), NOW()),
(450307, '【银发卡】29元老年专享！网厅办理>>', '银发卡激活', 600000410029, 100989, '老年用户', '网厅', 'approved', 980, 0.63, NOW(), NOW()),
(450308, '【无忧卡】59元无合约！网厅办理>>', '无忧卡激活', 600000410030, 100990, '灵活用户', '网厅', 'approved', 880, 0.60, NOW(), NOW()),

-- 续费提醒话术
(450309, '【套餐续费提醒】您的套餐即将到期，续费享8折优惠！回复Y续费>>【中国移动】', '套餐续费', 600000410031, 100991, '到期用户', '短信', 'approved', 1620, 0.69, NOW(), NOW()),
(450310, '【宽带续费提醒】您的宽带即将到期，续费1年送3个月！回复Y续费>>【中国移动】', '宽带续费', 600000410032, 100992, '宽带到期用户', '短信', 'approved', 1240, 0.65, NOW(), NOW()),
(450311, '【会员续费提醒】您的视频会员即将到期，续费享7折！回复Y续费>>【中国移动】', '会员续费', 600000410033, 100993, '会员到期用户', '短信', 'approved', 980, 0.61, NOW(), NOW()),
(450312, '您好！提醒您套餐即将到期，续费享8折优惠！需要为您办理续费吗？', '套餐续费', 600000410031, 100991, '到期用户', '人工外呼', 'approved', 1320, 0.73, NOW(), NOW()),
(450313, '您好！提醒您宽带即将到期，续费1年送3个月！需要为您办理续费吗？', '宽带续费', 600000410032, 100992, '宽带到期用户', '人工外呼', 'approved', 980, 0.69, NOW(), NOW()),
(450314, '您好！提醒您视频会员即将到期，续费享7折！需要为您办理续费吗？', '会员续费', 600000410033, 100993, '会员到期用户', '人工外呼', 'approved', 780, 0.65, NOW(), NOW()),
(450315, '【套餐续费】到期享8折！网厅办理>>', '套餐续费', 600000410031, 100991, '到期用户', '网厅', 'approved', 1420, 0.70, NOW(), NOW()),
(450316, '【宽带续费】1年送3个月！网厅办理>>', '宽带续费', 600000410032, 100992, '宽带到期用户', '网厅', 'approved', 1080, 0.66, NOW(), NOW()),
(450317, '【会员续费】到期享7折！网厅办理>>', '会员续费', 600000410033, 100993, '会员到期用户', '网厅', 'approved', 880, 0.62, NOW(), NOW()),

-- 节假日营销话术
(450318, '【春节特惠】存200元享500元话费！春节专享，回复Y办理>>【中国移动】', '节假日营销', 600000410034, 100994, '所有用户', '短信', 'approved', 2120, 0.75, NOW(), NOW()),
(450319, '【国庆特惠】100GB国庆流量包仅30元！7天有效，回复Y办理>>【中国移动】', '节假日营销', 600000410035, 100995, '所有用户', '短信', 'approved', 1820, 0.72, NOW(), NOW()),
(450320, '【双11特惠】购机直降1500元！限时抢购，回复Y咨询>>【中国移动】', '节假日营销', 600000410036, 100996, '换机用户', '短信', 'approved', 1620, 0.69, NOW(), NOW()),
(450321, '您好！春节特惠存200元享500元话费！春节专享，需要办理吗？', '节假日营销', 600000410034, 100994, '所有用户', '人工外呼', 'approved', 1720, 0.78, NOW(), NOW()),
(450322, '您好！国庆特惠100GB国庆流量包仅30元！7天有效，需要办理吗？', '节假日营销', 600000410035, 100995, '所有用户', '人工外呼', 'approved', 1420, 0.75, NOW(), NOW()),
(450323, '您好！双11特惠购机直降1500元！限时抢购，需要咨询吗？', '节假日营销', 600000410036, 100996, '换机用户', '人工外呼', 'approved', 1220, 0.72, NOW(), NOW()),
(450324, '【春节特惠】存200享500！春节专享，APP办理>>', '节假日营销', 600000410034, 100994, '所有用户', 'APP推送', 'approved', 1820, 0.73, NOW(), NOW()),
(450325, '【国庆特惠】100GB流量30元！7天有效，APP办理>>', '节假日营销', 600000410035, 100995, '所有用户', 'APP推送', 'approved', 1520, 0.70, NOW(), NOW()),
(450326, '【双11特惠】购机直降1500！限时抢购，APP办理>>', '节假日营销', 600000410036, 100996, '换机用户', 'APP推送', 'approved', 1320, 0.67, NOW(), NOW()),

-- 体验营销话术
(450327, '【7天体验】5G极速套餐7天免费体验！100GB流量+500分钟，回复Y领取>>【中国移动】', '体验营销', 600000410037, 100997, '潜在用户', '短信', 'approved', 1420, 0.68, NOW(), NOW()),
(450328, '【30天体验】千兆宽带30天免费体验！1000M光纤，回复Y预约>>【中国移动】', '体验营销', 600000410038, 100998, '潜在用户', '短信', 'approved', 1240, 0.65, NOW(), NOW()),
(450329, '【15天体验】视频会员15天免费体验！海量影视，回复Y领取>>【中国移动】', '体验营销', 600000410039, 100999, '潜在用户', '短信', 'approved', 1080, 0.62, NOW(), NOW()),
(450330, '您好！推荐5G极速套餐7天免费体验！100GB流量+500分钟，需要为您开通吗？', '体验营销', 600000410037, 100997, '潜在用户', '人工外呼', 'approved', 1120, 0.72, NOW(), NOW()),
(450331, '您好！推荐千兆宽带30天免费体验！1000M光纤，需要为您预约吗？', '体验营销', 600000410038, 100998, '潜在用户', '人工外呼', 'approved', 980, 0.69, NOW(), NOW()),
(450332, '您好！推荐视频会员15天免费体验！海量影视，需要为您开通吗？', '体验营销', 600000410039, 100999, '潜在用户', '人工外呼', 'approved', 880, 0.66, NOW(), NOW()),
(450333, '【7天体验】5G套餐免费！100GB+500分钟，网厅领取>>', '体验营销', 600000410037, 100997, '潜在用户', '网厅', 'approved', 1220, 0.69, NOW(), NOW()),
(450334, '【30天体验】千兆宽带免费！1000M，网厅预约>>', '体验营销', 600000410038, 100998, '潜在用户', '网厅', 'approved', 1080, 0.66, NOW(), NOW()),
(450335, '【15天体验】视频会员免费！海量影视，网厅领取>>', '体验营销', 600000410039, 100999, '潜在用户', '网厅', 'approved', 980, 0.63, NOW(), NOW()),

-- 交叉销售话术
(450336, '【套餐+宽带】129元享手机+1000M宽带！原价199+99，立省169元！回复Y办理>>【中国移动】', '交叉销售', 600000410040, 101000, '手机用户', '短信', 'approved', 1620, 0.70, NOW(), NOW()),
(450337, '【宽带+IPTV】加30元享IPTV会员！海量影视随心看，回复Y办理>>【中国移动】', '交叉销售', 600000410041, 101001, '宽带用户', '短信', 'approved', 1240, 0.66, NOW(), NOW()),
(450338, '【手机+会员】加10元享视频会员！热门影视随心看，回复Y办理>>【中国移动】', '交叉销售', 600000410042, 101002, '手机用户', '短信', 'approved', 1080, 0.63, NOW(), NOW()),
(450339, '您好！推荐套餐+宽带129元享手机+1000M宽带！原价199+99，立省169元，需要办理吗？', '交叉销售', 600000410040, 101000, '手机用户', '人工外呼', 'approved', 1320, 0.74, NOW(), NOW()),
(450340, '您好！推荐宽带+IPTV加30元享IPTV会员！海量影视随心看，需要办理吗？', '交叉销售', 600000410041, 101001, '宽带用户', '人工外呼', 'approved', 980, 0.70, NOW(), NOW()),
(450341, '您好！推荐手机+会员加10元享视频会员！热门影视随心看，需要办理吗？', '交叉销售', 600000410042, 101002, '手机用户', '人工外呼', 'approved', 880, 0.67, NOW(), NOW()),
(450342, '【套餐+宽带】129元手机+1000M！立省169，营业厅办理>>', '交叉销售', 600000410040, 101000, '手机用户', '营业厅', 'approved', 1420, 0.71, NOW(), NOW()),
(450343, '【宽带+IPTV】加30元IPTV！海量影视，营业厅办理>>', '交叉销售', 600000410041, 101001, '宽带用户', '营业厅', 'approved', 1080, 0.67, NOW(), NOW()),
(450344, '【手机+会员】加10元视频会员！热门影视，营业厅办理>>', '交叉销售', 600000410042, 101002, '手机用户', '营业厅', 'approved', 980, 0.64, NOW(), NOW()),

-- 流失预警话术
(450345, '【专属福利】检测到您即将离网，赠送50GB流量+200分钟！回复Y领取>>【中国移动】', '流失预警', 600000410043, 101003, '流失风险用户', '短信', 'approved', 1820, 0.73, NOW(), NOW()),
(450346, '【挽留优惠】为您保留原套餐优惠！月费不变，流量翻倍，回复Y确认>>【中国移动】', '流失预警', 600000410044, 101004, '流失风险用户', '短信', 'approved', 1620, 0.70, NOW(), NOW()),
(450347, '您好！检测到您有离网倾向，为您赠送50GB流量+200分钟专属福利！需要为您办理吗？', '流失预警', 600000410043, 101003, '流失风险用户', '人工外呼', 'approved', 1520, 0.77, NOW(), NOW()),
(450348, '您好！为您保留原套餐优惠，月费不变，流量翻倍！需要为您确认吗？', '流失预警', 600000410044, 101004, '流失风险用户', '人工外呼', 'approved', 1320, 0.74, NOW(), NOW()),
(450349, '【专属福利】50GB+200分钟！流失用户专享，人工外呼>>', '流失预警', 600000410043, 101003, '流失风险用户', '人工外呼', 'approved', 1620, 0.75, NOW(), NOW()),
(450350, '【挽留优惠】原套餐保留！流量翻倍，人工外呼>>', '流失预警', 600000410044, 101004, '流失风险用户', '人工外呼', 'approved', 1420, 0.72, NOW(), NOW()),

-- 其他新种类话术
(450351, '【信用购机】0元购机！信用分期，月供99元起，回复Y咨询>>【中国移动】', '信用购机', 600000410045, 101005, '信用良好用户', '短信', 'approved', 1420, 0.68, NOW(), NOW()),
(450352, '【积分兑换】1000积分兑10元话费！立即兑换，回复Y办理>>【中国移动】', '积分营销', 600000410046, 101006, '积分用户', '短信', 'approved', 2120, 0.75, NOW(), NOW()),
(450353, '【推荐有礼】推荐好友入网，双方各得50元话费！回复Y参与>>【中国移动】', '推荐营销', 600000410047, 101007, '活跃用户', '短信', 'approved', 1820, 0.72, NOW(), NOW()),
(450354, '【生日特权】生日月享双倍积分+专属流量包！回复Y领取>>【中国移动】', '生日营销', 600000410048, 101008, '生日用户', '短信', 'approved', 1620, 0.69, NOW(), NOW()),
(450355, '您好！推荐信用购机0元购机，信用分期月供99元起！需要咨询吗？', '信用购机', 600000410045, 101005, '信用良好用户', '人工外呼', 'approved', 1120, 0.72, NOW(), NOW()),
(450356, '您好！推荐积分兑换1000积分兑10元话费！需要为您办理吗？', '积分营销', 600000410046, 101006, '积分用户', '人工外呼', 'approved', 1680, 0.78, NOW(), NOW()),
(450357, '您好！推荐推荐有礼，推荐好友入网双方各得50元话费！需要参与吗？', '推荐营销', 600000410047, 101007, '活跃用户', '人工外呼', 'approved', 1420, 0.75, NOW(), NOW()),
(450358, '您好！提醒您生日月享双倍积分+专属流量包！需要为您领取吗？', '生日营销', 600000410048, 101008, '生日用户', '人工外呼', 'approved', 1220, 0.72, NOW(), NOW()),
(450359, '【信用购机】0元购机！月供99元，营业厅咨询>>', '信用购机', 600000410045, 101005, '信用良好用户', '营业厅', 'approved', 1220, 0.69, NOW(), NOW()),
(450360, '【积分兑换】1000积分兑10元！立即兑换，APP办理>>', '积分营销', 600000410046, 101006, '积分用户', 'APP推送', 'approved', 1780, 0.73, NOW(), NOW()),
(450361, '【推荐有礼】推荐好友得50元！双方各得，公众号参与>>', '推荐营销', 600000410047, 101007, '活跃用户', '公众号', 'approved', 1520, 0.70, NOW(), NOW()),
(450362, '【生日特权】生日月双倍积分！专属流量，短信提醒>>', '生日营销', 600000410048, 101008, '生日用户', '短信', 'approved', 1320, 0.67, NOW(), NOW()),

-- 更多新种类产品话术
(450363, '【云游戏会员】15元/月！热门游戏免下载即点即玩，回复Y办理>>【中国移动】', '云游戏激活', 600000410049, 101009, '游戏用户', '短信', 'approved', 980, 0.62, NOW(), NOW()),
(450364, '【云电脑】99元/月！随时随地云端办公，回复Y体验>>【中国移动】', '云电脑激活', 600000410050, 101010, '办公用户', '短信', 'approved', 780, 0.58, NOW(), NOW()),
(450365, '【和多号】5元/月！一卡多号，工作生活分开，回复Y办理>>【中国移动】', '和多号激活', 600000410051, 101011, '商务用户', '短信', 'approved', 880, 0.60, NOW(), NOW()),
(450366, '【和飞信】免费！高清视频通话+文件传输，回复Y开通>>【中国移动】', '和飞信激活', 600000410052, 101012, '社交用户', '短信', 'approved', 1080, 0.63, NOW(), NOW()),
(450367, '您好！推荐云游戏会员15元/月，热门游戏免下载即点即玩！需要开通吗？', '云游戏激活', 600000410049, 101009, '游戏用户', '人工外呼', 'approved', 780, 0.66, NOW(), NOW()),
(450368, '您好！推荐云电脑99元/月，随时随地云端办公！需要体验吗？', '云电脑激活', 600000410050, 101010, '办公用户', '人工外呼', 'approved', 580, 0.62, NOW(), NOW()),
(450369, '您好！推荐和多号5元/月，一卡多号工作生活分开！需要办理吗？', '和多号激活', 600000410051, 101011, '商务用户', '人工外呼', 'approved', 680, 0.64, NOW(), NOW()),
(450370, '您好！推荐和飞信免费，高清视频通话+文件传输！需要开通吗？', '和飞信激活', 600000410052, 101012, '社交用户', '人工外呼', 'approved', 880, 0.67, NOW(), NOW()),
(450371, '【云游戏】15元/月！免下载即玩，APP办理>>', '云游戏激活', 600000410049, 101009, '游戏用户', 'APP推送', 'approved', 880, 0.63, NOW(), NOW()),
(450372, '【云电脑】99元/月！云端办公，APP体验>>', '云电脑激活', 600000410050, 101010, '办公用户', 'APP推送', 'approved', 680, 0.59, NOW(), NOW()),
(450373, '【和多号】5元/月！一卡多号，APP办理>>', '和多号激活', 600000410051, 101011, '商务用户', 'APP推送', 'approved', 780, 0.61, NOW(), NOW()),
(450374, '【和飞信】免费！视频通话，APP开通>>', '和飞信激活', 600000410052, 101012, '社交用户', 'APP推送', 'approved', 980, 0.64, NOW(), NOW()),

-- 最后补充一些不同场景的话术
(450375, '【夜间流量包】10元享20GB夜间流量！23:00-7:00使用，回复Y办理>>【中国移动】', '夜间流量激活', 600000410053, 101013, '夜间用户', '短信', 'approved', 1240, 0.65, NOW(), NOW()),
(450376, '【周末流量包】15元享30GB周末流量！周六日使用，回复Y办理>>【中国移动】', '周末流量激活', 600000410054, 101014, '周末用户', '短信', 'approved', 1120, 0.63, NOW(), NOW()),
(450377, '【校园流量包】20元享50GB校园流量！校内使用，回复Y办理>>【中国移动】', '校园流量激活', 600000410055, 101015, '学生用户', '短信', 'approved', 1520, 0.69, NOW(), NOW()),
(450378, '【定向流量包】10元享20GB抖音流量！刷抖音专用，回复Y办理>>【中国移动】', '定向流量激活', 600000410056, 101016, '视频用户', '短信', 'approved', 1420, 0.67, NOW(), NOW()),
(450379, '您好！推荐夜间流量包10元享20GB！23:00-7:00使用，需要办理吗？', '夜间流量激活', 600000410053, 101013, '夜间用户', '人工外呼', 'approved', 980, 0.69, NOW(), NOW()),
(450380, '您好！推荐周末流量包15元享30GB！周六日使用，需要办理吗？', '周末流量激活', 600000410054, 101014, '周末用户', '人工外呼', 'approved', 880, 0.67, NOW(), NOW()),
(450381, '您好！推荐校园流量包20元享50GB！校内使用，需要办理吗？', '校园流量激活', 600000410055, 101015, '学生用户', '人工外呼', 'approved', 1280, 0.73, NOW(), NOW()),
(450382, '您好！推荐定向流量包10元享20GB抖音流量！需要办理吗？', '定向流量激活', 600000410056, 101016, '视频用户', '人工外呼', 'approved', 1180, 0.71, NOW(), NOW()),
(450383, '【夜间流量】10元20GB！23:00-7:00，APP办理>>', '夜间流量激活', 600000410053, 101013, '夜间用户', 'APP推送', 'approved', 1080, 0.66, NOW(), NOW()),
(450384, '【周末流量】15元30GB！周六日，APP办理>>', '周末流量激活', 600000410054, 101014, '周末用户', 'APP推送', 'approved', 980, 0.64, NOW(), NOW()),
(450385, '【校园流量】20元50GB！校内使用，校园推广>>', '校园流量激活', 600000410055, 101015, '学生用户', '校园推广', 'approved', 1380, 0.70, NOW(), NOW()),
(450386, '【定向流量】10元20GB抖音！定向免流，短信办理>>', '定向流量激活', 600000410056, 101016, '视频用户', '短信', 'approved', 1280, 0.68, NOW(), NOW()),

-- 最后几条补充话术
(450387, '【老用户专享】网龄5年以上用户享8折优惠！回复Y办理>>【中国移动】', '老用户激活', 600000410057, 101017, '老用户', '短信', 'approved', 1620, 0.70, NOW(), NOW()),
(450388, '【新用户专享】首月免费体验！次月起优惠，回复Y办理>>【中国移动】', '新用户激活', 600000410058, 101018, '新用户', '短信', 'approved', 1820, 0.73, NOW(), NOW()),
(450389, '【VIP用户专享】专属客服+优先办理+额外优惠！回复Y升级>>【中国移动】', 'VIP用户激活', 600000410059, 101019, '高价值用户', '短信', 'approved', 1240, 0.66, NOW(), NOW()),
(450390, '【沉默用户激活】赠送20GB流量唤醒！回复Y领取>>【中国移动】', '沉默用户激活', 600000410060, 101020, '沉默用户', '短信', 'approved', 1420, 0.68, NOW(), NOW()),
(450391, '您好！老用户专享，网龄5年以上享8折优惠！需要为您办理吗？', '老用户激活', 600000410057, 101017, '老用户', '人工外呼', 'approved', 1320, 0.74, NOW(), NOW()),
(450392, '您好！新用户专享，首月免费体验！次月起优惠，需要办理吗？', '新用户激活', 600000410058, 101018, '新用户', '人工外呼', 'approved', 1520, 0.77, NOW(), NOW()),
(450393, '您好！VIP用户专享，专属客服+优先办理+额外优惠！需要升级吗？', 'VIP用户激活', 600000410059, 101019, '高价值用户', '人工外呼', 'approved', 980, 0.70, NOW(), NOW()),
(450394, '您好！沉默用户激活，赠送20GB流量唤醒！需要为您领取吗？', '沉默用户激活', 600000410060, 101020, '沉默用户', '人工外呼', 'approved', 1120, 0.72, NOW(), NOW()),
(450395, '【老用户专享】网龄5年8折！营业厅办理>>', '老用户激活', 600000410057, 101017, '老用户', '营业厅', 'approved', 1420, 0.71, NOW(), NOW()),
(450396, '【新用户专享】首月免费！营业厅办理>>', '新用户激活', 600000410058, 101018, '新用户', '营业厅', 'approved', 1620, 0.74, NOW(), NOW()),
(450397, '【VIP用户专享】专属客服+优惠！10000号升级>>', 'VIP用户激活', 600000410059, 101019, '高价值用户', '10000号', 'approved', 1080, 0.67, NOW(), NOW()),
(450398, '【沉默用户】赠送20GB流量！电子外呼唤醒>>', '沉默用户激活', 600000410060, 101020, '沉默用户', '电子外呼', 'approved', 1220, 0.69, NOW(), NOW()),
(450399, '【老用户福利】网龄优惠！短信回复Y>>', '老用户激活', 600000410057, 101017, '老用户', '短信', 'approved', 1520, 0.70, NOW(), NOW()),
(450400, '【新用户福利】首月免费！短信回复Y>>', '新用户激活', 600000410058, 101018, '新用户', '短信', 'approved', 1720, 0.73, NOW(), NOW())
  ON CONFLICT DO NOTHING;

INSERT INTO execution_plans (id, strategy_id, audience_segment, channel, wave_count, wave_interval_hours, send_time_preference, actual_conversion_rate, actual_roi, usage_count, created_at) VALUES
-- 5G业务执行计划
(450201, 100961, '5G手机用户，未办理5G套餐', '短信', 2, 48, '下午14:00-16:00', 0.41, 2.65, 1550, NOW()),
(450202, 100962, '5G套餐用户，流量使用>80%', '短信', 2, 48, '流量超套提醒后', 0.38, 2.45, 1280, NOW()),
(450203, 100963, '年轻用户，18-30岁', '短信', 1, 0, '晚间19:00-21:00', 0.35, 2.25, 1150, NOW()),
(450204, 100961, '5G手机用户，未办理5G套餐', '人工外呼', 1, 0, '工作日上午9:30-11:30', 0.45, 2.85, 1250, NOW()),
(450205, 100962, '5G套餐用户，流量使用>80%', '人工外呼', 1, 0, '工作日下午14:00-17:00', 0.42, 2.65, 1050, NOW()),
(450206, 100963, '年轻用户，18-30岁', '人工外呼', 1, 0, '工作日晚间19:00-21:00', 0.39, 2.45, 950, NOW()),
(450207, 100961, '5G手机用户，未办理5G套餐', '网厅', 1, 0, '全天可办理', 0.40, 2.60, 1320, NOW()),
(450208, 100962, '5G套餐用户，流量使用>80%', '网厅', 1, 0, '全天可办理', 0.37, 2.40, 1080, NOW()),
(450209, 100963, '年轻用户，18-30岁', '网厅', 1, 0, '全天可办理', 0.34, 2.20, 980, NOW()),
(450210, 100961, '5G手机用户，未办理5G套餐', '营业厅', 1, 0, '工作日全天', 0.38, 2.50, 1180, NOW()),
(450211, 100962, '5G套餐用户，流量使用>80%', '营业厅', 1, 0, '工作日全天', 0.35, 2.30, 950, NOW()),
(450212, 100963, '年轻用户，18-30岁', '营业厅', 1, 0, '工作日全天', 0.32, 2.10, 850, NOW()),

-- 数字化权益执行计划
(450213, 100964, '视频用户，爱奇艺/优酷使用频繁', '短信', 2, 24, '晚间19:00-21:00', 0.44, 2.85, 1880, NOW()),
(450214, 100965, '拍照用户，相册照片>1000张', '短信', 1, 0, '下午14:00-16:00', 0.40, 2.65, 1540, NOW()),
(450215, 100966, '游戏用户，手游使用频繁', '短信', 2, 24, '晚间19:00-21:00', 0.38, 2.55, 1420, NOW()),
(450216, 100967, '阅读用户，电子书阅读频繁', '短信', 1, 0, '晚间19:00-21:00', 0.35, 2.35, 1280, NOW()),
(450217, 100964, '视频用户，爱奇艺/优酷使用频繁', '人工外呼', 1, 0, '工作日晚间19:00-21:00', 0.48, 3.05, 1580, NOW()),
(450218, 100965, '拍照用户，相册照片>1000张', '人工外呼', 1, 0, '工作日下午14:00-17:00', 0.44, 2.85, 1280, NOW()),
(450219, 100966, '游戏用户，手游使用频繁', '人工外呼', 1, 0, '工作日晚间19:00-21:00', 0.42, 2.75, 1180, NOW()),
(450220, 100967, '阅读用户，电子书阅读频繁', '人工外呼', 1, 0, '工作日晚间19:00-21:00', 0.39, 2.55, 1080, NOW()),
(450221, 100964, '视频用户，爱奇艺/优酷使用频繁', 'APP推送', 3, 12, '晚间活跃时段', 0.45, 2.90, 1680, NOW()),
(450222, 100965, '拍照用户，相册照片>1000张', 'APP推送', 2, 24, '用户活跃时段', 0.41, 2.70, 1380, NOW()),
(450223, 100966, '游戏用户，手游使用频繁', 'APP推送', 3, 12, '晚间活跃时段', 0.39, 2.60, 1280, NOW()),
(450224, 100967, '阅读用户，电子书阅读频繁', 'APP推送', 2, 24, '晚间活跃时段', 0.36, 2.40, 1180, NOW()),
(450225, 100964, '视频用户，爱奇艺/优酷使用频繁', '公众号', 1, 0, '每周三/五推送', 0.46, 2.95, 1780, NOW()),
(450226, 100965, '拍照用户，相册照片>1000张', '公众号', 1, 0, '每周三/五推送', 0.42, 2.75, 1480, NOW()),
(450227, 100966, '游戏用户，手游使用频繁', '公众号', 1, 0, '每周三/五推送', 0.40, 2.65, 1380, NOW()),
(450228, 100967, '阅读用户，电子书阅读频繁', '公众号', 1, 0, '每周三/五推送', 0.37, 2.45, 1280, NOW()),

-- 硬件产品执行计划
(450229, 100968, '换机用户，手机使用>2年', '短信', 2, 48, '下午14:00-16:00', 0.47, 3.05, 2120, NOW()),
(450230, 100969, '宽带用户，宽带速度<500M', '短信', 1, 0, '下午14:00-16:00', 0.43, 2.85, 1540, NOW()),
(450231, 100970, '健康用户，运动手环用户', '短信', 1, 0, '下午14:00-16:00', 0.39, 2.55, 1280, NOW()),
(450232, 100971, '智能家居用户，智能设备>3个', '短信', 1, 0, '晚间19:00-21:00', 0.36, 2.35, 1180, NOW()),
(450233, 100968, '换机用户，手机使用>2年', '人工外呼', 1, 0, '工作日上午9:30-11:30', 0.51, 3.25, 1820, NOW()),
(450234, 100969, '宽带用户，宽带速度<500M', '人工外呼', 1, 0, '工作日下午14:00-17:00', 0.47, 3.05, 1280, NOW()),
(450235, 100970, '健康用户，运动手环用户', '人工外呼', 1, 0, '工作日下午14:00-17:00', 0.43, 2.75, 1080, NOW()),
(450236, 100971, '智能家居用户，智能设备>3个', '人工外呼', 1, 0, '工作日晚间19:00-21:00', 0.40, 2.55, 980, NOW()),
(450237, 100968, '换机用户，手机使用>2年', '营业厅', 1, 0, '工作日全天', 0.48, 3.10, 1920, NOW()),
(450238, 100969, '宽带用户，宽带速度<500M', '营业厅', 1, 0, '工作日全天', 0.44, 2.90, 1380, NOW()),
(450239, 100970, '健康用户，运动手环用户', '营业厅', 1, 0, '工作日全天', 0.40, 2.60, 1180, NOW()),
(450240, 100971, '智能家居用户，智能设备>3个', '营业厅', 1, 0, '工作日全天', 0.37, 2.40, 1080, NOW()),

-- 国际业务执行计划
(450241, 100972, '出境用户，近3个月有出境记录', '短信', 2, 24, '出境前7天', 0.41, 2.65, 1720, NOW()),
(450242, 100973, '国际通话用户，国际通话>10分钟/月', '短信', 1, 0, '下午14:00-16:00', 0.38, 2.45, 1420, NOW()),
(450243, 100974, '港澳台用户，近3个月有港澳台通话', '短信', 1, 0, '下午14:00-16:00', 0.35, 2.25, 1280, NOW()),
(450244, 100972, '出境用户，近3个月有出境记录', '人工外呼', 1, 0, '工作日下午14:00-17:00', 0.45, 2.85, 1420, NOW()),
(450245, 100973, '国际通话用户，国际通话>10分钟/月', '人工外呼', 1, 0, '工作日下午14:00-17:00', 0.42, 2.65, 1180, NOW()),
(450246, 100974, '港澳台用户，近3个月有港澳台通话', '人工外呼', 1, 0, '工作日下午14:00-17:00', 0.39, 2.45, 1080, NOW()),
(450247, 100972, '出境用户，近3个月有出境记录', 'APP推送', 2, 24, '出境前7天', 0.42, 2.70, 1520, NOW()),
(450248, 100973, '国际通话用户，国际通话>10分钟/月', 'APP推送', 1, 0, '用户活跃时段', 0.39, 2.50, 1280, NOW()),
(450249, 100974, '港澳台用户，近3个月有港澳台通话', 'APP推送', 1, 0, '用户活跃时段', 0.36, 2.30, 1180, NOW()),
(450250, 100972, '出境用户，近3个月有出境记录', '网厅', 1, 0, '全天可办理', 0.40, 2.60, 1320, NOW()),
(450251, 100973, '国际通话用户，国际通话>10分钟/月', '网厅', 1, 0, '全天可办理', 0.37, 2.40, 1080, NOW()),
(450252, 100974, '港澳台用户，近3个月有港澳台通话', '网厅', 1, 0, '全天可办理', 0.34, 2.20, 980, NOW()),

-- 增值服务执行计划
(450253, 100975, '年轻用户，18-30岁', '短信', 2, 24, '晚间19:00-21:00', 0.43, 2.85, 1920, NOW()),
(450254, 100976, '商务用户，工作电话>50个/天', '短信', 1, 0, '工作日上午9:30-11:30', 0.40, 2.65, 1540, NOW()),
(450255, 100977, '所有用户', '短信', 1, 0, '上午10:00-11:30', 0.47, 3.05, 2420, NOW()),
(450256, 100978, '重要用户，重要联系人>20个', '短信', 1, 0, '工作日上午9:30-11:30', 0.38, 2.45, 1280, NOW()),
(450257, 100975, '年轻用户，18-30岁', '人工外呼', 1, 0, '工作日晚间19:00-21:00', 0.47, 3.05, 1620, NOW()),
(450258, 100976, '商务用户，工作电话>50个/天', '人工外呼', 1, 0, '工作日上午9:30-11:30', 0.44, 2.85, 1280, NOW()),
(450259, 100977, '所有用户', '人工外呼', 1, 0, '工作日上午9:30-11:30', 0.51, 3.25, 2120, NOW()),
(450260, 100978, '重要用户，重要联系人>20个', '人工外呼', 1, 0, '工作日上午9:30-11:30', 0.42, 2.65, 1080, NOW()),
(450261, 100975, '年轻用户，18-30岁', '公众号', 1, 0, '每周三/五推送', 0.44, 2.90, 1720, NOW()),
(450262, 100976, '商务用户，工作电话>50个/天', '公众号', 1, 0, '每周三/五推送', 0.41, 2.70, 1380, NOW()),
(450263, 100977, '所有用户', '公众号', 1, 0, '每周三/五推送', 0.48, 3.10, 2220, NOW()),
(450264, 100978, '重要用户，重要联系人>20个', '公众号', 1, 0, '每周三/五推送', 0.39, 2.50, 1180, NOW()),

-- 家庭业务执行计划
(450265, 100979, '家庭用户，家庭规模>=3', '短信', 2, 48, '下午14:00-16:00', 0.45, 2.95, 2120, NOW()),
(450266, 100980, '宽带用户，已办理宽带', '短信', 1, 0, '下午14:00-16:00', 0.41, 2.75, 1540, NOW()),
(450267, 100981, '大户型用户，房屋面积>100平米', '短信', 1, 0, '下午14:00-16:00', 0.38, 2.55, 1280, NOW()),
(450268, 100982, '中速宽带用户，宽带速度300M', '短信', 1, 0, '下午14:00-16:00', 0.35, 2.35, 1180, NOW()),
(450269, 100979, '家庭用户，家庭规模>=3', '人工外呼', 1, 0, '工作日下午14:00-17:00', 0.49, 3.15, 1820, NOW()),
(450270, 100980, '宽带用户，已办理宽带', '人工外呼', 1, 0, '工作日下午14:00-17:00', 0.45, 2.95, 1280, NOW()),
(450271, 100981, '大户型用户，房屋面积>100平米', '人工外呼', 1, 0, '工作日下午14:00-17:00', 0.42, 2.75, 1080, NOW()),
(450272, 100982, '中速宽带用户，宽带速度300M', '人工外呼', 1, 0, '工作日下午14:00-17:00', 0.39, 2.55, 980, NOW()),
(450273, 100979, '家庭用户，家庭规模>=3', '营业厅', 1, 0, '工作日全天', 0.46, 3.00, 1920, NOW()),
(450274, 100980, '宽带用户，已办理宽带', '营业厅', 1, 0, '工作日全天', 0.42, 2.80, 1380, NOW()),
(450275, 100981, '大户型用户，房屋面积>100平米', '营业厅', 1, 0, '工作日全天', 0.39, 2.60, 1180, NOW()),
(450276, 100982, '中速宽带用户，宽带速度300M', '营业厅', 1, 0, '工作日全天', 0.36, 2.40, 1080, NOW()),
(450277, 100979, '家庭用户，家庭规模>=3', '网厅', 1, 0, '全天可办理', 0.43, 2.85, 1720, NOW()),
(450278, 100980, '宽带用户，已办理宽带', '网厅', 1, 0, '全天可办理', 0.39, 2.65, 1280, NOW()),
(450279, 100981, '大户型用户，房屋面积>100平米', '网厅', 1, 0, '全天可办理', 0.36, 2.45, 1080, NOW()),
(450280, 100982, '中速宽带用户，宽带速度300M', '网厅', 1, 0, '全天可办理', 0.33, 2.25, 980, NOW()),

-- 集团业务执行计划
(450281, 100983, '企业客户，员工>50人', '短信', 1, 0, '工作日上午9:30-11:30', 0.32, 2.05, 880, NOW()),
(450282, 100984, '企业客户，有数据备份需求', '短信', 1, 0, '工作日上午9:30-11:30', 0.29, 1.85, 780, NOW()),
(450283, 100985, '物联网用户，智能设备>10个', '短信', 1, 0, '工作日上午9:30-11:30', 0.27, 1.65, 680, NOW()),
(450284, 100986, '企业客户，有企业形象需求', '短信', 1, 0, '工作日上午9:30-11:30', 0.25, 1.45, 580, NOW()),
(450285, 100983, '企业客户，员工>50人', '人工外呼', 1, 0, '工作日上午9:30-11:30', 0.36, 2.25, 780, NOW()),
(450286, 100984, '企业客户，有数据备份需求', '人工外呼', 1, 0, '工作日上午9:30-11:30', 0.33, 2.05, 680, NOW()),
(450287, 100985, '物联网用户，智能设备>10个', '人工外呼', 1, 0, '工作日上午9:30-11:30', 0.31, 1.85, 580, NOW()),
(450288, 100986, '企业客户，有企业形象需求', '人工外呼', 1, 0, '工作日上午9:30-11:30', 0.29, 1.65, 480, NOW()),
(450289, 100983, '企业客户，员工>50人', '沙盘', 1, 0, '客户经理跟进', 0.34, 2.15, 680, NOW()),
(450290, 100984, '企业客户，有数据备份需求', '沙盘', 1, 0, '客户经理跟进', 0.31, 1.95, 580, NOW()),
(450291, 100985, '物联网用户，智能设备>10个', '沙盘', 1, 0, '客户经理跟进', 0.29, 1.75, 480, NOW()),
(450292, 100986, '企业客户，有企业形象需求', '沙盘', 1, 0, '客户经理跟进', 0.27, 1.55, 380, NOW()),

-- 新型套餐执行计划
(450293, 100987, '家庭用户，家庭规模>=3', '短信', 2, 48, '下午14:00-16:00', 0.42, 2.75, 1720, NOW()),
(450294, 100988, '学生用户，在校学生', '短信', 1, 0, '晚间19:00-21:00', 0.46, 3.05, 2120, NOW()),
(450295, 100989, '老年用户，年龄>60岁', '短信', 1, 0, '上午10:00-11:30', 0.40, 2.65, 1540, NOW()),
(450296, 100990, '灵活用户，经常换套餐', '短信', 1, 0, '下午14:00-16:00', 0.38, 2.45, 1380, NOW()),
(450297, 100987, '家庭用户，家庭规模>=3', '人工外呼', 1, 0, '工作日下午14:00-17:00', 0.46, 2.95, 1420, NOW()),
(450298, 100988, '学生用户，在校学生', '人工外呼', 1, 0, '工作日晚间19:00-21:00', 0.50, 3.25, 1820, NOW()),
(450299, 100989, '老年用户，年龄>60岁', '人工外呼', 1, 0, '工作日上午9:30-11:30', 0.44, 2.85, 1280, NOW()),
(450300, 100990, '灵活用户，经常换套餐', '人工外呼', 1, 0, '工作日下午14:00-17:00', 0.42, 2.65, 1180, NOW()),
(450301, 100987, '家庭用户，家庭规模>=3', '营业厅', 1, 0, '工作日全天', 0.43, 2.80, 1520, NOW()),
(450302, 100988, '学生用户，在校学生', '营业厅', 1, 0, '工作日全天', 0.47, 3.10, 1920, NOW()),
(450303, 100989, '老年用户，年龄>60岁', '营业厅', 1, 0, '工作日全天', 0.41, 2.70, 1380, NOW()),
(450304, 100990, '灵活用户，经常换套餐', '营业厅', 1, 0, '工作日全天', 0.39, 2.50, 1280, NOW()),
(450305, 100987, '家庭用户，家庭规模>=3', '网厅', 1, 0, '全天可办理', 0.40, 2.65, 1320, NOW()),
(450306, 100988, '学生用户，在校学生', '网厅', 1, 0, '全天可办理', 0.44, 2.95, 1720, NOW()),
(450307, 100989, '老年用户，年龄>60岁', '网厅', 1, 0, '全天可办理', 0.38, 2.55, 1180, NOW()),
(450308, 100990, '灵活用户，经常换套餐', '网厅', 1, 0, '全天可办理', 0.36, 2.35, 1080, NOW()),

-- 续费提醒执行计划
(450309, 100991, '到期用户，套餐到期<7天', '短信', 3, 24, '到期前7天/3天/1天', 0.43, 2.85, 1920, NOW()),
(450310, 100992, '宽带到期用户，宽带到期<7天', '短信', 3, 24, '到期前7天/3天/1天', 0.40, 2.65, 1540, NOW()),
(450311, 100993, '会员到期用户，会员到期<7天', '短信', 3, 24, '到期前7天/3天/1天', 0.37, 2.45, 1280, NOW()),
(450312, 100991, '到期用户，套餐到期<7天', '人工外呼', 1, 0, '到期前7天', 0.47, 3.05, 1620, NOW()),
(450313, 100992, '宽带到期用户，宽带到期<7天', '人工外呼', 1, 0, '到期前7天', 0.44, 2.85, 1280, NOW()),
(450314, 100993, '会员到期用户，会员到期<7天', '人工外呼', 1, 0, '到期前7天', 0.41, 2.65, 1080, NOW()),
(450315, 100991, '到期用户，套餐到期<7天', '网厅', 1, 0, '全天可办理', 0.44, 2.90, 1720, NOW()),
(450316, 100992, '宽带到期用户，宽带到期<7天', '网厅', 1, 0, '全天可办理', 0.41, 2.70, 1380, NOW()),
(450317, 100993, '会员到期用户，会员到期<7天', '网厅', 1, 0, '全天可办理', 0.38, 2.50, 1180, NOW()),

-- 节假日营销执行计划
(450318, 100994, '所有用户', '短信', 1, 0, '春节前15天', 0.48, 3.15, 2420, NOW()),
(450319, 100995, '所有用户', '短信', 1, 0, '国庆前7天', 0.45, 2.95, 2120, NOW()),
(450320, 100996, '换机用户，手机使用>2年', '短信', 1, 0, '双11当天', 0.43, 2.85, 1920, NOW()),
(450321, 100994, '所有用户', '人工外呼', 1, 0, '春节前15天', 0.52, 3.35, 2120, NOW()),
(450322, 100995, '所有用户', '人工外呼', 1, 0, '国庆前7天', 0.49, 3.15, 1820, NOW()),
(450323, 100996, '换机用户，手机使用>2年', '人工外呼', 1, 0, '双11当天', 0.47, 3.05, 1620, NOW()),
(450324, 100994, '所有用户', 'APP推送', 2, 24, '春节前15天/7天', 0.49, 3.20, 2220, NOW()),
(450325, 100995, '所有用户', 'APP推送', 2, 24, '国庆前7天/3天', 0.46, 3.00, 1920, NOW()),
(450326, 100996, '换机用户，手机使用>2年', 'APP推送', 1, 0, '双11当天', 0.44, 2.90, 1720, NOW()),

-- 体验营销执行计划
(450327, 100997, '潜在用户，未办理5G套餐', '短信', 1, 0, '下午14:00-16:00', 0.42, 2.75, 1720, NOW()),
(450328, 100998, '潜在用户，未办理宽带', '短信', 1, 0, '下午14:00-16:00', 0.40, 2.65, 1540, NOW()),
(450329, 100999, '潜在用户，未办理视频会员', '短信', 1, 0, '晚间19:00-21:00', 0.38, 2.55, 1380, NOW()),
(450330, 100997, '潜在用户，未办理5G套餐', '人工外呼', 1, 0, '工作日下午14:00-17:00', 0.46, 2.95, 1420, NOW()),
(450331, 100998, '潜在用户，未办理宽带', '人工外呼', 1, 0, '工作日下午14:00-17:00', 0.44, 2.85, 1280, NOW()),
(450332, 100999, '潜在用户，未办理视频会员', '人工外呼', 1, 0, '工作日晚间19:00-21:00', 0.42, 2.75, 1180, NOW()),
(450333, 100997, '潜在用户，未办理5G套餐', '网厅', 1, 0, '全天可办理', 0.43, 2.80, 1520, NOW()),
(450334, 100998, '潜在用户，未办理宽带', '网厅', 1, 0, '全天可办理', 0.41, 2.70, 1380, NOW()),
(450335, 100999, '潜在用户，未办理视频会员', '网厅', 1, 0, '全天可办理', 0.39, 2.60, 1280, NOW()),

-- 交叉销售执行计划
(450336, 101000, '手机用户，未办理宽带', '短信', 2, 48, '下午14:00-16:00', 0.44, 2.90, 1920, NOW()),
(450337, 101001, '宽带用户，未办理IPTV', '短信', 1, 0, '下午14:00-16:00', 0.41, 2.70, 1540, NOW()),
(450338, 101002, '手机用户，未办理视频会员', '短信', 1, 0, '晚间19:00-21:00', 0.39, 2.55, 1380, NOW()),
(450339, 101000, '手机用户，未办理宽带', '人工外呼', 1, 0, '工作日下午14:00-17:00', 0.48, 3.10, 1620, NOW()),
(450340, 101001, '宽带用户，未办理IPTV', '人工外呼', 1, 0, '工作日下午14:00-17:00', 0.45, 2.95, 1280, NOW()),
(450341, 101002, '手机用户，未办理视频会员', '人工外呼', 1, 0, '工作日晚间19:00-21:00', 0.43, 2.80, 1180, NOW()),
(450342, 101000, '手机用户，未办理宽带', '营业厅', 1, 0, '工作日全天', 0.45, 2.95, 1720, NOW()),
(450343, 101001, '宽带用户，未办理IPTV', '营业厅', 1, 0, '工作日全天', 0.42, 2.80, 1380, NOW()),
(450344, 101002, '手机用户，未办理视频会员', '营业厅', 1, 0, '工作日全天', 0.40, 2.65, 1280, NOW()),

-- 流失预警执行计划
(450345, 101003, '流失风险用户，不活跃天数>30', '短信', 3, 24, '检测到流失风险后', 0.47, 3.05, 2120, NOW()),
(450346, 101004, '流失风险用户，不活跃天数>30', '短信', 3, 24, '检测到流失风险后', 0.44, 2.90, 1920, NOW()),
(450347, 101003, '流失风险用户，不活跃天数>30', '人工外呼', 1, 0, '检测到流失风险后', 0.51, 3.25, 1820, NOW()),
(450348, 101004, '流失风险用户，不活跃天数>30', '人工外呼', 1, 0, '检测到流失风险后', 0.48, 3.10, 1620, NOW()),
(450349, 101003, '流失风险用户，不活跃天数>30', '人工外呼', 1, 0, '检测到流失风险后', 0.49, 3.15, 1920, NOW()),
(450350, 101004, '流失风险用户，不活跃天数>30', '人工外呼', 1, 0, '检测到流失风险后', 0.46, 2.95, 1720, NOW()),

-- 其他新种类执行计划
(450351, 101005, '信用良好用户，芝麻信用>650', '短信', 1, 0, '下午14:00-16:00', 0.42, 2.75, 1720, NOW()),
(450352, 101006, '积分用户，积分>1000', '短信', 1, 0, '下午14:00-16:00', 0.48, 3.15, 2420, NOW()),
(450353, 101007, '活跃用户，月通话>100分钟', '短信', 1, 0, '下午14:00-16:00', 0.45, 2.95, 2120, NOW()),
(450354, 101008, '生日用户，生日当月', '短信', 1, 0, '生日当月第一天', 0.43, 2.85, 1920, NOW()),
(450355, 101005, '信用良好用户，芝麻信用>650', '人工外呼', 1, 0, '工作日下午14:00-17:00', 0.46, 2.95, 1420, NOW()),
(450356, 101006, '积分用户，积分>1000', '人工外呼', 1, 0, '工作日下午14:00-17:00', 0.52, 3.35, 2120, NOW()),
(450357, 101007, '活跃用户，月通话>100分钟', '人工外呼', 1, 0, '工作日下午14:00-17:00', 0.49, 3.15, 1820, NOW()),
(450358, 101008, '生日用户，生日当月', '人工外呼', 1, 0, '生日当月第一天', 0.47, 3.05, 1620, NOW()),
(450359, 101005, '信用良好用户，芝麻信用>650', '营业厅', 1, 0, '工作日全天', 0.43, 2.80, 1520, NOW()),
(450360, 101006, '积分用户，积分>1000', 'APP推送', 1, 0, '用户活跃时段', 0.49, 3.20, 2220, NOW()),
(450361, 101007, '活跃用户，月通话>100分钟', '公众号', 1, 0, '每周三/五推送', 0.46, 3.00, 1920, NOW()),
(450362, 101008, '生日用户，生日当月', '短信', 1, 0, '生日当月第一天', 0.44, 2.90, 1720, NOW()),

-- 云服务等新种类执行计划
(450363, 101009, '游戏用户，手游使用频繁', '短信', 1, 0, '晚间19:00-21:00', 0.38, 2.45, 1280, NOW()),
(450364, 101010, '办公用户，经常出差', '短信', 1, 0, '工作日上午9:30-11:30', 0.35, 2.25, 1080, NOW()),
(450365, 101011, '商务用户，工作电话>50个/天', '短信', 1, 0, '工作日上午9:30-11:30', 0.36, 2.35, 1180, NOW()),
(450366, 101012, '社交用户，微信使用频繁', '短信', 1, 0, '晚间19:00-21:00', 0.39, 2.55, 1380, NOW()),
(450367, 101009, '游戏用户，手游使用频繁', '人工外呼', 1, 0, '工作日晚间19:00-21:00', 0.42, 2.65, 1080, NOW()),
(450368, 101010, '办公用户，经常出差', '人工外呼', 1, 0, '工作日上午9:30-11:30', 0.39, 2.45, 880, NOW()),
(450369, 101011, '商务用户，工作电话>50个/天', '人工外呼', 1, 0, '工作日上午9:30-11:30', 0.40, 2.55, 980, NOW()),
(450370, 101012, '社交用户，微信使用频繁', '人工外呼', 1, 0, '工作日晚间19:00-21:00', 0.43, 2.75, 1180, NOW()),
(450371, 101009, '游戏用户，手游使用频繁', 'APP推送', 2, 24, '晚间活跃时段', 0.39, 2.50, 1180, NOW()),
(450372, 101010, '办公用户，经常出差', 'APP推送', 1, 0, '用户活跃时段', 0.36, 2.30, 980, NOW()),
(450373, 101011, '商务用户，工作电话>50个/天', 'APP推送', 1, 0, '用户活跃时段', 0.37, 2.40, 1080, NOW()),
(450374, 101012, '社交用户，微信使用频繁', 'APP推送', 2, 24, '晚间活跃时段', 0.40, 2.60, 1280, NOW()),

-- 时段流量包等执行计划
(450375, 101013, '夜间用户，23:00-7:00活跃', '短信', 1, 0, '晚间19:00-21:00', 0.40, 2.65, 1540, NOW()),
(450376, 101014, '周末用户，周末活跃度高', '短信', 1, 0, '周五下午14:00-16:00', 0.39, 2.55, 1420, NOW()),
(450377, 101015, '学生用户，在校学生', '短信', 1, 0, '晚间19:00-21:00', 0.44, 2.95, 1820, NOW()),
(450378, 101016, '视频用户，抖音使用频繁', '短信', 1, 0, '晚间19:00-21:00', 0.42, 2.85, 1720, NOW()),
(450379, 101013, '夜间用户，23:00-7:00活跃', '人工外呼', 1, 0, '工作日晚间19:00-21:00', 0.44, 2.85, 1280, NOW()),
(450380, 101014, '周末用户，周末活跃度高', '人工外呼', 1, 0, '周五下午14:00-17:00', 0.43, 2.75, 1180, NOW()),
(450381, 101015, '学生用户，在校学生', '人工外呼', 1, 0, '工作日晚间19:00-21:00', 0.48, 3.15, 1580, NOW()),
(450382, 101016, '视频用户，抖音使用频繁', '人工外呼', 1, 0, '工作日晚间19:00-21:00', 0.46, 3.05, 1480, NOW()),
(450383, 101013, '夜间用户，23:00-7:00活跃', 'APP推送', 1, 0, '晚间活跃时段', 0.41, 2.70, 1380, NOW()),
(450384, 101014, '周末用户，周末活跃度高', 'APP推送', 1, 0, '周五用户活跃时段', 0.40, 2.60, 1280, NOW()),
(450385, 101015, '学生用户，在校学生', '校园推广', 1, 0, '开学季9月', 0.45, 3.00, 1680, NOW()),
(450386, 101016, '视频用户，抖音使用频繁', '短信', 1, 0, '晚间19:00-21:00', 0.43, 2.90, 1580, NOW()),

-- 用户分层执行计划
(450387, 101017, '老用户，网龄>5年', '短信', 1, 0, '下午14:00-16:00', 0.44, 2.90, 1920, NOW()),
(450388, 101018, '新用户，入网<30天', '短信', 1, 0, '入网后7天', 0.47, 3.10, 2120, NOW()),
(450389, 101019, '高价值用户，ARPU>200', '短信', 1, 0, '下午14:00-16:00', 0.41, 2.75, 1540, NOW()),
(450390, 101020, '沉默用户，不活跃天数>60', '短信', 3, 48, '检测到沉默后', 0.42, 2.85, 1720, NOW()),
(450391, 101017, '老用户，网龄>5年', '人工外呼', 1, 0, '工作日下午14:00-17:00', 0.48, 3.10, 1620, NOW()),
(450392, 101018, '新用户，入网<30天', '人工外呼', 1, 0, '入网后7天', 0.51, 3.30, 1820, NOW()),
(450393, 101019, '高价值用户，ARPU>200', '人工外呼', 1, 0, '工作日下午14:00-17:00', 0.45, 2.95, 1280, NOW()),
(450394, 101020, '沉默用户，不活跃天数>60', '人工外呼', 1, 0, '检测到沉默后', 0.46, 3.05, 1420, NOW()),
(450395, 101017, '老用户，网龄>5年', '营业厅', 1, 0, '工作日全天', 0.45, 2.95, 1720, NOW()),
(450396, 101018, '新用户，入网<30天', '营业厅', 1, 0, '工作日全天', 0.48, 3.15, 1920, NOW()),
(450397, 101019, '高价值用户，ARPU>200', '10000号', 1, 0, '工作日全天', 0.42, 2.80, 1380, NOW()),
(450398, 101020, '沉默用户，不活跃天数>60', '电子外呼', 3, 48, '非休息时段', 0.43, 2.90, 1520, NOW()),
(450399, 101017, '老用户，网龄>5年', '短信', 1, 0, '下午14:00-16:00', 0.44, 2.90, 1820, NOW()),
(450400, 101018, '新用户，入网<30天', '短信', 1, 0, '入网后7天', 0.47, 3.10, 2020, NOW())
  ON CONFLICT DO NOTHING; 


INSERT INTO scripts (id, content, scenario, product_id, strategy_id, user_segment, channel, compliance_status, usage_count, avg_ctr, created_at, updated_at) VALUES
-- 安全服务话术（新种类）
(450401, '【移动安全管家】9.9元/月！病毒查杀+隐私保护+骚扰拦截，回复Y办理>>【中国移动】', '安全服务激活', 600000420001, 101021, '安全意识用户', '短信', 'approved', 1320, 0.65, NOW(), NOW()),
(450402, '【儿童守护】15元/月！上网管控+位置定位+应用限制，回复Y办理>>【中国移动】', '儿童安全激活', 600000420002, 101022, '家长用户', '短信', 'approved', 1580, 0.68, NOW(), NOW()),
(450403, '【老人关爱】10元/月！紧急呼叫+SOS定位+健康提醒，回复Y办理>>【中国移动】', '老人安全激活', 600000420003, 101023, '子女用户', '短信', 'approved', 1240, 0.63, NOW(), NOW()),
(450404, '【手机防盗】免费开通！远程锁定+数据擦除+位置追踪，回复Y办理>>【中国移动】', '防盗服务激活', 600000420004, 101024, '所有用户', '短信', 'approved', 1820, 0.71, NOW(), NOW()),
(450405, '您好！推荐移动安全管家9.9元/月，病毒查杀+隐私保护+骚扰拦截！需要开通吗？', '安全服务激活', 600000420001, 101021, '安全意识用户', '人工外呼', 'approved', 1080, 0.69, NOW(), NOW()),
(450406, '您好！推荐儿童守护15元/月，上网管控+位置定位+应用限制！需要开通吗？', '儿童安全激活', 600000420002, 101022, '家长用户', '人工外呼', 'approved', 1320, 0.72, NOW(), NOW()),
(450407, '您好！推荐老人关爱10元/月，紧急呼叫+SOS定位+健康提醒！需要开通吗？', '老人安全激活', 600000420003, 101023, '子女用户', '人工外呼', 'approved', 980, 0.67, NOW(), NOW()),
(450408, '您好！推荐手机防盗免费开通，远程锁定+数据擦除+位置追踪！需要开通吗？', '防盗服务激活', 600000420004, 101024, '所有用户', '人工外呼', 'approved', 1480, 0.75, NOW(), NOW()),

-- 健康服务话术（新种类）
(450409, '【健康管家】12元/月！在线问诊+健康档案+用药提醒，回复Y办理>>【中国移动】', '健康服务激活', 600000420005, 101025, '健康关注用户', '短信', 'approved', 1120, 0.62, NOW(), NOW()),
(450410, '【运动健康】8元/月！运动记录+健康分析+教练指导，回复Y办理>>【中国移动】', '运动健康激活', 600000420006, 101026, '运动用户', '短信', 'approved', 980, 0.59, NOW(), NOW()),
(450411, '【睡眠监测】6元/月！睡眠分析+改善建议+智能闹钟，回复Y办理>>【中国移动】', '睡眠健康激活', 600000420007, 101027, '睡眠问题用户', '短信', 'approved', 880, 0.56, NOW(), NOW()),
(450412, '【心理健康】10元/月！心理测评+在线咨询+情绪管理，回复Y办理>>【中国移动】', '心理健康激活', 600000420008, 101028, '压力大用户', '短信', 'approved', 1020, 0.60, NOW(), NOW()),
(450413, '您好！推荐健康管家12元/月，在线问诊+健康档案+用药提醒！需要开通吗？', '健康服务激活', 600000420005, 101025, '健康关注用户', '人工外呼', 'approved', 880, 0.66, NOW(), NOW()),
(450414, '您好！推荐运动健康8元/月，运动记录+健康分析+教练指导！需要开通吗？', '运动健康激活', 600000420006, 101026, '运动用户', '人工外呼', 'approved', 780, 0.63, NOW(), NOW()),
(450415, '您好！推荐睡眠监测6元/月，睡眠分析+改善建议+智能闹钟！需要开通吗？', '睡眠健康激活', 600000420007, 101027, '睡眠问题用户', '人工外呼', 'approved', 680, 0.60, NOW(), NOW()),
(450416, '您好！推荐心理健康10元/月，心理测评+在线咨询+情绪管理！需要开通吗？', '心理健康激活', 600000420008, 101028, '压力大用户', '人工外呼', 'approved', 820, 0.64, NOW(), NOW()),

-- 教育服务话术（新种类）
(450417, '【在线教育】15元/月！K12课程+名师辅导+题库练习，回复Y办理>>【中国移动】', '教育服务激活', 600000420009, 101029, '家长用户', '短信', 'approved', 1420, 0.66, NOW(), NOW()),
(450418, '【英语学习】12元/月！口语练习+词汇记忆+考试辅导，回复Y办理>>【中国移动】', '英语学习激活', 600000420010, 101030, '学生用户', '短信', 'approved', 1280, 0.64, NOW(), NOW()),
(450419, '【职业技能】18元/月！IT培训+考证辅导+就业指导，回复Y办理>>【中国移动】', '职业培训激活', 600000420011, 101031, '职场用户', '短信', 'approved', 1120, 0.62, NOW(), NOW()),
(450420, '【早教启蒙】10元/月！儿歌故事+认知训练+亲子游戏，回复Y办理>>【中国移动】', '早教服务激活', 600000420012, 101032, '幼儿家长', '短信', 'approved', 1240, 0.63, NOW(), NOW()),
(450421, '您好！推荐在线教育15元/月，K12课程+名师辅导+题库练习！需要开通吗？', '教育服务激活', 600000420009, 101029, '家长用户', '人工外呼', 'approved', 1120, 0.70, NOW(), NOW()),
(450422, '您好！推荐英语学习12元/月，口语练习+词汇记忆+考试辅导！需要开通吗？', '英语学习激活', 600000420010, 101030, '学生用户', '人工外呼', 'approved', 980, 0.68, NOW(), NOW()),
(450423, '您好！推荐职业技能18元/月，IT培训+考证辅导+就业指导！需要开通吗？', '职业培训激活', 600000420011, 101031, '职场用户', '人工外呼', 'approved', 880, 0.66, NOW(), NOW()),
(450424, '您好！推荐早教启蒙10元/月，儿歌故事+认知训练+亲子游戏！需要开通吗？', '早教服务激活', 600000420012, 101032, '幼儿家长', '人工外呼', 'approved', 980, 0.67, NOW(), NOW()),

-- 金融服务话术（新种类）
(450425, '【和包支付】免费开通！移动支付+转账+缴费，回复Y办理>>【中国移动】', '支付服务激活', 600000420013, 101033, '所有用户', '短信', 'approved', 1620, 0.69, NOW(), NOW()),
(450426, '【信用分】免费查询！芝麻信用+移动信用分，回复Y查询>>【中国移动】', '信用服务激活', 600000420014, 101034, '信用关注用户', '短信', 'approved', 1420, 0.67, NOW(), NOW()),
(450427, '【话费贷】最高500元！信用借款，30天免息，回复Y申请>>【中国移动】', '借贷服务激活', 600000420015, 101035, '信用良好用户', '短信', 'approved', 1280, 0.65, NOW(), NOW()),
(450428, '【保险服务】5元/月！意外险+医疗险，回复Y办理>>【中国移动】', '保险服务激活', 600000420016, 101036, '风险保障用户', '短信', 'approved', 1120, 0.63, NOW(), NOW()),
(450429, '您好！推荐和包支付免费开通，移动支付+转账+缴费！需要开通吗？', '支付服务激活', 600000420013, 101033, '所有用户', '人工外呼', 'approved', 1320, 0.73, NOW(), NOW()),
(450430, '您好！推荐信用分免费查询，芝麻信用+移动信用分！需要查询吗？', '信用服务激活', 600000420014, 101034, '信用关注用户', '人工外呼', 'approved', 1120, 0.71, NOW(), NOW()),
(450431, '您好！推荐话费贷最高500元，信用借款30天免息！需要申请吗？', '借贷服务激活', 600000420015, 101035, '信用良好用户', '人工外呼', 'approved', 980, 0.69, NOW(), NOW()),
(450432, '您好！推荐保险服务5元/月，意外险+医疗险！需要办理吗？', '保险服务激活', 600000420016, 101036, '风险保障用户', '人工外呼', 'approved', 880, 0.67, NOW(), NOW()),

-- 智慧生活话术（新种类）
(450433, '【智慧家居】20元/月！智能控制+场景联动+远程监控，回复Y办理>>【中国移动】', '智能家居激活', 600000420017, 101037, '科技爱好者', '短信', 'approved', 980, 0.60, NOW(), NOW()),
(450434, '【智慧出行】15元/月！停车导航+充电桩查询+违章提醒，回复Y办理>>【中国移动】', '智慧出行激活', 600000420018, 101038, '车主用户', '短信', 'approved', 1120, 0.62, NOW(), NOW()),
(450435, '【智慧办公】18元/月！云文档+视频会议+协同办公，回复Y办理>>【中国移动】', '智慧办公激活', 600000420019, 101039, '办公用户', '短信', 'approved', 1020, 0.61, NOW(), NOW()),
(450436, '【智慧社区】12元/月！门禁控制+物业通知+邻里社交，回复Y办理>>【中国移动】', '智慧社区激活', 600000420020, 101040, '社区用户', '短信', 'approved', 1240, 0.63, NOW(), NOW()),
(450437, '您好！推荐智慧家居20元/月，智能控制+场景联动+远程监控！需要开通吗？', '智能家居激活', 600000420017, 101037, '科技爱好者', '人工外呼', 'approved', 780, 0.64, NOW(), NOW()),
(450438, '您好！推荐智慧出行15元/月，停车导航+充电桩查询+违章提醒！需要开通吗？', '智慧出行激活', 600000420018, 101038, '车主用户', '人工外呼', 'approved', 880, 0.66, NOW(), NOW()),
(450439, '您好！推荐智慧办公18元/月，云文档+视频会议+协同办公！需要开通吗？', '智慧办公激活', 600000420019, 101039, '办公用户', '人工外呼', 'approved', 820, 0.65, NOW(), NOW()),
(450440, '您好！推荐智慧社区12元/月，门禁控制+物业通知+邻里社交！需要开通吗？', '智慧社区激活', 600000420020, 101040, '社区用户', '人工外呼', 'approved', 980, 0.67, NOW(), NOW()),

-- 内容服务话术（新种类）
(450441, '【音乐会员】8元/月！千万歌曲+无损音质+专属铃声，回复Y办理>>【中国移动】', '音乐服务激活', 600000420021, 101041, '音乐用户', '短信', 'approved', 1320, 0.65, NOW(), NOW()),
(450442, '【动漫会员】10元/月！热门动漫+独家番剧+高清画质，回复Y办理>>【中国移动】', '动漫服务激活', 600000420022, 101042, '动漫用户', '短信', 'approved', 1180, 0.63, NOW(), NOW()),
(450443, '【体育会员】12元/月！赛事直播+精彩回放+专业解说，回复Y办理>>【中国移动】', '体育服务激活', 600000420023, 101043, '体育用户', '短信', 'approved', 1240, 0.64, NOW(), NOW()),
(450444, '【财经资讯】6元/月！股市行情+财经新闻+投资分析，回复Y办理>>【中国移动】', '财经服务激活', 600000420024, 101044, '投资用户', '短信', 'approved', 980, 0.60, NOW(), NOW()),
(450445, '您好！推荐音乐会员8元/月，千万歌曲+无损音质+专属铃声！需要开通吗？', '音乐服务激活', 600000420021, 101041, '音乐用户', '人工外呼', 'approved', 1080, 0.69, NOW(), NOW()),
(450446, '您好！推荐动漫会员10元/月，热门动漫+独家番剧+高清画质！需要开通吗？', '动漫服务激活', 600000420022, 101042, '动漫用户', '人工外呼', 'approved', 920, 0.67, NOW(), NOW()),
(450447, '您好！推荐体育会员12元/月，赛事直播+精彩回放+专业解说！需要开通吗？', '体育服务激活', 600000420023, 101043, '体育用户', '人工外呼', 'approved', 980, 0.68, NOW(), NOW()),
(450448, '您好！推荐财经资讯6元/月，股市行情+财经新闻+投资分析！需要开通吗？', '财经服务激活', 600000420024, 101044, '投资用户', '人工外呼', 'approved', 780, 0.64, NOW(), NOW()),

-- 商务服务话术（新种类）
(450449, '【企业邮箱】20元/月！企业域名+10GB空间+反垃圾，回复Y办理>>【中国移动】', '企业邮箱激活', 600000420025, 101045, '企业客户', '短信', 'approved', 780, 0.55, NOW(), NOW()),
(450450, '【商务秘书】15元/月！来电转接+语音信箱+会议提醒，回复Y办理>>【中国移动】', '商务秘书激活', 600000420026, 101046, '商务用户', '短信', 'approved', 920, 0.58, NOW(), NOW()),
(450451, '【名片管理】8元/月！电子名片+客户管理+商务社交，回复Y办理>>【中国移动】', '名片服务激活', 600000420027, 101047, '商务用户', '短信', 'approved', 820, 0.56, NOW(), NOW()),
(450452, '【差旅服务】12元/月！机票酒店+行程管理+报销助手，回复Y办理>>【中国移动】', '差旅服务激活', 600000420028, 101048, '出差用户', '短信', 'approved', 880, 0.57, NOW(), NOW()),
(450453, '您好！推荐企业邮箱20元/月，企业域名+10GB空间+反垃圾！需要开通吗？', '企业邮箱激活', 600000420025, 101045, '企业客户', '人工外呼', 'approved', 620, 0.59, NOW(), NOW()),
(450454, '您好！推荐商务秘书15元/月，来电转接+语音信箱+会议提醒！需要开通吗？', '商务秘书激活', 600000420026, 101046, '商务用户', '人工外呼', 'approved', 720, 0.62, NOW(), NOW()),
(450455, '您好！推荐名片管理8元/月，电子名片+客户管理+商务社交！需要开通吗？', '名片服务激活', 600000420027, 101047, '商务用户', '人工外呼', 'approved', 680, 0.60, NOW(), NOW()),
(450456, '您好！推荐差旅服务12元/月，机票酒店+行程管理+报销助手！需要开通吗？', '差旅服务激活', 600000420028, 101048, '出差用户', '人工外呼', 'approved', 720, 0.61, NOW(), NOW()),

-- 环保公益话术（新种类）
(450457, '【绿色积分】免费参与！低碳行为赚积分，兑换话费，回复Y参与>>【中国移动】', '环保服务激活', 600000420029, 101049, '环保意识用户', '短信', 'approved', 1420, 0.66, NOW(), NOW()),
(450458, '【公益捐赠】1元起捐！支持教育/环保/扶贫，回复Y捐赠>>【中国移动】', '公益服务激活', 600000420030, 101050, '爱心用户', '短信', 'approved', 1280, 0.64, NOW(), NOW()),
(450459, '【碳足迹】免费查询！个人碳排放计算+减排建议，回复Y查询>>【中国移动】', '碳足迹服务激活', 600000420031, 101051, '环保关注用户', '短信', 'approved', 1120, 0.62, NOW(), NOW()),
(450460, '【绿色出行】免费开通！公交地铁+共享单车+步行记录，回复Y开通>>【中国移动】', '绿色出行激活', 600000420032, 101052, '环保出行用户', '短信', 'approved', 1240, 0.63, NOW(), NOW()),
(450461, '您好！推荐绿色积分免费参与，低碳行为赚积分兑换话费！需要参与吗？', '环保服务激活', 600000420029, 101049, '环保意识用户', '人工外呼', 'approved', 1120, 0.70, NOW(), NOW()),
(450462, '您好！推荐公益捐赠1元起捐，支持教育/环保/扶贫！需要捐赠吗？', '公益服务激活', 600000420030, 101050, '爱心用户', '人工外呼', 'approved', 980, 0.68, NOW(), NOW()),
(450463, '您好！推荐碳足迹免费查询，个人碳排放计算+减排建议！需要查询吗？', '碳足迹服务激活', 600000420031, 101051, '环保关注用户', '人工外呼', 'approved', 880, 0.66, NOW(), NOW()),
(450464, '您好！推荐绿色出行免费开通，公交地铁+共享单车+步行记录！需要开通吗？', '绿色出行激活', 600000420032, 101052, '环保出行用户', '人工外呼', 'approved', 980, 0.67, NOW(), NOW()),

-- 本地生活话术（新种类）
(450465, '【美食优惠】9.9元/月！餐厅折扣+外卖红包+美食推荐，回复Y办理>>【中国移动】', '美食服务激活', 600000420033, 101053, '美食用户', '短信', 'approved', 1320, 0.65, NOW(), NOW()),
(450466, '【电影票务】8元/月！电影折扣+优先选座+影评分享，回复Y办理>>【中国移动】', '电影服务激活', 600000420034, 101054, '电影用户', '短信', 'approved', 1180, 0.63, NOW(), NOW()),
(450467, '【旅游攻略】12元/月！景点门票+酒店优惠+行程规划，回复Y办理>>【中国移动】', '旅游服务激活', 600000420035, 101055, '旅游用户', '短信', 'approved', 1240, 0.64, NOW(), NOW()),
(450468, '【美容美发】10元/月！门店优惠+预约服务+美业资讯，回复Y办理>>【中国移动】', '美容服务激活', 600000420036, 101056, '美容用户', '短信', 'approved', 1120, 0.62, NOW(), NOW()),
(450469, '您好！推荐美食优惠9.9元/月，餐厅折扣+外卖红包+美食推荐！需要开通吗？', '美食服务激活', 600000420033, 101053, '美食用户', '人工外呼', 'approved', 1080, 0.69, NOW(), NOW()),
(450470, '您好！推荐电影票务8元/月，电影折扣+优先选座+影评分享！需要开通吗？', '电影服务激活', 600000420034, 101054, '电影用户', '人工外呼', 'approved', 920, 0.67, NOW(), NOW()),
(450471, '您好！推荐旅游攻略12元/月，景点门票+酒店优惠+行程规划！需要开通吗？', '旅游服务激活', 600000420035, 101055, '旅游用户', '人工外呼', 'approved', 980, 0.68, NOW(), NOW()),
(450472, '您好！推荐美容美发10元/月，门店优惠+预约服务+美业资讯！需要开通吗？', '美容服务激活', 600000420036, 101056, '美容用户', '人工外呼', 'approved', 880, 0.66, NOW(), NOW()),

-- 渠道多样化话术
(450473, '【安全管家】9.9元/月！病毒查杀+隐私保护，APP办理>>', '安全服务激活', 600000420001, 101021, '安全意识用户', 'APP推送', 'approved', 1180, 0.66, NOW(), NOW()),
(450474, '【健康管家】12元/月！在线问诊+健康档案，网厅办理>>', '健康服务激活', 600000420005, 101025, '健康关注用户', '网厅', 'approved', 980, 0.63, NOW(), NOW()),
(450475, '【在线教育】15元/月！K12课程+名师辅导，营业厅咨询>>', '教育服务激活', 600000420009, 101029, '家长用户', '营业厅', 'approved', 1280, 0.67, NOW(), NOW()),
(450476, '【和包支付】免费开通！移动支付+转账，公众号办理>>', '支付服务激活', 600000420013, 101033, '所有用户', '公众号', 'approved', 1480, 0.70, NOW(), NOW()),
(450477, '【智慧家居】20元/月！智能控制+场景联动，沙盘配置>>', '智能家居激活', 600000420017, 101037, '科技爱好者', '沙盘', 'approved', 880, 0.61, NOW(), NOW()),
(450478, '【音乐会员】8元/月！千万歌曲+无损音质，APP办理>>', '音乐服务激活', 600000420021, 101041, '音乐用户', 'APP推送', 'approved', 1180, 0.66, NOW(), NOW()),
(450479, '【企业邮箱】20元/月！企业域名+10GB空间，沙盘配置>>', '企业邮箱激活', 600000420025, 101045, '企业客户', '沙盘', 'approved', 680, 0.56, NOW(), NOW()),
(450480, '【绿色积分】免费参与！低碳行为赚积分，公众号参与>>', '环保服务激活', 600000420029, 101049, '环保意识用户', '公众号', 'approved', 1280, 0.67, NOW(), NOW()),
(450481, '【美食优惠】9.9元/月！餐厅折扣+外卖红包，APP办理>>', '美食服务激活', 600000420033, 101053, '美食用户', 'APP推送', 'approved', 1180, 0.66, NOW(), NOW()),
(450482, '【儿童守护】15元/月！上网管控+位置定位，营业厅办理>>', '儿童安全激活', 600000420002, 101022, '家长用户', '营业厅', 'approved', 1420, 0.69, NOW(), NOW()),
(450483, '【运动健康】8元/月！运动记录+健康分析，APP办理>>', '运动健康激活', 600000420006, 101026, '运动用户', 'APP推送', 'approved', 880, 0.60, NOW(), NOW()),
(450484, '【英语学习】12元/月！口语练习+词汇记忆，网厅办理>>', '英语学习激活', 600000420010, 101030, '学生用户', '网厅', 'approved', 1120, 0.65, NOW(), NOW()),
(450485, '【信用分】免费查询！芝麻信用+移动信用分，APP查询>>', '信用服务激活', 600000420014, 101034, '信用关注用户', 'APP推送', 'approved', 1280, 0.68, NOW(), NOW()),
(450486, '【智慧出行】15元/月！停车导航+充电桩查询，APP办理>>', '智慧出行激活', 600000420018, 101038, '车主用户', 'APP推送', 'approved', 980, 0.63, NOW(), NOW()),
(450487, '【动漫会员】10元/月！热门动漫+独家番剧，APP办理>>', '动漫服务激活', 600000420022, 101042, '动漫用户', 'APP推送', 'approved', 1080, 0.64, NOW(), NOW()),
(450488, '【商务秘书】15元/月！来电转接+语音信箱，营业厅办理>>', '商务秘书激活', 600000420026, 101046, '商务用户', '营业厅', 'approved', 820, 0.59, NOW(), NOW()),
(450489, '【公益捐赠】1元起捐！支持教育/环保/扶贫，公众号捐赠>>', '公益服务激活', 600000420030, 101050, '爱心用户', '公众号', 'approved', 1180, 0.65, NOW(), NOW()),
(450490, '【电影票务】8元/月！电影折扣+优先选座，APP办理>>', '电影服务激活', 600000420034, 101054, '电影用户', 'APP推送', 'approved', 1080, 0.64, NOW(), NOW()),
(450491, '【老人关爱】10元/月！紧急呼叫+SOS定位，营业厅办理>>', '老人安全激活', 600000420003, 101023, '子女用户', '营业厅', 'approved', 1120, 0.66, NOW(), NOW()),
(450492, '【睡眠监测】6元/月！睡眠分析+改善建议，APP办理>>', '睡眠健康激活', 600000420007, 101027, '睡眠问题用户', 'APP推送', 'approved', 780, 0.57, NOW(), NOW()),
(450493, '【职业技能】18元/月！IT培训+考证辅导，网厅办理>>', '职业培训激活', 600000420011, 101031, '职场用户', '网厅', 'approved', 980, 0.63, NOW(), NOW()),
(450494, '【话费贷】最高500元！信用借款30天免息，APP申请>>', '借贷服务激活', 600000420015, 101035, '信用良好用户', 'APP推送', 'approved', 1120, 0.66, NOW(), NOW()),
(450495, '【智慧办公】18元/月！云文档+视频会议，APP办理>>', '智慧办公激活', 600000420019, 101039, '办公用户', 'APP推送', 'approved', 920, 0.62, NOW(), NOW()),
(450496, '【体育会员】12元/月！赛事直播+精彩回放，APP办理>>', '体育服务激活', 600000420023, 101043, '体育用户', 'APP推送', 'approved', 1120, 0.65, NOW(), NOW()),
(450497, '【名片管理】8元/月！电子名片+客户管理，营业厅办理>>', '名片服务激活', 600000420027, 101047, '商务用户', '营业厅', 'approved', 720, 0.57, NOW(), NOW()),
(450498, '【碳足迹】免费查询！个人碳排放计算，APP查询>>', '碳足迹服务激活', 600000420031, 101051, '环保关注用户', 'APP推送', 'approved', 1020, 0.63, NOW(), NOW()),
(450499, '【旅游攻略】12元/月！景点门票+酒店优惠，APP办理>>', '旅游服务激活', 600000420035, 101055, '旅游用户', 'APP推送', 'approved', 1120, 0.65, NOW(), NOW()),
(450500, '【美容美发】10元/月！门店优惠+预约服务，APP办理>>', '美容服务激活', 600000420036, 101056, '美容用户', 'APP推送', 'approved', 1020, 0.64, NOW(), NOW())
 ON CONFLICT DO NOTHING; 

INSERT INTO execution_plans (id, strategy_id, audience_segment, channel, wave_count, wave_interval_hours, send_time_preference, actual_conversion_rate, actual_roi, usage_count, created_at) VALUES
-- 安全服务执行计划
(450401, 101021, '安全意识用户，安装安全软件', '短信', 2, 24, '下午14:00-16:00', 0.39, 2.55, 1620, NOW()),
(450402, 101022, '家长用户，有12岁以下子女', '短信', 1, 0, '晚间19:00-21:00', 0.42, 2.75, 1880, NOW()),
(450403, 101023, '子女用户，父母年龄>60岁', '短信', 1, 0, '上午10:00-11:30', 0.37, 2.45, 1540, NOW()),
(450404, 101024, '所有用户', '短信', 1, 0, '上午10:00-11:30', 0.45, 2.95, 2120, NOW()),
(450405, 101021, '安全意识用户，安装安全软件', '人工外呼', 1, 0, '工作日下午14:00-17:00', 0.43, 2.80, 1320, NOW()),
(450406, 101022, '家长用户，有12岁以下子女', '人工外呼', 1, 0, '工作日晚间19:00-21:00', 0.46, 3.00, 1620, NOW()),
(450407, 101023, '子女用户，父母年龄>60岁', '人工外呼', 1, 0, '工作日上午9:30-11:30', 0.41, 2.65, 1280, NOW()),
(450408, 101024, '所有用户', '人工外呼', 1, 0, '工作日上午9:30-11:30', 0.49, 3.15, 1820, NOW()),

-- 健康服务执行计划
(450409, 101025, '健康关注用户，健康类APP使用', '短信', 1, 0, '上午10:00-11:30', 0.36, 2.35, 1420, NOW()),
(450410, 101026, '运动用户，运动类APP使用', '短信', 1, 0, '晚间19:00-21:00', 0.34, 2.20, 1280, NOW()),
(450411, 101027, '睡眠问题用户，深夜活跃', '短信', 1, 0, '晚间21:00-22:00', 0.32, 2.05, 1180, NOW()),
(450412, 101028, '压力大用户，心理咨询搜索', '短信', 1, 0, '晚间19:00-21:00', 0.35, 2.25, 1320, NOW()),
(450413, 101025, '健康关注用户，健康类APP使用', '人工外呼', 1, 0, '工作日上午9:30-11:30', 0.40, 2.60, 1120, NOW()),
(450414, 101026, '运动用户，运动类APP使用', '人工外呼', 1, 0, '工作日晚间19:00-21:00', 0.38, 2.45, 1020, NOW()),
(450415, 101027, '睡眠问题用户，深夜活跃', '人工外呼', 1, 0, '工作日晚间21:00-22:00', 0.36, 2.30, 920, NOW()),
(450416, 101028, '压力大用户，心理咨询搜索', '人工外呼', 1, 0, '工作日晚间19:00-21:00', 0.39, 2.50, 1080, NOW()),

-- 教育服务执行计划
(450417, 101029, '家长用户，有学龄子女', '短信', 2, 48, '晚间19:00-21:00', 0.40, 2.65, 1720, NOW()),
(450418, 101030, '学生用户，18-25岁', '短信', 1, 0, '晚间19:00-21:00', 0.38, 2.50, 1580, NOW()),
(450419, 101031, '职场用户，25-45岁', '短信', 1, 0, '晚间19:00-21:00', 0.36, 2.35, 1420, NOW()),
(450420, 101032, '幼儿家长，有0-6岁子女', '短信', 1, 0, '晚间19:00-21:00', 0.37, 2.40, 1540, NOW()),
(450421, 101029, '家长用户，有学龄子女', '人工外呼', 1, 0, '工作日晚间19:00-21:00', 0.44, 2.85, 1420, NOW()),
(450422, 101030, '学生用户，18-25岁', '人工外呼', 1, 0, '工作日晚间19:00-21:00', 0.42, 2.70, 1280, NOW()),
(450423, 101031, '职场用户，25-45岁', '人工外呼', 1, 0, '工作日晚间19:00-21:00', 0.40, 2.55, 1180, NOW()),
(450424, 101032, '幼儿家长，有0-6岁子女', '人工外呼', 1, 0, '工作日晚间19:00-21:00', 0.41, 2.60, 1280, NOW()),

-- 金融服务执行计划
(450425, 101033, '所有用户', '短信', 1, 0, '下午14:00-16:00', 0.43, 2.80, 1920, NOW()),
(450426, 101034, '信用关注用户，征信查询', '短信', 1, 0, '下午14:00-16:00', 0.41, 2.65, 1720, NOW()),
(450427, 101035, '信用良好用户，芝麻信用>650', '短信', 1, 0, '下午14:00-16:00', 0.39, 2.55, 1580, NOW()),
(450428, 101036, '风险保障用户，保险购买历史', '短信', 1, 0, '下午14:00-16:00', 0.37, 2.40, 1420, NOW()),
(450429, 101033, '所有用户', '人工外呼', 1, 0, '工作日下午14:00-17:00', 0.47, 3.05, 1620, NOW()),
(450430, 101034, '信用关注用户，征信查询', '人工外呼', 1, 0, '工作日下午14:00-17:00', 0.45, 2.90, 1420, NOW()),
(450431, 101035, '信用良好用户，芝麻信用>650', '人工外呼', 1, 0, '工作日下午14:00-17:00', 0.43, 2.75, 1280, NOW()),
(450432, 101036, '风险保障用户，保险购买历史', '人工外呼', 1, 0, '工作日下午14:00-17:00', 0.41, 2.60, 1180, NOW()),

-- 智慧生活执行计划
(450433, 101037, '科技爱好者，智能设备>5个', '短信', 1, 0, '晚间19:00-21:00', 0.35, 2.25, 1280, NOW()),
(450434, 101038, '车主用户，有车一族', '短信', 1, 0, '下午14:00-16:00', 0.36, 2.35, 1420, NOW()),
(450435, 101039, '办公用户，企业邮箱使用', '短信', 1, 0, '工作日上午9:30-11:30', 0.35, 2.25, 1320, NOW()),
(450436, 101040, '社区用户，小区住户', '短信', 1, 0, '晚间19:00-21:00', 0.37, 2.40, 1540, NOW()),
(450437, 101037, '科技爱好者，智能设备>5个', '人工外呼', 1, 0, '工作日晚间19:00-21:00', 0.39, 2.50, 1080, NOW()),
(450438, 101038, '车主用户，有车一族', '人工外呼', 1, 0, '工作日下午14:00-17:00', 0.40, 2.55, 1180, NOW()),
(450439, 101039, '办公用户，企业邮箱使用', '人工外呼', 1, 0, '工作日上午9:30-11:30', 0.39, 2.50, 1120, NOW()),
(450440, 101040, '社区用户，小区住户', '人工外呼', 1, 0, '工作日晚间19:00-21:00', 0.41, 2.65, 1280, NOW()),

-- 内容服务执行计划
(450441, 101041, '音乐用户，音乐APP使用', '短信', 2, 24, '晚间19:00-21:00', 0.39, 2.55, 1620, NOW()),
(450442, 101042, '动漫用户，动漫APP使用', '短信', 1, 0, '晚间19:00-21:00', 0.37, 2.40, 1480, NOW()),
(450443, 101043, '体育用户，体育APP使用', '短信', 1, 0, '晚间19:00-21:00', 0.38, 2.45, 1540, NOW()),
(450444, 101044, '投资用户，股票APP使用', '短信', 1, 0, '上午10:00-11:30', 0.35, 2.25, 1280, NOW()),
(450445, 101041, '音乐用户，音乐APP使用', '人工外呼', 1, 0, '工作日晚间19:00-21:00', 0.43, 2.75, 1380, NOW()),
(450446, 101042, '动漫用户，动漫APP使用', '人工外呼', 1, 0, '工作日晚间19:00-21:00', 0.41, 2.60, 1220, NOW()),
(450447, 101043, '体育用户，体育APP使用', '人工外呼', 1, 0, '工作日晚间19:00-21:00', 0.42, 2.70, 1280, NOW()),
(450448, 101044, '投资用户，股票APP使用', '人工外呼', 1, 0, '工作日上午9:30-11:30', 0.39, 2.50, 1080, NOW()),

-- 商务服务执行计划
(450449, 101045, '企业客户，员工>10人', '短信', 1, 0, '工作日上午9:30-11:30', 0.32, 2.05, 980, NOW()),
(450450, 101046, '商务用户，工作电话>30个/天', '短信', 1, 0, '工作日上午9:30-11:30', 0.34, 2.15, 1120, NOW()),
(450451, 101047, '商务用户，商务社交活跃', '短信', 1, 0, '工作日上午9:30-11:30', 0.33, 2.10, 1020, NOW()),
(450452, 101048, '出差用户，月出差>2次', '短信', 1, 0, '工作日上午9:30-11:30', 0.34, 2.15, 1080, NOW()),
(450453, 101045, '企业客户，员工>10人', '人工外呼', 1, 0, '工作日上午9:30-11:30', 0.36, 2.25, 820, NOW()),
(450454, 101046, '商务用户，工作电话>30个/天', '人工外呼', 1, 0, '工作日上午9:30-11:30', 0.38, 2.35, 920, NOW()),
(450455, 101047, '商务用户，商务社交活跃', '人工外呼', 1, 0, '工作日上午9:30-11:30', 0.37, 2.30, 880, NOW()),
(450456, 101048, '出差用户，月出差>2次', '人工外呼', 1, 0, '工作日上午9:30-11:30', 0.38, 2.35, 920, NOW()),

-- 环保公益执行计划
(450457, 101049, '环保意识用户，环保APP使用', '短信', 1, 0, '下午14:00-16:00', 0.40, 2.65, 1720, NOW()),
(450458, 101050, '爱心用户，公益捐赠历史', '短信', 1, 0, '下午14:00-16:00', 0.38, 2.50, 1580, NOW()),
(450459, 101051, '环保关注用户，环保新闻阅读', '短信', 1, 0, '下午14:00-16:00', 0.36, 2.35, 1420, NOW()),
(450460, 101052, '环保出行用户，公交地铁使用', '短信', 1, 0, '上午10:00-11:30', 0.37, 2.40, 1540, NOW()),
(450461, 101049, '环保意识用户，环保APP使用', '人工外呼', 1, 0, '工作日下午14:00-17:00', 0.44, 2.85, 1420, NOW()),
(450462, 101050, '爱心用户，公益捐赠历史', '人工外呼', 1, 0, '工作日下午14:00-17:00', 0.42, 2.70, 1280, NOW()),
(450463, 101051, '环保关注用户，环保新闻阅读', '人工外呼', 1, 0, '工作日下午14:00-17:00', 0.40, 2.55, 1180, NOW()),
(450464, 101052, '环保出行用户，公交地铁使用', '人工外呼', 1, 0, '工作日上午9:30-11:30', 0.41, 2.60, 1280, NOW()),

-- 本地生活执行计划
(450465, 101053, '美食用户，外卖APP使用', '短信', 2, 24, '晚间19:00-21:00', 0.39, 2.55, 1620, NOW()),
(450466, 101054, '电影用户，影院购票历史', '短信', 1, 0, '周五下午14:00-16:00', 0.37, 2.40, 1480, NOW()),
(450467, 101055, '旅游用户，旅游APP使用', '短信', 1, 0, '晚间19:00-21:00', 0.38, 2.45, 1540, NOW()),
(450468, 101056, '美容用户，美容APP使用', '短信', 1, 0, '晚间19:00-21:00', 0.36, 2.35, 1420, NOW()),
(450469, 101053, '美食用户，外卖APP使用', '人工外呼', 1, 0, '工作日晚间19:00-21:00', 0.43, 2.75, 1380, NOW()),
(450470, 101054, '电影用户，影院购票历史', '人工外呼', 1, 0, '周五下午14:00-17:00', 0.41, 2.60, 1220, NOW()),
(450471, 101055, '旅游用户，旅游APP使用', '人工外呼', 1, 0, '工作日晚间19:00-21:00', 0.42, 2.70, 1280, NOW()),
(450472, 101056, '美容用户，美容APP使用', '人工外呼', 1, 0, '工作日晚间19:00-21:00', 0.40, 2.55, 1180, NOW()),

-- 多渠道执行计划
(450473, 101021, '安全意识用户，安装安全软件', 'APP推送', 2, 12, '用户活跃时段', 0.40, 2.60, 1480, NOW()),
(450474, 101025, '健康关注用户，健康类APP使用', '网厅', 1, 0, '全天可办理', 0.37, 2.40, 1280, NOW()),
(450475, 101029, '家长用户，有学龄子女', '营业厅', 1, 0, '工作日全天', 0.41, 2.65, 1580, NOW()),
(450476, 101033, '所有用户', '公众号', 1, 0, '每周三/五推送', 0.44, 2.85, 1780, NOW()),
(450477, 101037, '科技爱好者，智能设备>5个', '沙盘', 1, 0, '客户经理跟进', 0.36, 2.30, 980, NOW()),
(450478, 101041, '音乐用户，音乐APP使用', 'APP推送', 2, 12, '晚间活跃时段', 0.40, 2.60, 1480, NOW()),
(450479, 101045, '企业客户，员工>10人', '沙盘', 1, 0, '客户经理跟进', 0.33, 2.10, 780, NOW()),
(450480, 101049, '环保意识用户，环保APP使用', '公众号', 1, 0, '每周三/五推送', 0.41, 2.65, 1580, NOW()),
(450481, 101053, '美食用户，外卖APP使用', 'APP推送', 2, 12, '晚间活跃时段', 0.40, 2.60, 1480, NOW()),
(450482, 101022, '家长用户，有12岁以下子女', '营业厅', 1, 0, '工作日全天', 0.43, 2.75, 1720, NOW()),
(450483, 101026, '运动用户，运动类APP使用', 'APP推送', 1, 0, '用户活跃时段', 0.35, 2.25, 1180, NOW()),
(450484, 101030, '学生用户，18-25岁', '网厅', 1, 0, '全天可办理', 0.39, 2.50, 1420, NOW()),
(450485, 101034, '信用关注用户，征信查询', 'APP推送', 1, 0, '用户活跃时段', 0.42, 2.70, 1580, NOW()),
(450486, 101038, '车主用户，有车一族', 'APP推送', 1, 0, '用户活跃时段', 0.37, 2.40, 1280, NOW()),
(450487, 101042, '动漫用户，动漫APP使用', 'APP推送', 1, 0, '晚间活跃时段', 0.38, 2.45, 1380, NOW()),
(450488, 101046, '商务用户，工作电话>30个/天', '营业厅', 1, 0, '工作日全天', 0.35, 2.25, 920, NOW()),
(450489, 101050, '爱心用户，公益捐赠历史', '公众号', 1, 0, '每周三/五推送', 0.39, 2.50, 1480, NOW()),
(450490, 101054, '电影用户，影院购票历史', 'APP推送', 1, 0, '周五用户活跃时段', 0.38, 2.45, 1380, NOW()),
(450491, 101023, '子女用户，父母年龄>60岁', '营业厅', 1, 0, '工作日全天', 0.39, 2.50, 1420, NOW()),
(450492, 101027, '睡眠问题用户，深夜活跃', 'APP推送', 1, 0, '晚间活跃时段', 0.33, 2.15, 1080, NOW()),
(450493, 101031, '职场用户，25-45岁', '网厅', 1, 0, '全天可办理', 0.37, 2.40, 1280, NOW()),
(450494, 101035, '信用良好用户，芝麻信用>650', 'APP推送', 1, 0, '用户活跃时段', 0.40, 2.55, 1420, NOW()),
(450495, 101039, '办公用户，企业邮箱使用', 'APP推送', 1, 0, '工作日活跃时段', 0.36, 2.30, 1120, NOW()),
(450496, 101043, '体育用户，体育APP使用', 'APP推送', 1, 0, '晚间活跃时段', 0.39, 2.50, 1420, NOW()),
(450497, 101047, '商务用户，商务社交活跃', '营业厅', 1, 0, '工作日全天', 0.34, 2.20, 820, NOW()),
(450498, 101051, '环保关注用户，环保新闻阅读', 'APP推送', 1, 0, '用户活跃时段', 0.37, 2.40, 1320, NOW()),
(450499, 101055, '旅游用户，旅游APP使用', 'APP推送', 1, 0, '用户活跃时段', 0.39, 2.50, 1420, NOW()),
(450500, 101056, '美容用户，美容APP使用', 'APP推送', 1, 0, '晚间活跃时段', 0.38, 2.45, 1320, NOW())
 ON CONFLICT DO NOTHING; 

